FACILITYID,flood_risk,wildfire_risk,lst_avg,percent_tree_cover,flood_risk_pcntl,wildfire_risk_pcntl,lst_avg_pcntl,percent_tree_cover_pcntl,climate_score,mean_ozone,matched_fips,dist_to_tract_m,avg_pm25,pesticide_mean_kg,trafficProx,mean_ozone_pcntl,dist_to_tract_m_pcntl,avg_pm25_pcntl,pesticide_mean_kg_pcntl,trafficProx_pcntl,exposure_score,npl_prox,rmp_prox,haz_prox,npl_prox_pcntl,rmp_prox_pcntl,haz_prox_pcntl,effects_score,final_risk_score,final_risk_score_pcntl,OBJECTID,NAME,ADDRESS,CITY,STATE,ZIP,ZIP4,TELEPHONE,TYPE,STATUS,POPULATION,COUNTY,COUNTYFIPS,COUNTRY,NAICS_CODE,NAICS_DESC,SOURCE,SOURCEDATE,VAL_METHOD,VAL_DATE,WEBSITE,SECURELVL,CAPACITY,Shape__Are,Shape__Len,urban
10006510,0,736.7719298245614,41.676000000000016,0.7354999762739219,21.08076009501188,96.1890243902439,85.21046643913537,88.40653728294178,62.51687732789039,59.040000000000006,06073010015,3739,10.516666412353516,135.08335876464844,0,46.84959349593496,72.96747967479675,97.30691056910568,92.24489795918367,53.40447154471545,69.64657543195301,0.01071000098882802,10.152808874897758,5.657007212741859,9.75609756097561,99.4410569105691,92.27642276422763,44.73466664667042,58.966039802171274,90.65040650406505,277,OTAY MESA DETENTION CENTER,7488 CALZADA DE LA FUENTE,SAN DIEGO,CA,92154,-999,(619) 671-8750,FEDERAL,OPEN,1225,SAN DIEGO,06073,USA,922140,CORRECTIONAL INSTITUTIONS,https://www.ice.gov/detain/detention-management,2024-01-12,IMAGERY/OTHER,2024-02-01,https://www.ice.gov/detention-facility/otay-mesa-detention-center,MEDIUM,-999,5.945273415e-6,0.009919648527582,FALSE
10006179,0,106.55405405405403,46.57571428571431,0.01880252696991307,21.08076009501188,63.363821138211385,93.11717861205916,95.81205311542391,58.754941085678,65.2975,06019008303,4454,9.90666675567627,135.43685913085938,10.635407778822351,88.6178861788618,78.2520325203252,94.66463414634147,92.39795918367348,55.58943089430895,80.45848971564556,0.01946399607303673,0.6590494574445009,0.6645508438874621,29.979674796747968,71.03658536585365,69.20731707317073,52.822668373995086,64.01203305843954,96.64634146341463,1136,FCI MENDOTA,33500 WEST CALIFORNIA AVENUE,MENDOTA,CA,93640,-999,(559) 274-4000,FEDERAL,OPEN,957,FRESNO,06019,USA,922140,CORRECTIONAL INSTITUTIONS,https://www.bop.gov/locations/institutions/men/,2016-02-16,IMAGERY/OTHER,2024-01-12,https://www.bop.gov/locations/institutions/men/,MEDIUM,-999,2.0295643026e-5,0.019168648103917,FALSE
10000771,0.2414997837514293,180.8181818181818,18.27000000000004,71.25873084962898,23.75296912114014,75.96544715447155,0.17064846416382254,2.093973442288049,5.039087376656832,45.959,06015000203,9641,7.549999952316284,88.82683563232422,0,1.2703252032520325,92.98780487804879,46.1890243902439,79.13265306122449,53.40447154471545,29.686746880590714,0.01766476897414404,0.01515610955840872,0.03214826109963591,25.152439024390244,1.2703252032520325,12.804878048780488,7.4237525711721934,14.049862276139914,0.9654471544715447,1518,ALDER CONSERVATION CAMP #20,1400 ALDER CAMP ROAD,KLAMATH,CA,95548,-999,(707) 482-4511,STATE,OPEN,-999,DEL NORTE,06015,USA,922140,CORRECTIONAL INSTITUTIONS,http://www.cdcr.ca.gov/Conservation_Camps/,2017-10-25,IMAGERY/OTHER,2024-01-22,https://www.cdcr.ca.gov/facility-locator/conservation-camps/alder/,MINIMUM,-999,3.008128715e-6,0.008964251893894,FALSE
10005258,0,4214.166666666667,35.50000000000003,44.30830025622918,21.08076009501188,99.08536585365853,67.00796359499431,18.84576098059244,40.300364149191324,60.7115,06089012605,12118,8.449999809265137,12.903985023498535,0,61.78861788617886,95.27439024390245,76.57520325203252,20.51020408163265,53.40447154471545,54.7903511893399,0.5138174317011927,0.03887115014102559,0.04356246840249084,96.23983739837398,9.247967479674797,17.88617886178862,25.155883876019804,40.082199738183675,34.857723577235774,1608,SUGAR PINE CONSERVATION CAMP #9,15905 SUGAR PINE CAMP ROAD,BELLA VISTA,CA,96008,-999,(530) 472-3027,STATE,OPEN,-999,SHASTA,06089,USA,922140,CORRECTIONAL INSTITUTIONS,http://www.cdcr.ca.gov/Conservation_Camps/,2015-11-01,IMAGERY/OTHER,2015-11-01,http://www.cdcr.ca.gov/Conservation_Camps/,MINIMUM,-999,3.927066246e-6,0.007835076968071,FALSE
10005267,0,4294.092592592592,41.910000000000025,15.155182793988171,21.08076009501188,99.13617886178862,85.60864618885097,53.72829417773238,55.68135313338297,53.401,06021010300,25598,7.766666531562805,0.02050294168293476,0,6.605691056910569,97.91666666666666,53.91260162601627,5.510204081632653,53.40447154471545,25.248878642834637,0.01147497121779563,0.0264170847706923,0.1159535535204042,11.178861788617885,4.0650406504065035,39.53252032520325,12.156419004964631,31.028883593727414,11.33130081300813,1671,SALT CREEK CONSERVATION CAMP #7,10655 ROUND VALLEY ROAD,PASKENTA,CA,96074,-999,(530) 833-5497,STATE,OPEN,-999,TEHAMA,06103,USA,922140,CORRECTIONAL INSTITUTIONS,http://www.cdcr.ca.gov/Conservation_Camps/,2017-10-26,IMAGERY/OTHER,2017-10-26,http://www.cdcr.ca.gov/Conservation_Camps/,MINIMUM,-999,3.8021808e-6,0.008030218511061,FALSE
10005319,0.03538194491362421,92.69642857142856,47.37666666666669,0.00250737463126843,21.79334916864608,59.60365853658537,93.91353811149033,97.13993871297242,58.67197812444142,62.548,06027000200,9157,6.341666579246521,20.289663314819336,0,76.1178861788618,92.58130081300813,17.428861788617887,27.60204081632653,53.40447154471545,44.82905333682917,0.00787659753036395,0.02342063931405916,0.1667583313978458,4.776422764227642,3.0995934959349594,48.22154471544716,8.937503116567994,37.479511525946194,26.473577235772357,1674,OWENS VALLEY CONSERVATION CAMP #26,2781 SOUTH ROUND VALLEY ROAD,BISHOP,CA,93514,-999,(760) 387-2686,STATE,OPEN,-999,INYO,06027,USA,922140,CORRECTIONAL INSTITUTIONS,http://www.cdcr.ca.gov/Conservation_Camps/,2017-09-19,IMAGERY/OTHER,2024-02-26,http://www.cdcr.ca.gov/Conservation_Camps/,MINIMUM,-999,3.768608167e-6,0.008489470521429,FALSE
10005362,1.7977157686661531,9.607843137254902,37.43000000000001,1.6131830255099402,31.76959619952494,25.660569105691057,74.68714448236634,84.1164453524004,47.571975493220634,64.629,06111005205,2078,7.444444338480632,77.98394012451172,0,86.53455284552845,53.65853658536586,42.1239837398374,74.54081632653062,53.40447154471545,60.0158437576852,0.07277769511657207,0.4574080261518679,2.3695669697044948,71.84959349593495,66.46341463414635,84.5528455284553,73.91145147341969,60.49975690810851,93.4451219512195,1675,VENTURA CONSERVATION CAMP #46,2800 WRIGHT ROAD,CAMARILLO,CA,93010,-999,(805) 983-1332,STATE,OPEN,-999,VENTURA,06111,USA,922140,CORRECTIONAL INSTITUTIONS,http://www.cdcr.ca.gov/Conservation_Camps/,2024-02-27,IMAGERY/OTHER,2024-09-18,http://www.cdcr.ca.gov/Conservation_Camps/,MINIMUM,110,1.162351509e-6,0.004772934492508,FALSE
10005275,0,126.20408163265306,37.34000000000003,21.558788154632808,21.08076009501188,67.83536585365853,74.23208191126281,43.97344228804903,46.48160712632939,53.401,06021010300,19227,6.666666626930237,0.0301683247089386,0,6.605691056910569,97.5609756097561,22.713414634146343,5.76530612244898,53.40447154471545,21.417824874528275,0.01381311390800117,0.0240910667469688,0.07074160537298224,16.819105691056908,3.3028455284552845,29.115853658536583,11.738345731083188,26.54592591064695,6.046747967479675,1692,VALLEY VIEW CONSERVATION CAMP #34,3339 COUNTY ROAD 307,ELK CREEK,CA,95939,-999,(530) 968-5107,STATE,OPEN,107,GLENN,06021,USA,922140,CORRECTIONAL INSTITUTIONS,http://www.cdcr.ca.gov/Conservation_Camps/,2015-12-31,IMAGERY/OTHER,2019-11-25,http://www.cdcr.ca.gov/Conservation_Camps/,MINIMUM,115,1.761441581e-6,0.005355664708308,FALSE
10005263,27.540506403196336,121.48148148148148,45.79000000000002,0.24631617950001253,84.26365795724465,67.02235772357723,92.09328782707622,91.87946884576098,83.14317709804224,66.6245,06035040303,8538,12.791666746139526,24.069313049316406,0,91.92073170731707,92.02235772357723,99.49186991869918,33.92857142857143,53.40447154471545,68.65110368255344,0.00732296310916217,0.09834198987888251,0.09629707617662812,4.217479674796748,30.945121951219512,34.90853658536585,16.577751040917295,56.124010607170995,85.46747967479675,2354,ANTELOPE CONSERVATION CAMP #25,711-045 CENTER ROAD,SUSANVILLE,CA,96127,-999,(530) 257-2181,STATE,OPEN,-999,LASSEN,06035,USA,922140,CORRECTIONAL INSTITUTIONS,http://www.cdcr.ca.gov/Conservation_Camps/,2015-12-31,IMAGERY/OTHER,2024-01-22,https://www.cdcr.ca.gov/facility-locator/conservation-camps/antelope/,MINIMUM,-999,2.344619588e-6,0.007628873784976,FALSE
10000772,0,373.6621621621622,51.09037037037041,0,21.08076009501188,90.29471544715447,96.58703071672356,100,65.48123378222121,59.068,06035040600,2161,11.033333460489908,32.84891891479492,0,47.20528455284553,54.92886178861789,98.06910569105692,43.673469387755105,53.40447154471545,56.83603198456607,0.00825272408396156,0.03970747101525354,0.6980840045137213,5.182926829268292,9.654471544715447,69.46138211382113,15.147780442327305,45.82168206970486,55.386178861788615,2443,HERLONG FCI,741-925 ACCESS RD A-25,HERLONG,CA,96113,-999,(530) 827-8000,FEDERAL,OPEN,1354,LASSEN,06035,USA,922140,CORRECTIONAL INSTITUTIONS,https://www.bop.gov/locations/institutions/her/,2016-02-16,IMAGERY/OTHER,2024-01-12,https://www.bop.gov/locations/institutions/her/,MEDIUM,-999,2.1573842332e-5,0.018473807956341,FALSE
10000814,0,452.7592592592592,30.27000000000004,41.74710957541583,21.08076009501188,92.6321138211382,23.72013651877133,21.246169560776302,31.49643623719356,52.695,06087120400,2840,5.916666746139526,63.51584243774414,0,5.640243902439025,64.07520325203252,12.804878048780488,68.46938775510203,53.40447154471545,27.905350261641495,0.06689540958971105,0.05339415073060367,0.370391949863036,69.96951219512195,15.599593495934961,61.53455284552846,40.64873725466873,33.35017458450126,15.650406504065039,2654,BEN LOMOND CONSERVATION CAMP #45,13575 EMPIRE GRADE ROAD,SANTA CRUZ,CA,95060,-999,(831) 423-1652,STATE,OPEN,-999,SANTA CRUZ,06087,USA,922140,CORRECTIONAL INSTITUTIONS,http://www.cdcr.ca.gov/Conservation_Camps/,2017-10-25,IMAGERY/OTHER,2024-01-22,https://www.cdcr.ca.gov/facility-locator/conservation-camps/ben-lomond/,MINIMUM,-999,2.526811841e-6,0.008088745156009,FALSE
10002347,0,24.87912087912088,50.870000000000005,0,21.08076009501188,37.5,96.24573378839591,100,52.52000459282758,54.911,06025010101,2803,13.52857140132359,85.35237884521484,0,10.569105691056912,63.31300813008131,99.6951219512195,77.70408163265307,53.40447154471545,48.80286411620252,0.03351367819723133,0.24082747524670836,0.14149269013943977,49.796747967479675,56.45325203252033,44.359756097560975,49.96045274788804,50.42777381897272,70.47764227642277,2690,CALIPATRIA STATE PRISON (CAL),7018 BLAIR ROAD,CALIPATRIA,CA,92233,-999,(760) 348-7000,STATE,OPEN,-999,IMPERIAL,06025,USA,922140,CORRECTIONAL INSTITUTIONS,http://www.cdcr.ca.gov/Facilities_Locator/,2017-10-18,IMAGERY/OTHER,2024-01-22,https://www.cdcr.ca.gov/facility-locator/cal/,MAXIMUM,2308,4.4060501295e-5,0.031582597559486,FALSE
10002348,2.2029034370112925,1.9764705882352944,60.04908256880735,0,34.026128266033254,12.90650406504065,99.82935153583618,100,45.75829689757377,63.404,06025011100,10902,13.353333282470704,79.60826873779297,0,80.9451219512195,94.20731707317073,99.64430894308943,75.40816326530613,53.40447154471545,78.91231066413496,0.04013121216115221,0.07318136776267099,0.05133879677432816,54.77642276422764,23.01829268292683,21.1890243902439,29.894588417241014,51.52173199298325,73.83130081300813,2691,CENTINELA STATE PRISON (CEN),2302 BROWN ROAD,IMPERIAL,CA,92251,-999,(760) 337-7900,STATE,OPEN,-999,IMPERIAL,06025,USA,922140,CORRECTIONAL INSTITUTIONS,https://www.cdcr.ca.gov/facility-locator/,2017-10-18,IMAGERY/OTHER,2024-01-22,https://www.cdcr.ca.gov/facility-locator/cen/,MAXIMUM,2308,4.0836180688e-5,0.025932435401282,FALSE
10006310,0,96.91935483870968,53.83000000000004,0,21.08076009501188,60.82317073170732,98.52104664391354,100,59.617132711360064,78.0295,06071009129,2823,9.841666460037231,1.2801828384399414,72.05308407291493,99.1869918699187,63.66869918699187,94.3089430894309,8.46938775510204,73.06910569105692,51.67778330369036,0.12855238279599335,0.1349965852806863,13.000435837899923,82.41869918699187,38.922764227642276,97.30691056910568,67.83560539268933,59.71017380257992,92.22560975609755,2742,ADELANTO ICE PROCESSING CENTER,10400 RANCHO ROAD,ADELANTO,CA,92301,-999,(760) 561-6100,FEDERAL,OPEN,7,SAN BERNARDINO,06071,USA,922140,CORRECTIONAL INSTITUTIONS,https://www.ice.gov/detain/detention-management,2024-01-12,IMAGERY/OTHER,2024-02-01,https://www.geogroup.com/FacilityDetail/FacilityID/24,NOT AVAILABLE,1940,7.452930049e-6,0.016968058593536,FALSE
10005261,0,330.03846153846155,51.05000000000001,0,21.08076009501188,87.8048780487805,96.41638225255973,100,64.9963450286821,59.068,06035040600,2339,11.15833330154419,1.989157557487488,0,47.20528455284553,57.62195121951219,98.17073170731707,10.306122448979592,53.40447154471545,42.99784657050583,0.00824699012936693,0.03904876411173211,0.4435644502856842,5.132113821138211,9.298780487804878,64.27845528455285,14.529898112245608,40.84136323714451,37.39837398373984,2990,HERLONG FCI CAMP,741-925 ACCESS RD A-25,HERLONG,CA,96113,-999,(530) 827-8000,FEDERAL,OPEN,82,LASSEN,06035,USA,922140,CORRECTIONAL INSTITUTIONS,https://www.bop.gov/locations/institutions/her/,2016-02-16,IMAGERY/OTHER,2024-01-12,https://www.bop.gov/locations/institutions/her/,MINIMUM,-999,1.934995453e-6,0.006561040150684,FALSE
10006509,0,1.9322033898305084,52.8405555555556,0.01300060839448435,21.08076009501188,12.703252032520327,97.83845278725825,96.22063329928498,39.84691853397702,67.781,06025011903,1987,13.216666460037231,69.55924987792969,0,94.0548780487805,52.489837398373986,99.59349593495935,71.12244897959184,53.40447154471545,71.49149364885866,0.03850360458071747,0.1488043701147017,1.9159586338373755,53.55691056910569,41.71747967479675,82.21544715447155,56.84544461597954,56.06128559960507,85.36585365853658,3835,IMPERIAL REGIONAL DETENTION FACILITY,1572 GATEWAY ROAD,CALEXICO,CA,92231,-999,(760) 618-7200,FEDERAL,OPEN,625,IMPERIAL,06025,USA,922140,CORRECTIONAL INSTITUTIONS,https://www.ice.gov/detain/detention-management,2024-01-12,IMAGERY/OTHER,2024-02-01,https://www.mtctrains.com/facility/imperial-regional-detention-facility/,MAXIMUM,782,6.121708338e-6,0.00944943294548,FALSE
10002345,0,316.0659340659341,36.406578947368466,3.6873958443314137,21.08076009501188,86.99186991869918,70.64846416382252,76.20020429009193,56.05391469061398,51.724,06079011400,77,5.004166603088379,101.77571105957033,168.99740840206894,4.573170731707317,4.115853658536586,6.453252032520325,83.6734693877551,81.5040650406504,15.263165126125749,0.0265512563944729,0.04455880769691311,1.9995483420337627,43.140243902439025,11.585365853658537,82.52032520325203,34.5502419714735,35.289107262737744,19.867886178861788,5010,CALIFORNIA MEN'S COLONY (CMC),COLONY DRIVE,SAN LUIS OBISPO,CA,93409,-999,(805) 547-7900,STATE,OPEN,4102,SAN LUIS OBISPO,06079,USA,922140,CORRECTIONAL INSTITUTIONS,https://www.cdcr.ca.gov/facility-locator/,2017-10-18,IMAGERY/OTHER,2024-01-22,https://www.cdcr.ca.gov/facility-locator/cmc/,MEDIUM,3838,2.9127389098e-5,0.032668795534208,FALSE
10000852,0.01576433944856247,7.727272727272728,54.75270270270274,0.00214000271601057,21.49643705463183,22.815040650406505,98.80546075085324,97.34422880490297,46.6036274350716,71.134,06029006500,6639,6.074999928474426,0.01607623137533664,0,97.96747967479675,87.65243902439023,14.126016260162602,5.459183673469388,53.40447154471545,32.338077251334305,0.0379846893570506,0.1467223017391875,0.10665846603346422,53.40447154471545,41.107723577235774,37.703252032520325,43.580608202091135,40.840770962832345,37.34756097560975,5013,CALIFORNIA CITY CORRECTIONAL CENTER (CAC),22844 VIRGINIA BLVD,CALIFORNIA CITY,CA,93505,-999,(760) 246-7600,STATE,OPEN,-999,KERN,06029,USA,922140,CORRECTIONAL INSTITUTIONS,https://www.cdcr.ca.gov/facility-locator/,2017-10-18,IMAGERY/OTHER,2024-01-22,https://www.cdcr.ca.gov/facility-locator/cac/,MEDIUM,-999,1.2819878975e-5,0.013967048746176,FALSE
10000801,23.85658219769177,276.3448275862069,45.45789473684212,0.3878445499860312,80.9976247030879,84.60365853658537,91.6382252559727,90.70480081716038,86.87445490907335,70.402,06039000201,623,9.52222235997518,136.14291381835938,0,97.10365853658537,23.01829268292683,92.17479674796748,92.65306122448979,53.40447154471545,63.33906627585384,0.02601984203805148,0.3600460873934669,0.1630207334460489,42.073170731707314,63.00813008130082,47.459349593495936,50.10809267307835,66.77387128600185,97.8150406504065,5031,CENTRAL CALIFORNIA WOMEN'S FACILITY (CCFW),23370 ROAD 22,CHOWCHILLA,CA,93610,-999,(559) 665-5531,STATE,OPEN,-999,MADERA,06039,USA,922140,CORRECTIONAL INSTITUTIONS,https://www.cdcr.ca.gov/facility-locator/,2017-10-18,IMAGERY/OTHER,2024-01-22,https://www.cdcr.ca.gov/facility-locator/ccwf/,MAXIMUM,2004,4.5373069497e-5,0.024740936242377,FALSE
10002346,0,10.15,60.84298701298703,0,21.08076009501188,26.371951219512198,99.88623435722411,100,48.5437746042343,58.4865,06065981000,0,10.088888804117838,0.01104520540684461,0,40.7520325203252,2.388211382113821,96.1890243902439,5.153061224489796,53.40447154471545,19.15129281279008,0.01069055448373013,0.04762233475041985,0.20343306690764487,9.654471544715447,12.652439024390244,53.963414634146346,18.74997648942409,28.81501463548282,8.58739837398374,5038,CHUCKAWALLA VALLEY STATE PRISON (CVSP),19025 WILEY'S WELL ROAD,BLYTHE,CA,92225,-999,(760) 922-5300,STATE,OPEN,-999,RIVERSIDE,06065,USA,922140,CORRECTIONAL INSTITUTIONS,http://www.cdcr.ca.gov/Facilities_Locator/,2024-01-22,IMAGERY/OTHER,2024-01-22,https://www.cdcr.ca.gov/facility-locator/cvsp/,MEDIUM,1738,3.3251816376e-5,0.024164568980184,FALSE
10000869,1.194584967686676,415.4827586206897,40.90823529411766,0.9165758797868934,28.919239904988125,91.76829268292683,83.90216154721274,87.07865168539325,66.35766457496095,59.4745,06073010016,1928,11.22777764002482,135.08335876464844,0,51.32113821138211,51.42276422764228,98.32317073170732,92.24489795918367,53.40447154471545,66.27130306314855,0.01092850511091251,1.3900398961039282,5.196145364210567,10.111788617886178,82.92682926829268,91.61585365853658,42.510664315584336,58.37987731789794,89.88821138211382,5088,R J DONOVAN CORRECTIONAL FACILITY (RJD),480 ALTA ROAD,SAN DIEGO,CA,92179,-999,(619) 661-6500,STATE,OPEN,-999,SAN DIEGO,06073,USA,922140,CORRECTIONAL INSTITUTIONS,https://www.cdcr.ca.gov/research/reports-and-statistics-rjd/,2017-10-18,IMAGERY/OTHER,2024-02-26,http://www.cdcr.ca.gov/Facilities_Locator/,MAXIMUM,2992,3.9542574768e-5,0.032591226115028,FALSE
10002309,0,154.625,25.5243157894737,38.633280272642374,21.08076009501188,72.45934959349594,3.4698521046643913,24.514811031664966,18.985850328677614,42.536,06015000201,775,6.17083340883255,68.2530746459961,49.201877142321486,0.6097560975609756,27.489837398373986,15.396341463414634,70.61224489795919,68.54674796747967,16.5700014469056,0.01367542965682885,0.00948826170532048,0.4143920467687447,16.260162601626014,0.45731707317073167,62.90650406504065,7.762696677650906,14.43951615107804,1.1178861788617886,5091,PELICAN BAY STATE PRISON (PBSP),5905 LAKE EARL DRIVE,CRESCENT CITY,CA,95531,-999,(707) 465-1000,STATE,OPEN,-999,DEL NORTE,06015,USA,922140,CORRECTIONAL INSTITUTIONS,https://www.cdcr.ca.gov/research/reports-and-statistics-pbsp/,2017-10-18,IMAGERY/OTHER,2024-02-26,http://www.cdcr.ca.gov/Facilities_Locator/,MAXIMUM,2380,4.520842549e-5,0.030592942770013,FALSE
10000822,NA,24.142857142857142,32.844117647058845,0.01029495379046067,NA,37.042682926829265,47.610921501706486,96.32277834525026,55.3833652029534,55.544,06053010900,917,4.3416668176651,61.74838638305664,191.1213454692932,13.821138211382115,31.808943089430898,3.8109756097560976,67.8061224489796,82.52032520325203,24.796581465261422,0.03262847711721938,0.9979934111966604,0.1724666232726388,49.33943089430895,77.9979674796748,48.6280487804878,57.19895419786016,45.792966955358324,55.33536585365854,5092,GABILAN CONSERVATION CAMP #38,31801 MCCOY RD,SOLEDAD,CA,93960,-999,(831) 678-1873,STATE,OPEN,-999,MONTEREY,06053,USA,922140,CORRECTIONAL INSTITUTIONS,http://www.cdcr.ca.gov/Conservation_Camps/,2017-09-19,IMAGERY/OTHER,2017-09-19,http://www.cdcr.ca.gov/Conservation_Camps/,MINIMUM,-999,6.428602319e-6,0.010260438077687,FALSE
10000810,0,76.82926829268293,49.65056074766358,0.6094434538970958,21.08076009501188,55.79268292682927,95.62002275312855,89.0194075587334,56.25022494894911,66.204,06019007901,366,7.600000095367432,83.77217102050781,0,91.26016260162602,14.126016260162602,48.42479674796748,77.09183673469387,53.40447154471545,48.08293311840608,0.0983061889036988,0.8652539833135207,0.1827267453593754,77.84552845528455,75.71138211382113,50.30487804878049,66.6809300557605,57.004696041038564,87.7540650406504,5093,PLEASANT VALLEY STATE PRISON(PVSP),24863 WEST JAYNE AVENUE,COALINGA,CA,93210,-999,(559) 935-4900,STATE,OPEN,-999,FRESNO,06019,USA,922140,CORRECTIONAL INSTITUTIONS,https://www.cdcr.ca.gov/research/reports-and-statistics-pvsp/,2017-10-18,IMAGERY/OTHER,2024-02-26,http://www.cdcr.ca.gov/Facilities_Locator/,MAXIMUM,2308,4.2541160383e-5,0.024730834483694,FALSE
10000802,29.83460960795409,280.22352941176473,44.14344827586209,0.6918422531564379,85.92636579572446,84.95934959349594,89.81797497155858,88.66189989785495,87.3191458667318,70.402,06039000201,940,9.516666730244957,122.46867370605467,0,97.10365853658537,32.52032520325203,92.1239837398374,89.89795918367346,53.40447154471545,67.45561831607405,0.02672803976162554,0.2601861728998201,0.16632739856662557,43.44512195121951,58.13008130081301,48.170731707317074,49.549780096451826,68.10818142641922,98.119918699187,5094,VALLEY STATE PRISON (VSP),21633 AVENUE 24,CHOWCHILLA,CA,93610,-999,(559) 665-6100,STATE,OPEN,-999,MADERA,06039,USA,922140,CORRECTIONAL INSTITUTIONS,https://www.cdcr.ca.gov/research/reports-and-statistics-vsp/,2017-10-18,IMAGERY/OTHER,2024-02-26,http://www.cdcr.ca.gov/Facilities_Locator/,MEDIUM,1980,4.5276113269e-5,0.024751956468418,FALSE
10005251,0,246.11320754716985,47.27000000000004,1.757750207035576,21.08076009501188,82.01219512195121,93.79977246871445,83.60572012257406,60.68070526524191,56.298,06049000100,10031,6.608333349227905,17.594341278076172,0,19.61382113821138,93.39430894308943,21.544715447154474,24.285714285714285,53.40447154471545,34.82012917051495,0.01263330643030138,0.0925163909480479,0.088671425836881,13.770325203252032,29.369918699186993,33.485772357723576,23.836130466926043,39.778988300894305,33.6890243902439,5095,DEVILS GARDEN CONSERVATION CAMP #40,2300 COUNTY ROAD 74,ALTURAS,CA,96101,-999,(530) 233-3553,STATE,OPEN,114,MODOC,06049,USA,922140,CORRECTIONAL INSTITUTIONS,http://www.cdcr.ca.gov/Conservation_Camps/,2016-08-01,IMAGERY/OTHER,2024-02-27,http://www.cdcr.ca.gov/Conservation_Camps/,MINIMUM,-999,2.097767265e-6,0.005624459269535,FALSE
10000858,0,35561.82456140351,47.73000000000002,8.428142783328958,21.08076009501188,99.94918699186992,94.36860068259386,65.1685393258427,59.99744530349238,71.533,06065044402,8449,4.0749998688697815,34.50223159790039,0,98.119918699187,91.71747967479675,3.1504065040650406,45.714285714285715,53.40447154471545,36.98631716404841,0.01956381888822813,0.05926573668954145,0.17986594983750237,30.284552845528456,18.191056910569106,49.4410569105691,30.08769708833448,42.35715318529176,42.53048780487805,5098,BAUTISTA CONSERVATION CAMP #36,33015 BAUTISTA CANYON ROAD,HEMET,CA,92544,-999,(951) 927-3600,STATE,OPEN,-999,RIVERSIDE,06065,USA,922140,CORRECTIONAL INSTITUTIONS,http://www.cdcr.ca.gov/Conservation_Camps/,2017-09-19,IMAGERY/OTHER,2024-01-22,https://www.cdcr.ca.gov/facility-locator/conservation-camps/bautista/,MINIMUM,-999,4.721222012e-6,0.008443685299049,FALSE
10005248,17.66174127767315,7390.944444444444,37.75000000000003,27.790115144861133,73.45605700712589,99.4410569105691,75.59726962457339,36.77221654749744,67.12817121761938,56.742999999999995,06093000600,7573,9.20666675567627,29.527956008911133,0,22.76422764227642,90.34552845528455,89.88821138211382,40.20408163265306,53.40447154471545,52.449580364324,0.02407528892169234,0.05724428197600034,0.12458560237523209,39.22764227642276,17.276422764227643,41.5650406504065,30.426926092716133,50.001559224886506,69.25813008130082,5108,DEADWOOD CONSERVATION CAMP #23,17148 MCADAMS CREEK ROAD,FORT JONES,CA,96032,-999,(530) 468-2633,STATE,OPEN,-999,SISKIYOU,06093,USA,922140,CORRECTIONAL INSTITUTIONS,http://www.cdcr.ca.gov/Conservation_Camps/,2015-07-01,IMAGERY/OTHER,2024-01-22,https://www.cdcr.ca.gov/facility-locator/conservation-camps/deadwood/,MINIMUM,-999,3.78787945e-6,0.007986519464282,FALSE
10000904,0,4885.267857142857,37.520909090909115,29.56312671612808,21.08076009501188,99.1869918699187,75.0853242320819,34.93360572012257,48.39325840961554,86.4,06037930301,7916,7.519999885559082,0.04150158911943436,0,99.84756097560977,90.8028455284553,45.172764227642276,6.071428571428571,53.40447154471545,42.13436174478694,0.04759176532654068,0.08512329841877228,0.08350635215102614,60.416666666666664,27.184959349593495,32.01219512195122,37.462805822267384,42.663475325556625,43.69918699186992,5111,JULIUS KLEIN CONSERVATION CAMP #19,EAST FORK ROAD,AZUSA,CA,91702,-999,(626) 910-1213,STATE,OPEN,-999,LOS ANGELES,06037,USA,922140,CORRECTIONAL INSTITUTIONS,https://www.cdcr.ca.gov/facility-locator/conservation-camps/,2017-09-19,IMAGERY/OTHER,2024-01-22,https://www.cdcr.ca.gov/facility-locator/conservation-camps/julius-klein/,MINIMUM,-999,3.494937346e-6,0.008256365987274,FALSE
10005252,6.5047019020807975,199.6153846153846,32.150000000000034,52.058266379129414,50.29691211401425,77.64227642276423,41.581342434584755,12.002042900919307,37.36356576215406,41.4875,06023011501,4572,9.966666460037231,2.1195051670074463,0,0.10162601626016261,78.96341463414635,95.42682926829268,10.816326530612246,53.40447154471545,13.463306890122563,0.00953224960689523,0.01931621093361202,0.0846361234068998,7.520325203252034,2.1341463414634148,32.36788617886179,8.038809158307448,19.62189393686136,1.9817073170731707,5112,EEL RIVER CONSERVATION CAMP #31,3850 REDWOOD DRIVE,REDWAY,CA,95560,-999,(707) 923-2755,STATE,OPEN,-999,HUMBOLDT,06023,USA,922140,CORRECTIONAL INSTITUTIONS,https://www.cdcr.ca.gov/facility-locator/conservation-camps/eel-river/,2016-04-18,IMAGERY/OTHER,2024-02-09,http://www.cdcr.ca.gov/Conservation_Camps/,MINIMUM,-999,1.969832283e-6,0.005668488062551,FALSE
10005290,0,3793.892857142858,35.35923076923078,42.5710552274228,21.08076009501188,98.98373983739837,66.1547212741752,20.17364657814096,40.85063804190843,67.5395,06017030606,4611,7.141666769981384,23.02299118041992,0,93.34349593495935,79.11585365853658,33.079268292682926,32.39795918367347,53.40447154471545,53.11286763632861,0.02729071617999701,0.06328103690906349,0.34268309642539796,44.3089430894309,19.96951219512195,60.61991869918699,37.713027595887205,43.89217775804141,47.8150406504065,5116,GROWLERSBURG CONSERVATION CAMP #33,5440 LONGVIEW LANE,GEORGETOWN,CA,95634,-999,(530) 333-4244,STATE,OPEN,-999,EL DORADO,06017,USA,922140,CORRECTIONAL INSTITUTIONS,http://www.cdcr.ca.gov/Conservation_Camps/,2017-09-19,IMAGERY/OTHER,2024-02-23,http://www.cdcr.ca.gov/Conservation_Camps/,MINIMUM,-999,5.357639566e-6,0.009018732437848,FALSE
10000905,0,132.76271186440678,38.49000000000001,24.585555954663267,21.08076009501188,69.10569105691057,77.0193401592719,40.296220633299285,46.112221723830885,60.321,06037800406,2192,4.858333468437195,15.603776931762695,0,58.4349593495935,55.487804878048784,5.84349593495935,21.93877551020408,53.40447154471545,29.46229736673049,0.03364514950122912,0.16889721570517746,0.15445178451440875,49.94918699186992,45.68089430894309,46.34146341463415,47.28727144340946,40.95393017799028,37.855691056910565,5117,MALIBU CONSERVATION CAMP #13,1250 SOUTH ENCINAL CANYON ROAD,MALIBU,CA,90265,-999,(310) 457-2253,STATE,OPEN,-999,LOS ANGELES,06037,USA,922140,CORRECTIONAL INSTITUTIONS,http://www.cdcr.ca.gov/Conservation_Camps/,2015-11-13,IMAGERY/OTHER,2024-01-22,https://www.cdcr.ca.gov/facility-locator/conservation-camps/malibu/,MINIMUM,-999,3.850311259e-6,0.009408618174844,FALSE
10005305,0,648.241935483871,39.7447368421053,13.483464246965562,21.08076009501188,95.68089430894308,80.65984072810012,56.12870275791624,54.97161095161645,68.725,06043000101,5751,5.950000047683716,5.021709442138672,0,94.96951219512195,84.7560975609756,13.160569105691057,15.306122448979592,53.40447154471545,38.68071799989806,0.02182076314582193,0.02631183161842485,0.1259105784301978,35.46747967479675,4.014227642276423,42.073170731707314,18.16125499151187,37.27119464767546,25.914634146341463,5121,MOUNT BULLION CONSERVATION CAMP #39,5730 MOUNT BULLION ACCESS ROAD,MARIPOSA,CA,95338,-999,(209) 742-5494,STATE,OPEN,-999,MARIPOSA,06043,USA,922140,CORRECTIONAL INSTITUTIONS,http://www.cdcr.ca.gov/Conservation_Camps/,2017-09-19,IMAGERY/OTHER,2024-02-26,http://www.cdcr.ca.gov/Conservation_Camps/,MINIMUM,110,8.710451311e-6,0.011683883781582,FALSE
10002310,5.599112897580003,280.0888888888889,49.03724409448821,0.15222121392516053,47.86223277909738,84.90853658536585,95.44937428896473,93.10520939734423,77.52162081828463,66.6245,06035040303,7528,12.32777770360311,24.069311141967773,0,91.92073170731707,90.29471544715447,99.23780487804879,33.87755102040816,53.40447154471545,68.33583683503221,0.00734563283248848,0.10656387177272736,0.10358801981606504,4.2682926829268295,32.418699186991866,36.890243902439025,17.218174347098156,54.35854400013833,80.9959349593496,5124,HIGH DESERT STATE PRISON (HDSP),475-750 RICE CANYON ROAD,SUSANVILLE,CA,96127,-999,(530) 251-5100,STATE,OPEN,-999,LASSEN,06035,USA,922140,CORRECTIONAL INSTITUTIONS,https://www.cdcr.ca.gov/research/population-reports-2/,2017-10-18,IMAGERY/OTHER,2024-02-26,http://www.cdcr.ca.gov/Facilities_Locator/,MAXIMUM,-999,5.3186849527e-5,0.030992201484076,FALSE
10000878,0,340.62068965517244,48.98000000000002,0.08377000178820074,21.08076009501188,88.5670731707317,95.27872582480092,94.22880490296221,63.985938704799736,67.245,06073021102,8024,4.583333253860474,70.216583251953125,0,92.73373983739837,91.0060975609756,4.67479674796748,71.58163265306122,53.40447154471545,43.22052562736804,0.01380449004403293,0.01660205508489829,0.430721978373204,16.76829268292683,1.676829268292683,63.5670731707317,12.135843549290747,39.78076929381951,33.739837398373986,5125,MCCAIN VALLEY CONSERVATION CAMP #21,2550 MCCAIN VALLEY ROAD,BOULEVARD,CA,91905,-999,(619) 766-4393,STATE,OPEN,85,SAN DIEGO,06073,USA,922140,CORRECTIONAL INSTITUTIONS,http://www.cdcr.ca.gov/Conservation_Camps/,2017-09-19,IMAGERY/OTHER,2024-02-27,http://www.cdcr.ca.gov/Conservation_Camps/,MINIMUM,100,5.415024134e-6,0.010213609437189,FALSE
10000855,0,215.82456140350877,36.45000000000002,3.1677224918880644,21.08076009501188,79.0650406504065,70.93287827076223,77.52808988764045,55.0230116855612,51.724,06079011400,2921,5.119999885559082,99.49309539794922,362.8612995063353,4.573170731707317,64.9390243902439,7.367886178861789,82.8061224489796,88.51626016260163,27.607705760495207,0.02779527030603628,0.03954023192567096,0.5917092365440683,44.766260162601625,9.603658536585366,67.78455284552845,30.773206653362344,37.801308033139584,27.134146341463417,5127,CUESTA CONSERVATION CAMP #24,635 N. SANTA ROSA STREET,SAN LUIS OBISPO,CA,93405,-999,(805) 547-7971,STATE,OPEN,-999,SAN LUIS OBISPO,06079,USA,922140,CORRECTIONAL INSTITUTIONS,http://www.cdcr.ca.gov/Conservation_Camps/,2024-01-22,IMAGERY/OTHER,2019-11-25,https://www.cdcr.ca.gov/facility-locator/conservation-camps/cuesta/,MINIMUM,100,4.257921773e-6,0.008807998658005,FALSE
10006204,1.0461375097188927,380.3703703703704,42.64000000000004,6.203869197509445,27.969121140142516,90.4979674796748,87.5995449374289,70.07150153217569,62.782734843421395,82.261,06037104124,1862,7.766666889190674,0.8296018838882446,0,99.6951219512195,51.016260162601625,54.014227642276424,8.061224489795919,53.40447154471545,41.169336435364194,0.06880143382426293,0.19497782208848863,1.565768377847867,70.78252032520325,50,80.1321138211382,65.7003286421006,56.55079997362873,86.78861788617887,5129,HOLTON CONSERVATION CAMP #16,12653 N. LITTLE TUJUNGA CANYON ROAD,SYLMAR,CA,91342,-999,(818) 897-7071,STATE,OPEN,-999,LOS ANGELES,06037,USA,922140,CORRECTIONAL INSTITUTIONS,https://www.cdcr.ca.gov/facility-locator/conservation-camps/,2017-09-19,IMAGERY/OTHER,2024-01-22,https://www.cdcr.ca.gov/facility-locator/conservation-camps/holton/,MINIMUM,-999,2.232554152e-6,0.006887255943901,FALSE
10000789,6.127154669721754,746.8983050847457,45.305000000000035,7.5811314478711855,49.287410926365794,96.29065040650406,91.46757679180887,66.64964249233913,73.34090772439177,61.8965,06109985202,3370,7.241666674613953,33.78244400024414,0,71.79878048780488,69.3089430894309,36.1280487804878,44.642857142857146,53.40447154471545,53.26183082760444,0.02421267981546916,0.1421382958716396,0.4560733368976956,39.53252032520325,40.040650406504064,64.98983739837398,46.8561957707175,57.8196447742379,88.97357723577237,5130,BASELINE CONSERVATION CAMP #30,16809 PEORIA FLAT ROAD,JAMESTOWN,CA,95327,-999,(209) 984-4464,STATE,OPEN,100,TUOLUMNE,06109,USA,922140,CORRECTIONAL INSTITUTIONS,http://www.cdcr.ca.gov/Conservation_Camps/,2017-09-19,IMAGERY/OTHER,2017-09-19,http://www.cdcr.ca.gov/Conservation_Camps/,MINIMUM,119,6.10024108e-6,0.01004625521008,FALSE
10000774,0,304.03636363636366,31.890000000000043,32.36709644193898,21.08076009501188,86.1788617886179,39.249146757679185,32.073544433094995,38.88803948219434,57.45,06089012702,29244,7.983333349227905,26.355030059814453,0,30.132113821138212,98.06910569105692,60.416666666666664,37.04081632653061,53.40447154471545,51.23837515836149,0.01199537143145238,0.02018462931008247,0.05372992421203176,12.195121951219512,2.2357723577235773,22.052845528455283,8.440330546876117,32.855581729143985,14.43089430894309,5131,INTERMOUNTAIN CONSERVATION CAMP #22,651-025 FOOTHILL RD,BIEBER,CA,96009,-999,(530) 294-5361,STATE,OPEN,-999,LASSEN,06035,USA,922140,CORRECTIONAL INSTITUTIONS,https://www.cdcr.ca.gov/facility-locator/conservation-camps/,2016-05-25,IMAGERY/OTHER,2024-01-22,https://www.cdcr.ca.gov/facility-locator/conservation-camps/intermountain/,MINIMUM,-999,3.336827376e-6,0.00687937682955,FALSE
10005328,0,2298.927272727273,34.43000000000001,41.0587672456214,21.08076009501188,98.78048780487805,60.238907849829346,21.80796731358529,40.668900133883774,97.046,06071010804,2155,6.699999928474426,34.329185485839844,0,100,54.87804878048781,23.3739837398374,45.51020408163266,53.40447154471545,49.976237956106196,0.05667888382055146,0.9722689968214262,0.15373926643044947,65.04065040650406,77.4390243902439,46.1890243902439,61.50274681591349,50.715961635301156,71.34146341463415,5132,PILOT ROCK CONSERVATION FIRE CAMP #15,P.O. BOX 10,CRESTLINE,CA,92325,-999,(909) 338-1950,STATE,OPEN,67,SAN BERNARDINO,06071,USA,922140,CORRECTIONAL INSTITUTIONS,http://www.cdcr.ca.gov/Conservation_Camps/,2017-09-19,IMAGERY/OTHER,2024-02-27,http://www.cdcr.ca.gov/Conservation_Camps/,MINIMUM,80,3.118940185e-6,0.007271299163878,FALSE
10000901,6.5668241527090885,6435.271186440678,38.21000000000003,29.773621864274325,50.5938242280285,99.33943089430895,76.67804323094425,34.52502553626149,60.39570446252152,78.282,06037911001,10913,3.883333206176758,34.51310348510742,0,99.28861788617887,94.35975609756098,2.7439024390243905,45.765306122448976,53.40447154471545,36.27720229940069,0.02611647039647813,0.05020735185113455,0.05435161828412817,42.22560975609756,13.821138211382115,22.35772357723577,23.542311801890975,40.07173952127106,34.80691056910569,5133,FENNER CANYON CONSERVATION CAMP #41,25900 BIG ROCK CREEK ROAD,VALYERMO,CA,93563,-999,(661) 944-0173,STATE,OPEN,-999,LOS ANGELES,06037,USA,922140,CORRECTIONAL INSTITUTIONS,https://www.cdcr.ca.gov/facility-locator/conservation-camps/fenner-canyon/,2017-09-19,IMAGERY/OTHER,2024-02-09,http://www.cdcr.ca.gov/Conservation_Camps/,MINIMUM,136,3.875115908e-6,0.010003508976223,FALSE
10005264,0,1207.4363636363637,47.950000000000045,13.664493292751663,21.08076009501188,97.66260162601627,94.76678043230945,55.87334014300307,57.46042435389645,63.542,06103000100,13501,8.933333396911621,0.18902570009231567,0,81.60569105691057,95.88414634146342,86.1280487804878,7.142857142857142,53.40447154471545,48.0852955276727,0.0203894973453806,0.03791275170010338,0.0397969899689069,32.113821138211385,8.892276422764228,16.615853658536587,16.803865591916924,40.78319515782869,37.19512195121951,5134,ISHI CONSERVATION CAMP #18,30500 PLUM CREEK ROAD,PAYNES CREEK,CA,96075,-999,(530) 597-2846,STATE,OPEN,-999,TEHAMA,06103,USA,922140,CORRECTIONAL INSTITUTIONS,https://www.cdcr.ca.gov/facility-locator/conservation-camps/,2015-11-01,IMAGERY/OTHER,2024-01-22,https://www.cdcr.ca.gov/facility-locator/conservation-camps/ishi/,MINIMUM,-999,3.950319751e-6,0.007989545841935,FALSE
10005324,0,1244.830188679245,32.37000000000003,32.57377893730563,21.08076009501188,97.71341463414635,43.344709897610926,31.76710929519918,41.03822454789129,78.032,06107002702,15838,7.049999833106995,29.731515884399418,0,99.23780487804879,96.6971544715447,30.48780487804878,40.30612244897959,53.40447154471545,57.52188749144417,0.01131947155129642,0.03349735399556323,0.09506702793431591,10.772357723577237,6.554878048780488,34.70528455284553,13.48208303336991,37.34739835756846,26.270325203252032,5139,MOUNTAIN HOME CONSERVATION CAMP #10,45260 BEAR CREEK RD,SPRINGVILLE,CA,93265,-999,(559) 539-2334,STATE,OPEN,-999,TULARE,06107,USA,922140,CORRECTIONAL INSTITUTIONS,https://www.cdcr.ca.gov/facility-locator/conservation-camps/,2017-09-19,IMAGERY/OTHER,2024-01-22,https://www.cdcr.ca.gov/facility-locator/conservation-camps/mountain-home/,MINIMUM,-999,2.711543402e-6,0.007558266724009,FALSE
10005256,0,1864.8076923076924,32.27000000000004,45.57536352128509,21.08076009501188,98.52642276422763,42.32081911262799,17.87538304392237,35.40479634945005,56.303,06105000101,8542,12.520000076293943,32.304073333740234,0,19.664634146341463,92.07317073170732,99.33943089430895,43.01020408163265,53.40447154471545,52.87105209133656,0.02654888622257803,0.03231253626934521,0.08071867013576182,43.08943089430895,6.097560975609756,31.60569105691057,20.250266058284154,36.17537149969026,22.205284552845526,5149,TRINITY RIVER CONSERVATION CAMP #3,3325 PETTIJOHN ROAD,LEWISTON,CA,96052,-999,(530) 286-2886,STATE,OPEN,-999,TRINITY,06105,USA,922140,CORRECTIONAL INSTITUTIONS,http://www.cdcr.ca.gov/Conservation_Camps/,2015-11-01,IMAGERY/OTHER,2024-02-16,http://www.cdcr.ca.gov/Conservation_Camps/,MINIMUM,-999,2.502763891e-6,0.005960836711427,FALSE
10000877,0,14543.722222222224,36.71000000000003,17.83746987197399,21.08076009501188,99.64430894308943,72.01365187713311,49.59141981613892,52.33473575656989,69.17,06065043252,4362,6.233333230018616,71.93843078613281,0,95.42682926829268,77.54065040650406,16.056910569105693,72.70408163265306,53.40447154471545,54.05049397191199,0.04461078555451788,0.09924533913311707,1.917876670330813,58.485772357723576,31.046747967479675,82.26626016260163,53.059444651654516,53.1482247933788,77.7439024390244,5159,RAINBOW CONSERVATION CAMP #2,8215 RAINBOW HEIGHTS ROAD,FALLBROOK,CA,92028,-999,(760) 728-2554,STATE,OPEN,-999,SAN DIEGO,06073,USA,922140,CORRECTIONAL INSTITUTIONS,http://www.cdcr.ca.gov/Conservation_Camps/,2014-10-27,IMAGERY/OTHER,2024-02-27,http://www.cdcr.ca.gov/Conservation_Camps/,MINIMUM,100,2.816621645e-6,0.006220390959288,FALSE
10005283,0,5481.375,30.315,62.63529864962562,21.08076009501188,99.28861788617887,24.2320819112628,5.515832482124617,22.998360744674603,67.25,06057000801,821,6.699999809265137,0.16185690462589264,0,92.78455284552845,29.014227642276424,23.272357723577237,6.887755102040815,53.40447154471545,29.68359375330364,0.10422156152682144,0.10315025642400533,0.1081411060187713,79.01422764227642,31.808943089430898,38.0589430894309,45.73377884657647,32.80524444818491,14.227642276422763,5237,WASHINGTON RIDGE CONSERVATION CAMP #44,11425 CONSERVATION CAMP ROAD,NEVADA CITY,CA,95959,-999,(530) 265-4623,STATE,OPEN,92,NEVADA,06057,USA,922140,CORRECTIONAL INSTITUTIONS,http://www.cdcr.ca.gov/Conservation_Camps/,2013-07-25,IMAGERY/OTHER,2019-11-25,http://www.cdcr.ca.gov/Conservation_Camps/,MINIMUM,100,5.045471426e-6,0.008819611735939,FALSE
10005273,0,271.2037037037037,25.510000000000048,76.2979209529464,21.08076009501188,84.09552845528455,3.4129692832764507,0.8682328907048007,8.513476584188858,42.2945,06045011004,12468,6.733333230018616,0.04534818604588508,0,0.1524390243902439,95.42682926829268,24.23780487804878,6.173469387755102,53.40447154471545,10.305602141530704,0.0241681235719691,0.05124499990265748,0.05511545521754538,39.329268292682926,14.329268292682926,22.865853658536587,23.444578734609507,14.08788582010969,1.0162601626016259,5381,CHAMBERLAIN CREEK CONSERVATION CAMP #17,15800 STATE HIGHWAY 20,FORT BRAGG,CA,95437,-999,(707) 964-3518,STATE,OPEN,100,MENDOCINO,06045,USA,922140,CORRECTIONAL INSTITUTIONS,http://www.cdcr.ca.gov/Conservation_Camps/,2015-12-31,IMAGERY/OTHER,2015-12-31,http://www.cdcr.ca.gov/Conservation_Camps/,MINIMUM,-999,2.474133453e-6,0.006749158172978,FALSE
10000782,22.724732654221132,243.8552631578947,44.30924242424244,2.9654821574420884,79.92874109263659,81.8089430894309,89.98862343572242,78.49846782431052,82.4400289810175,63.3085,06005000303,2522,7.211111068725586,47.53437423706055,19.93040028911134,80.58943089430895,60.0609756097561,35.264227642276424,57.193877551020414,59.34959349593496,56.57107447385384,0.07180540669581209,0.34915083807966063,8.897533968435363,71.64634146341463,62.65243902439024,95.630081300813,75.43545404295797,71.48218583260977,99.54268292682927,5428,MULE CREEK STATE PRISON (MCSP),4001 STATE HIGHWAY 104,IONE,CA,95640,-999,(209) 274-4911,STATE,OPEN,-999,AMADOR,06005,USA,922140,CORRECTIONAL INSTITUTIONS,https://www.cdcr.ca.gov/research/reports-and-statistics-mcsp/,2017-10-18,IMAGERY/OTHER,2024-02-26,http://www.cdcr.ca.gov/Facilities_Locator/,MAXIMUM,3284,2.6846382752e-5,0.019953831293353,FALSE
10001530,0,1340.7222222222222,44.11960937500004,0.6518582387170933,21.08076009501188,98.06910569105692,89.76109215017065,88.8661899897855,63.725139145957115,75.889,06029006002,96,4.196666622161866,43.580936431884766,0,98.9329268292683,4.725609756097561,3.404471544715447,54.59183673469388,53.40447154471545,21.54322661000523,0.04083058960264972,0.1898782486440929,0.1126336999695051,55.487804878048784,49.136178861788615,38.922764227642276,47.34428184997383,44.20421586864539,48.983739837398375,5931,CALIFORNIA CORRECTIONAL INSTITUTION (CCI),24900 HWY 202,TEHACHAPI,CA,93561,-999,(661) 822-4402,STATE,OPEN,-999,KERN,06029,USA,922140,CORRECTIONAL INSTITUTIONS,http://www.cdcr.ca.gov/Facilities_Locator/,2017-10-18,IMAGERY/OTHER,2017-10-18,https://www.cdcr.ca.gov/facility-locator/cci/,MAXIMUM,-999,5.0280458254e-5,0.066320661949265,FALSE
10000817,NA,21.059405940594058,33.278571428571446,0.0120415629071677,NA,35.0609756097561,52.104664391353815,96.27170582226762,56.02730794331127,55.544,06053010900,184,4.391666769981384,61.748390197753906,106.89125007120838,13.821138211382115,7.01219512195122,3.9634146341463414,67.90816326530611,76.72764227642277,18.208250922150697,0.0336008092534889,1.1772173176894096,0.19427109343322504,49.89837398373984,80.48780487804879,52.59146341463414,59.55395076046632,44.596503208642766,50.66056910569105,5948,CORRECTIONAL TRAINING FACILITY (CTF),SOLEDAD PRISON ROAD,SOLEDAD,CA,93960,-999,(831) 678-3951,STATE,OPEN,4983,MONTEREY,06053,USA,922140,CORRECTIONAL INSTITUTIONS,https://www.cdcr.ca.gov/facility-locator/,2017-10-18,IMAGERY/OTHER,2024-01-22,https://www.cdcr.ca.gov/facility-locator/ctf/,MEDIUM,-999,3.681441558e-5,0.033609675602074,FALSE
10000786,3.0383218180440736,335.7971014492754,40.85000000000004,0.01505086517881861,37.351543942992876,88.36382113821138,83.73151308304891,95.9652706843718,71.7623280928556,63.071,06095253500,5972,6.726666450500488,102.79669952392578,0,79.26829268292683,85.41666666666666,24.13617886178862,84.03061224489797,53.40447154471545,59.30142886245725,0.1003057728673602,0.0902268666969912,0.2858211009544097,78.2520325203252,28.556910569105693,59.04471544715447,50.90916345541894,60.657640136910594,93.69918699186992,5953,DELTA CONSERVATION CAMP #8,6246 LAMBIE ROAD,SUISUN CITY,CA,94585,-999,(707) 425-4878,STATE,OPEN,-999,SOLANO,06095,USA,922140,CORRECTIONAL INSTITUTIONS,https://www.cdcr.ca.gov/facility-locator/conservation-camps/,2016-04-01,IMAGERY/OTHER,2024-01-22,https://www.cdcr.ca.gov/facility-locator/conservation-camps/delta/,MINIMUM,-999,1.6379515728e-5,0.019527049677529,FALSE
10005282,0,1876.7818181818184,40.72714285714287,24.691640014041813,21.08076009501188,98.57723577235772,83.61774744027304,40.04085801838611,51.35895578903129,52.8545,06033000901,2359,6.566666603088379,42.125518798828125,0,5.7926829268292686,57.97764227642277,20.884146341463413,53.316326530612244,53.40447154471545,28.845560041216107,0.09631911538603276,0.05147101773787901,0.11506058901413266,77.38821138211382,14.532520325203253,39.43089430894309,35.39572333191193,38.53341305405311,28.91260162601626,5955,KONOCTI CONSERVATION CAMP #27,8275 SOUTH STATE HIGHWAY 29,LOWER LAKE,CA,95457,-999,(707) 994-2437,STATE,OPEN,-999,LAKE,06033,USA,922140,CORRECTIONAL INSTITUTIONS,https://www.cdcr.ca.gov/facility-locator/conservation-camps/,2016-05-25,IMAGERY/OTHER,2024-01-22,https://www.cdcr.ca.gov/facility-locator/conservation-camps/konocti/,MINIMUM,-999,2.819868314e-6,0.00692218930918,FALSE
10006347,0,25699.836363636365,37.71000000000003,25.847483695104817,21.08076009501188,99.89837398373984,75.54038680318543,38.91726251276813,49.881734144014985,70.0415,06073020902,7065,3.474999964237213,143.35797119140625,0,96.64634146341463,89.1260162601626,2.083333333333333,93.77551020408164,53.40447154471545,38.96934863785859,0.01154009807371624,0.02995136701102742,0.10016790652446454,11.432926829268293,5.132113821138211,35.823170731707314,12.8097083591588,33.886930380344126,16.971544715447155,5956,LA CIMA CONSERVATION CAMP #42,15108 SUNRISE HIGHWAY,JULIAN,CA,92036,-999,(760) 765-3085,STATE,OPEN,-999,SAN DIEGO,06073,USA,922140,CORRECTIONAL INSTITUTIONS,https://www.cdcr.ca.gov/facility-locator/conservation-camps/,2017-09-19,IMAGERY/OTHER,2024-01-22,https://www.cdcr.ca.gov/facility-locator/conservation-camps/la-cima/,MINIMUM,-999,2.164088755e-6,0.005937246507773,FALSE
10000811,0,1268.8235294117646,38.53000000000003,16.298928577253832,21.08076009501188,97.8150406504065,77.24687144482367,51.94075587334014,53.6315399886217,75.2525,06019006410,4183,10.358333349227903,48.116397857666016,0,98.83130081300813,76.27032520325203,96.95121951219512,58.11224489795919,53.40447154471545,74.32411251819184,0.02092322174542157,0.0476592006515409,0.0478407141709567,33.58739837398374,12.703252032520327,19.766260162601625,20.35503854287513,49.43689701656289,67.47967479674797,5958,MIRAMONTE CONSERVATION CAMP #5,49039 ORCHARD DRIVE,MIRAMONTE,CA,93641,-999,(559) 336-2312,STATE,OPEN,-999,FRESNO,06019,USA,922140,CORRECTIONAL INSTITUTIONS,http://www.cdcr.ca.gov/Conservation_Camps/,2017-09-19,IMAGERY/OTHER,2024-01-22,https://www.cdcr.ca.gov/facility-locator/conservation-camps/miramonte/,MINIMUM,-999,1.959634574e-6,0.005378787290397,FALSE
10002349,9.204596598112126,761.074074074074,45.930000000000035,4.7307301620095386,58.2541567695962,96.34146341463415,92.26393629124004,73.28907048008172,78.48792323891807,82.742,06037910805,6009,5.724999904632568,0.23041440546512604,0,99.7459349593496,85.67073170731707,10.569105691056912,7.295918367346939,53.40447154471545,32.30611257682198,0.03571391011467395,0.05061471755527957,33.87045353826532,51.88008130081301,14.02439024390244,99.08536585365853,41.619614290807135,50.80455003551573,71.64634146341463,5962,ACTON CONSERVATION CAMP #11,8800 SOLEDAD CANYON ROAD,ACTON,CA,93510,-999,(661) 268-0113,STATE,OPEN,76,LOS ANGELES,06037,USA,922140,CORRECTIONAL INSTITUTIONS,http://www.cdcr.ca.gov/Conservation_Camps/,2017-09-19,IMAGERY/OTHER,2010-01-22,http://www.cdcr.ca.gov/Conservation_Camps/,MINIMUM,-999,2.320279691e-6,0.007646251059898,FALSE
10000847,0,33.68354430379747,45.05457142857146,0.7034857897826263,21.08076009501188,41.260162601626014,91.06939704209329,88.61082737487231,51.47177124903713,70.902,06029004302,196,10.604762077331545,141.55337524414063,26.2037881191274,97.66260162601627,7.520325203252034,97.51016260162602,93.46938775510203,62.04268292682927,52.926716500001056,0.01464456402788759,0.4063906668090975,0.09908035383866594,18.089430894308943,64.98983739837398,35.51829268292683,34.692916590079086,46.36380144637243,57.367886178861795,5965,WASCO STATE PRISON (WSP),701 SCOFIELD AVENUE,WASCO,CA,93280,-999,(661) 758-8400,STATE,OPEN,-999,KERN,06029,USA,922140,CORRECTIONAL INSTITUTIONS,https://www.cdcr.ca.gov/facility-locator/wsp/,2017-10-18,IMAGERY/OTHER,2024-02-02,http://www.cdcr.ca.gov/Facilities_Locator/,MEDIUM,2984,2.926506977e-5,0.02443607226214,FALSE
10002340,0,104.0925925925926,53.58200000000001,0,21.08076009501188,62.70325203252033,98.23663253697383,100,60.02918534327816,78.0295,06071009129,2709,9.841666460037231,1.2801828384399414,32.017532710588995,99.1869918699187,62.144308943089435,94.3089430894309,8.46938775510204,63.617886178861795,50.022805160665804,0.13151236373385333,0.1375293596897919,7.467275179579513,82.6219512195122,39.176829268292686,94.51219512195121,67.38101164127423,59.144334048406066,90.90447154471545,5970,DESERT VIEW ANNEX,10450 RANCHO ROAD,ADELANTO,CA,92301,0724,(760) 246-1171,FEDERAL,OPEN,375,SAN BERNARDINO,06071,USA,922140,CORRECTIONAL INSTITUTIONS,https://www.ice.gov/detain/detention-management,2024-01-12,IMAGERY/OTHER,2024-02-02,https://www.geogroup.com/FacilityDetail/FacilityID/46,MEDIUM,700,2.834038696e-6,0.006424865898075,FALSE
10000879,0,20408.8,45.17125000000002,6.713711844953586,21.08076009501188,99.79674796747967,91.12627986348123,68.84576098059244,60.27411956082217,65.932,06073020903,7404,4.474999904632568,96.51497650146484,0,90.4471544715447,89.83739837398373,4.369918699186992,81.53061224489797,53.40447154471545,43.43549263081948,0.01650230226699228,0.03328045244218134,0.041660141107459,22.66260162601626,6.402439024390244,17.276422764227643,13.584271288784052,39.0979611601419,31.25,5976,PUERTA LA CRUZ CONSERVATION CAMP #14,32363 STATE HIGHWAY 79,WARNER SPRINGS,CA,92086,-999,(760) 782-3547,STATE,OPEN,120,SAN DIEGO,06073,USA,922140,CORRECTIONAL INSTITUTIONS,http://www.cdcr.ca.gov/Conservation_Camps/,2017-10-26,IMAGERY/OTHER,2017-10-26,http://www.cdcr.ca.gov/Conservation_Camps/,MINIMUM,-999,3.772018317e-6,0.007268957122811,FALSE
10000841,22.023336520076658,118.66233766233766,49.90621621621626,0,78.74109263657957,66.51422764227642,95.79067121729238,100,84.16078960951211,70.193,06029004601,0,12.053333282470703,180.94497680664065,8.064536278651394,96.79878048780488,2.388211382113821,98.98373983739837,98.16326530612245,55.08130081300813,41.54243399732448,0.012875187276644851,0.7486200444555033,0.6299516505331296,14.532520325203253,73.47560975609755,68.4959349593496,41.81989890915237,55.841040838662984,84.70528455284553,5991,NORTH KERN STATE PRISON (NKSP),2737 WEST CECIL AVENUE,DELANO,CA,93215,-999,(661) 721-2345,STATE,OPEN,-999,KERN,06029,USA,922140,CORRECTIONAL INSTITUTIONS,https://www.cdcr.ca.gov/research/reports-and-statistics-nksp/,2017-10-18,IMAGERY/OTHER,2024-02-26,http://www.cdcr.ca.gov/Facilities_Locator/,MEDIUM,2694,2.9399076993e-5,0.024718526387248,FALSE
10005299,1.1636008450887112,733.9444444444445,42.75000000000004,17.170252411416755,28.800475059382425,96.08739837398373,87.71331058020478,50.40858018386108,59.14377126598772,60.590500000000006,06009000122,2717,6.866666674613953,45.90645980834961,0,60.518292682926834,62.24593495934959,26.778455284552845,56.0204081632653,53.40447154471545,49.65253369057298,0.0261321210190817,0.2028960006678837,0.945169927983552,42.3780487804878,51.47357723577236,73.3739837398374,54.29449553268127,54.363600163080655,81.04674796747967,5995,VALLECITO CONSERVATION CAMP #1,3225 SIX MILE ROAD,ANGELS CAMP,CA,95222,-999,(209) 736-4922,STATE,OPEN,-999,CALAVERAS,06009,USA,922140,CORRECTIONAL INSTITUTIONS,http://www.cdcr.ca.gov/Conservation_Camps/,2017-09-19,IMAGERY/OTHER,2024-02-16,http://www.cdcr.ca.gov/Conservation_Camps/,MINIMUM,100,3.228920832e-6,0.007601917023294,FALSE
10001522,0,416.7466666666666,46.49166666666668,6.340571066401241,21.08076009501188,91.81910569105692,92.94653014789533,69.76506639427987,59.52133034224007,61.8965,06109985202,0,7.0111111005147295,26.2144832611084,0,71.79878048780488,2.388211382113821,29.6239837398374,36.98979591836735,53.40447154471545,25.13613903351992,0.02571651307656583,0.1923230585288241,7.336323669680648,41.5650406504065,49.542682926829265,94.41056910569105,57.930789722136254,47.52941969929875,61.58536585365854,5998,SIERRA CONSERVATION CENTER (SCC),5100 O'BYRNES FERRY ROAD,JAMESTOWN,CA,95327,-999,(209) 984-5291,STATE,OPEN,-999,TUOLUMNE,06109,USA,922140,CORRECTIONAL INSTITUTIONS,https://www.cdcr.ca.gov/research/reports-and-statistics-scc/,2017-10-18,IMAGERY/OTHER,2017-10-18,http://www.cdcr.ca.gov/Facilities_Locator/,MEDIUM,3936,1.4930383713e-5,0.023260776664762,FALSE
10000784,4.365714463298877,1769.1607142857142,34.24000000000001,45.81616429311514,43.111638954869356,98.47560975609755,59.38566552901023,17.415730337078653,45.77587271969892,61.399,06005000402,2507,6.425000071525574,51.30106735229492,0,67.02235772357723,59.756097560975604,18.546747967479675,60.86734693877551,53.40447154471545,47.48608206751384,0.0693638352984304,0.08919182428656389,0.07545498176101051,70.9349593495935,28.302845528455283,30.589430894308943,39.45365786587847,44.23853755103041,49.23780487804878,5999,PINE GROVE CONSERVATION CAMP,13630 AQUEDUCT VOLCANO ROAD,PINE GROVE,CA,95665,-999,(209) 296-7581,STATE,OPEN,-999,AMADOR,06005,USA,922140,CORRECTIONAL INSTITUTIONS,https://www.cdcr.ca.gov/facility-locator/conservation-camps/pine-grove-camp/,2017-09-06,IMAGERY/OTHER,2024-02-16,http://www.cdcr.ca.gov/Conservation_Camps/,JUVENILE,80,2.236081855e-6,0.007048026241512,FALSE
10006531,0,71.3970588235294,50.95042553191494,0.25883999730372,21.08076009501188,54.31910569105691,96.3594994311718,91.77732379979571,56.411441881871966,66.204,06019007901,169,7.7250001430511475,80.75743865966797,0,91.26016260162602,6.504065040650407,52.69308943089431,75.86734693877551,53.40447154471545,41.74173138915492,0.09186040380977475,0.6435033937598753,0.19112195237429933,76.1178861788618,70.68089430894308,51.829268292682926,65.33129661408043,54.49482329503577,81.35162601626016,6002,DEPARTMENT OF STATE HOSPITALS - COALINGA,24511 WEST JAYNE AVENUE,COALINGA,CA,93210,5000,(559) 935-4300,STATE,OPEN,-999,FRESNO,06019,USA,922140,CORRECTIONAL INSTITUTIONS,http://www.dsh.ca.gov/Hospitals/default.aspx,2016-11-07,IMAGERY/OTHER,2016-11-07,http://www.dsh.ca.gov/Hospitals/default.aspx,NOT AVAILABLE,1286,1.824498986e-5,0.016707232891908,FALSE
10000902,6.3301329196640594,13947.535714285714,42.21000000000003,13.207829795831136,49.82185273159145,99.59349593495935,86.29124004550626,56.63942798774259,70.17527204446213,79.544,06037920011,5120,4.091666758060455,0.02884432300925254,0,99.49186991869918,81.60569105691057,3.201219512195122,5.714285714285714,53.40447154471545,23.981294021760167,0.02318696847099937,0.0786815459242682,0.0779126288290464,37.703252032520325,25.203252032520325,31.046747967479675,30.899432500760277,41.68533285566086,40.29471544715447,6005,FRANCISQUITO CONSERVATION CAMP #4,35100 NORTH SAN FRANCISQUITO CANYON ROAD,SANTA CLARITA,CA,91390,-999,(661) 296-4409,STATE,OPEN,-999,LOS ANGELES,06037,USA,922140,CORRECTIONAL INSTITUTIONS,https://www.cdcr.ca.gov/facility-locator/conservation-camps/francisquito/,2017-09-19,IMAGERY/OTHER,2017-09-19,http://www.cdcr.ca.gov/Conservation_Camps/,MINIMUM,-999,3.42532212e-6,0.007840422914544,FALSE
10005253,4.336360702539208,181.12727272727273,23.76500000000001,69.88086654737131,42.99287410926366,76.1178861788618,1.3651877133105803,2.502553626149132,10.28287935575871,40.0555,06023011100,12890,10.849999904632568,0.03688514977693558,22.535539100223108,0.05081300813008131,95.78252032520325,97.91666666666666,5.918367346938775,60.61991869918699,11.132354071023844,0.01240437562200968,0.04164640686228497,0.46503164237479305,13.211382113821138,10.569105691056912,65.2439024390244,20.8853684581398,14.100200628307451,1.0670731707317074,6007,HIGH ROCK CONSERVATION CAMP #32,23322 AVENUE OF THE GIANTS,WEOTT,CA,95571,-999,(707) 946-2343,STATE,OPEN,96,HUMBOLDT,06023,USA,922140,CORRECTIONAL INSTITUTIONS,http://www.cdcr.ca.gov/Conservation_Camps/,2015-11-17,IMAGERY/OTHER,2024-02-27,http://www.cdcr.ca.gov/Conservation_Camps/,MINIMUM,-999,2.199337814e-6,0.006367326229183,FALSE
10000838,0,1441.2857142857142,38.74000000000004,18.043527291328864,21.08076009501188,98.22154471544715,77.92946530147896,49.08069458631256,53.04889665686528,89.4975,06065044104,5288,5.100000023841858,46.46236038208008,0,99.94918699186992,82.21544715447155,7.317073170731707,56.53061224489796,53.40447154471545,44.852461242772016,0.02951373747599239,0.06230156968769022,0.08862978335602016,45.9349593495935,19.715447154471544,33.38414634146341,31.15277567097031,43.01804452353587,44.766260162601625,6009,OAK GLEN CONSERVATION CAMP #35,41100 PINEBENCH ROAD,YUCAIPA,CA,92399,-999,(909) 797-0196,STATE,OPEN,-999,SAN BERNARDINO,06071,USA,922140,CORRECTIONAL INSTITUTIONS,http://www.cdcr.ca.gov/Conservation_Camps/,2017-09-19,IMAGERY/OTHER,2024-02-26,http://www.cdcr.ca.gov/Conservation_Camps/,MINIMUM,-999,3.976708058e-6,0.008005467935716,FALSE
10000844,40.10874280515627,86.75757575757575,46.746122448979634,0.01335715267280473,91.44893111638956,58.02845528455285,93.51535836177474,96.06741573033707,83.09400150376382,70.322,06029004603,0,11.774999976158142,180.94497680664065,18.41370766398405,96.95121951219512,2.388211382113821,98.72967479674797,98.16326530612245,58.6890243902439,42.064518943460726,0.01301200881895585,1.2863640198449853,0.6437885083639293,14.684959349593496,82.26626016260163,68.75,43.63038734423431,56.26296926381962,85.77235772357723,6010,KERN VALLEY STATE PRISON (KVSP),3000 WEST CECIL AVENUE,DELANO,CA,93216,6000,(661) 721-6300,STATE,OPEN,-999,KERN,06029,USA,922140,CORRECTIONAL INSTITUTIONS,https://www.cdcr.ca.gov/research/reports-and-statistics-kvsp/,2017-10-18,IMAGERY/OTHER,2024-02-26,http://www.cdcr.ca.gov/Facilities_Locator/,MAXIMUM,2448,5.7904294863e-5,0.036371289550317,FALSE
10000861,0,7.05050505050505,61.313983050847504,0,21.08076009501188,22.35772357723577,99.94311717861206,100,46.587208114458,57.054,06065981000,259,10.127777894337973,0.01104520447552204,0,26.01626016260163,9.80691056910569,96.34146341463415,5.1020408163265305,53.40447154471545,23.183680030549816,0.01082841428341042,0.04487090015159588,0.18364376448564945,9.857723577235772,11.6869918699187,50.50813008130082,17.986509414462684,29.252465853156835,8.99390243902439,6014,IRONWOOD STATE PRISON (ISP),19005 WILEY'S WELL ROAD,BLYTHE,CA,92225,-999,(760) 921-3000,STATE,OPEN,-999,RIVERSIDE,06065,USA,922140,CORRECTIONAL INSTITUTIONS,https://www.cdcr.ca.gov/research/reports-and-statistics-isp/,2017-10-18,IMAGERY/OTHER,2024-02-26,http://www.cdcr.ca.gov/Facilities_Locator/,MEDIUM,2200,4.5693579295e-5,0.038133319480907,FALSE
10000821,NA,18.26530612244898,34.580151515151556,0.00944599721110928,NA,33.4349593495935,61.03526734926052,96.5270684371808,58.184895118646764,55.544,06053010900,297,4.361111164093018,61.748390197753906,0,13.821138211382115,11.28048780487805,3.861788617886179,67.90816326530611,53.40447154471545,18.528145771617595,0.03515973982175156,0.7439029807577995,0.18942730637768063,51.0670731707317,73.27235772357723,51.52439024390244,57.7694188027809,44.82748656434842,51.37195121951219,6017,SALINAS VALLEY STATE PRISON (SVSP),31625 HIGHWAY 101,SOLEDAD,CA,93960,-999,(831) 678-5500,STATE,OPEN,-999,MONTEREY,06053,USA,922140,CORRECTIONAL INSTITUTIONS,https://www.cdcr.ca.gov/research/reports-and-statistics-svsp/,2017-10-18,IMAGERY/OTHER,2024-02-26,http://www.cdcr.ca.gov/Facilities_Locator/,MAXIMUM,2452,5.2017163853e-5,0.034494085008901,FALSE
10005272,1.0406617067465986,268.28985507246375,22.470000000000027,74.92463029418938,27.909738717339668,83.84146341463415,0.9101251422070534,1.1235955056179776,6.994093462905444,43.569,06045011002,6013,6.394444386164348,0.03381898999214172,0,0.660569105691057,85.72154471544715,17.98780487804878,5.816326530612245,53.40447154471545,12.590487996342814,0.0205242204914414,0.0650182308071415,0.07541796006941898,32.36788617886179,20.73170731707317,30.53861788617886,27.365261025504275,15.64994749491751,1.3719512195121952,6022,PARLIN FORK CONSERVATION CAMP #6,23000 STATE HIGHWAY 20,FORT BRAGG,CA,95437,-999,(707) 964-3766,STATE,OPEN,-999,MENDOCINO,06045,USA,922140,CORRECTIONAL INSTITUTIONS,http://www.cdcr.ca.gov/Conservation_Camps/,2017-10-26,IMAGERY/OTHER,2024-02-26,http://www.cdcr.ca.gov/Conservation_Camps/,MINIMUM,100,8.393346889e-6,0.019147827985104,FALSE
