FACILITYID,OBJECTID,NAME,ADDRESS,CITY,STATE,ZIP,TYPE,COMBINED_ADDRESS
10000864,1160,USP LOMPOC,3901 KLEIN BLVD,LOMPOC,CA,93436,FEDERAL,"3901 KLEIN BLVD LOMPOC, CA 93436"
10000871,1622,MCC SAN DIEGO,808 UNION STREET,SAN DIEGO,CA,92101,FEDERAL,"808 UNION STREET SAN DIEGO, CA 92101"
10000840,1691,PRADO CONSERVATION CAMP #28,14467 CENTRAL AVENUE,CHINO,CA,91710,STATE,"14467 CENTRAL AVENUE CHINO, CA 91710"
10000874,1723,WESTERN REGION DETENTION FACILITY,220 WEST C STREET,SAN DIEGO,CA,92101,FEDERAL,"220 WEST C STREET SAN DIEGO, CA 92101"
10005361,2743,EL CENTRO SERVICE PROCESSING CENTER,1115 NORTH IMPERIAL AVENUE,EL CENTRO,CA,92243,FEDERAL,"1115 NORTH IMPERIAL AVENUE EL CENTRO, CA 92243"
10002330,2905,FCI DUBLIN CAMP,5701 8TH STREET,DUBLIN,CA,94568,FEDERAL,"5701 8TH STREET DUBLIN, CA 94568"
10000863,2930,FCI LOMPOC,3600 GUARD RD,LOMPOC,CA,93436,FEDERAL,"3600 GUARD RD LOMPOC, CA 93436"
10000833,2934,FCI VICTORVILLE MEDIUM I CAMP,13777 AIR EXPRESSWAY BOULEVARD,VICTORVILLE,CA,92394,FEDERAL,"13777 AIR EXPRESSWAY BOULEVARD VICTORVILLE, CA 92394"
10000831,2937,FCI VICTORVILLE MEDIUM II,13777 AIR EXPRESSWAY BOULEVARD,VICTORVILLE,CA,92394,FEDERAL,"13777 AIR EXPRESSWAY BOULEVARD VICTORVILLE, CA 92394"
10006180,2943,FCI MENDOTA CAMP,33500 WEST CALIFORNIA AVENUE,MENDOTA,CA,93640,FEDERAL,"33500 WEST CALIFORNIA AVENUE MENDOTA, CA 93640"
10000887,2951,FCI TERMINAL ISLAND,1299 SEASIDE AVENUE,SAN PEDRO,CA,90731,FEDERAL,"1299 SEASIDE AVENUE SAN PEDRO, CA 90731"
10000867,2952,USP LOMPOC CAMP,3901 KLEIN BLVD,LOMPOC,CA,93436,FEDERAL,"3901 KLEIN BLVD LOMPOC, CA 93436"
10000806,2957,USP ATWATER,1 FEDERAL WAY,ATWATER,CA,95301,FEDERAL,"1 FEDERAL WAY ATWATER, CA 95301"
10000892,2962,MDC LOS ANGELES,535 NORTH ALAMEDA STREET,LOS ANGELES,CA,90012,FEDERAL,"535 NORTH ALAMEDA STREET LOS ANGELES, CA 90012"
10006299,2964,USP LOMPOC NORTH CAMP,3901 KLEIN BLVD,LOMPOC,CA,93436,FEDERAL,"3901 KLEIN BLVD LOMPOC, CA 93436"
10005303,2987,FCI DUBLIN,5701 8TH STREET,DUBLIN,CA,94568,FEDERAL,"5701 8TH STREET DUBLIN, CA 94568"
10006194,3030,USP ATWATER CAMP,1 FEDERAL WAY,ATWATER,CA,95301,FEDERAL,"1 FEDERAL WAY ATWATER, CA 95301"
10000830,3034,USP VICTORVILLE,13777 AIR EXPRESSWAY BOULEVARD,VICTORVILLE,CA,92394,FEDERAL,"13777 AIR EXPRESSWAY BOULEVARD VICTORVILLE, CA 92394"
10000832,3035,FCI VICTORVILLE MEDIUM I,13777 AIR EXPRESSWAY BOULEVARD,VICTORVILLE,CA,92394,FEDERAL,"13777 AIR EXPRESSWAY BOULEVARD VICTORVILLE, CA 92394"
10002323,3069,"CALIFORNIA STATE PRISON, SOLANO (SOL)",2100 PEABODY ROAD,VACAVILLE,CA,95687,STATE,"2100 PEABODY ROAD VACAVILLE, CA 95687"
10000826,5005,AVENAL STATE PRISON,1 KINGS WAY,AVENAL,CA,93204,STATE,"1 KINGS WAY AVENAL, CA 93204"
10000824,5016,"CALIFORNIA STATE PRISON, CORCORAN (COR)",4001 KING AVENUE,CORCORAN,CA,93212,STATE,"4001 KING AVENUE CORCORAN, CA 93212"
10000825,5022,CA SUBSTANCE ABUSE TREATMENT FACILITY (SATF),900 QUEBEC AVE,CORCORAN,CA,93212,STATE,"900 QUEBEC AVE CORCORAN, CA 93212"
10006530,5099,FOLSOM WOMEN'S FACILITY (FWF),570 E NATOMA ST,REPRESA,CA,95671,STATE,"570 E NATOMA ST REPRESA, CA 95671"
10000793,5136,O.H.CLOSE YOUTH CORRECTIONAL FACILITY,7650 SOUTH NEWCASTLE ROAD,STOCKTON,CA,95213,STATE,"7650 SOUTH NEWCASTLE ROAD STOCKTON, CA 95213"
10000799,5305,CALIFORNIA HEALTH CARE FACILITY (CHCF),7707 AUSTIN ROAD,STOCKTON,CA,95215,STATE,"7707 AUSTIN ROAD STOCKTON, CA 95215"
10000780,5383,FOLSOM STATE PRISON (FSP),300 PRISON ROAD,REPRESA,CA,95671,STATE,"300 PRISON ROAD REPRESA, CA 95671"
10002344,5386,MCFARLAND FEMALE COMMUNITY REENTRY FACILITY,120 TAYLOR AVENUE,MCFARLAND,CA,93250,STATE,"120 TAYLOR AVENUE MCFARLAND, CA 93250"
10000836,5942,CALIFORNIA INSTITUTION FOR MEN (CIM),14901 CENTRAL AVENUE,CHINO,CA,91710,STATE,"14901 CENTRAL AVENUE CHINO, CA 91710"
10000850,5943,GOLDEN STATE ANNEX,611 FRONTAGE ROAD,MCFARLAND,CA,93250,STATE,"611 FRONTAGE ROAD MCFARLAND, CA 93250"
10000851,5944,CENTRAL VALLEY ANNEX,254 TAYLOR AVENUE,MCFARLAND,CA,93250,STATE,"254 TAYLOR AVENUE MCFARLAND, CA 93250"
10002341,5949,CALIFORNIA INSTITUTION FOR WOMEN (CIW),16756 CHINO-CORONA ROAD,CORONA,CA,92880,STATE,"16756 CHINO-CORONA ROAD CORONA, CA 92880"
10000785,5951,CALIFORNIA MEDICAL FACILITY (CMF),1600 CALIFORNIA DRIVE,VACAVILLE,CA,95696,STATE,"1600 CALIFORNIA DRIVE VACAVILLE, CA 95696"
10000857,5954,CALIFORNIA REHABILITATION CENTER (CRC),5TH STREET AND WESTERN AVENUE,NORCO,CA,92860,STATE,"5TH STREET AND WESTERN AVENUE NORCO, CA 92860"
10002322,5957,"CALIFORNIA STATE PRISON, SACRAMENTO (SAC)",100 PRISON ROAD,REPRESA,CA,95671,STATE,"100 PRISON ROAD REPRESA, CA 95671"
10002353,5961,CALIFORNIA STATE PRISON-LOS ANGELES COUNTY (LAC),44750 60TH STREET WEST,LANCASTER,CA,93536,STATE,"44750 60TH STREET WEST LANCASTER, CA 93536"
10000790,5964,SAN QUENTIN STATE PRISON (SQ),MAIN STREET,SAN QUENTIN,CA,94964,STATE,"MAIN STREET SAN QUENTIN, CA 94964"
10006532,5997,DEPARTMENT OF STATE HOSPITALS - ATASCADERO,10333 EL CAMINO REAL,ATASCADERO,CA,93422,STATE,"10333 EL CAMINO REAL ATASCADERO, CA 93422"
10000856,6001,NORCO CONSERVATION CAMP #0,3195 WESTERN AVENUE,NORCO,CA,92860,STATE,"3195 WESTERN AVENUE NORCO, CA 92860"
