object_id,flood_risk_area_m2,flood_risk_percent,wildfire_risk,lst_avg,NLCD_Percent_Tree_Canopy_Cover,flood_risk_area_m2_pcntl,flood_risk_percent_pcntl,wildfire_risk_pcntl,lst_avg_pcntl,NLCD_Percent_Tree_Canopy_Cover_pcntl,NLCD_Percent_Tree_Canopy_Cover_pcntl_pcntl,climate_score
1,0,0,2.6341463414634148,37.00215929203543,3.4575129551331623,25.13368983957219,25.13368983957219,30.980392156862745,60.78431372549019,67.84313725490196,67.84313725490196,41.98238716984206
2,1324152.7527230072,42.123294554033784,578.9767441860465,31.463568904593664,53.40559719969267,91.97860962566845,91.97860962566845,98.82352941176471,24.705882352941178,5.490196078431373,5.490196078431373,29.2214449180244
3,0,0,3.116279069767442,29.1011669869742,4.085483786735574,25.13368983957219,25.13368983957219,32.15686274509804,11.372549019607844,65.88235294117646,65.88235294117646,31.637126605015656
4,NA,NA,1.6744186046511629,56.467185840708,1.0270259515531597,NA,NA,24.705882352941178,99.6078431372549,83.92156862745098,83.92156862745098,64.52236427781452
5,750134.1979113615,23.85177074025378,24.302325581395348,38.51000000000005,10.237546208457951,78.6096256684492,78.6096256684492,54.11764705882353,68.23529411764706,46.27450980392157,46.27450980392157,60.464042615076536
7,985507.0943272181,31.398141081092017,3.6341463414634148,30.388518518518545,5.813216552003196,85.02673796791443,85.02673796791443,34.90196078431372,17.647058823529413,60.3921568627451,60.3921568627451,50.322906030386186
8,262335.441374208,8.344687765319012,41.61904761904762,37.3831418312388,30.144656493763762,52.94117647058824,52.94117647058824,64.70588235294117,62.35294117647059,18.43137254901961,18.43137254901961,39.57466128425715
9,300779.4332587308,9.5690203995163845,69.69767441860465,33.85314487632512,19.35721700292973,55.61497326203209,55.61497326203209,74.11764705882354,41.96078431372549,29.01960784313726,29.01960784313726,44.81485141568325
10,0,0,2.142857142857143,52.39904424778763,0.01740774747161001,25.13368983957219,25.13368983957219,28.235294117647058,95.29411764705881,96.07843137254902,96.07843137254902,50.03460243345422
11,804109.3534129629,25.58667396591478,256.6666666666667,32.900881834215184,29.95327521849966,79.67914438502673,79.67914438502673,94.11764705882352,38.03921568627451,19.215686274509807,19.215686274509807,45.08000508287369
12,0,0,118.48837209302326,32.86321554770323,57.544286686344066,25.13368983957219,25.13368983957219,86.27450980392157,37.254901960784316,3.5294117647058822,3.5294117647058822,17.132885573432937
13,0,0,1.6888888888888889,36.90458553791889,2.731374943536361,25.13368983957219,25.13368983957219,25.098039215686274,60,72.15686274509804,72.15686274509804,41.28666517983085
14,710090.0216496147,22.589184291278467,103,38.58820945945949,36.81952284521667,75.93582887700535,75.93582887700535,83.13725490196079,68.62745098039215,14.901960784313726,14.901960784313726,44.04997261958102
15,457100.3265271937,14.589526133228112,1.5476190476190477,28.203897111737845,6.214382960184606,65.77540106951871,65.77540106951871,23.52941176470588,7.8431372549019605,60,60,37.706978439310774
16,0,0,18.977272727272727,33.540317460317496,15.960316982418252,25.13368983957219,25.13368983957219,50.588235294117645,40,33.33333333333333,33.33333333333333,33.527146007429614
17,NA,NA,31.348837209302324,43.54368421052636,2.1339766691147584,NA,NA,59.21568627450981,83.52941176470588,76.07843137254902,76.07843137254902,73.14755635726462
18,148339.6427600602,4.717559855347556,34.15909090909091,43.85261022927692,1.603287002403652,47.593582887700535,47.05882352941176,61.1764705882353,85.09803921568627,80.7843137254902,80.7843137254902,65.09654207616737
19,400398.87614756904,12.75531110217671,38.04761904761905,36.00538732394369,2.2706052996829653,63.101604278074866,63.101604278074866,63.13725490196078,55.294117647058826,74.50980392156863,74.50980392156863,65.24972891926176
20,399648.2206548364,12.737571773242243,0.5813953488372093,31.53120171673822,37.39357041413398,62.56684491978609,62.56684491978609,16.862745098039216,25.49019607843137,13.725490196078432,13.725490196078432,26.112048773166453
21,1281751.528792048,40.85273766987853,0,35.411167883211704,4.992419594530112,90.9090909090909,90.9090909090909,6.2745098039215685,50.98039215686274,63.52941176470588,63.52941176470588,46.91998651937512
22,0,0,45.95348837209303,31.41118251928025,29.98876386610319,25.13368983957219,25.13368983957219,68.23529411764706,23.92156862745098,18.823529411764707,18.823529411764707,26.737382550255735
23,2403707.416006471,76.39813274014038,10370.348837209302,32.36528268551238,2.8067027928683386,96.79144385026738,96.79144385026738,99.6078431372549,32.549019607843135,71.76470588235294,71.76470588235294,73.40424913757155
24,0,0,9.69047619047619,55.50389770723106,0.1015132006970004,25.13368983957219,25.13368983957219,43.92156862745098,98.0392156862745,92.54901960784314,92.54901960784314,53.44277119275317
25,NA,NA,19.34090909090909,45.587530592863956,8.359739980206978,NA,NA,51.37254901960784,88.23529411764706,53.72549019607843,53.72549019607843,60.14278800676119
26,128637.38374229269,4.092082650679064,0.022222222222222223,40.869717314487666,10.76981553915297,45.45454545454545,45.45454545454545,6.666666666666667,76.86274509803923,44.70588235294118,44.70588235294118,35.83038175122113
27,NA,NA,47.69047619047619,34.43000000000001,16.00710964960722,NA,NA,69.41176470588235,44.70588235294118,32.549019607843135,32.549019607843135,42.581248911206124
28,NA,NA,1.255813953488372,38.94485008818344,5.576092745539141,NA,NA,21.176470588235293,70.19607843137254,61.96078431372549,61.96078431372549,48.8764957024233
29,1523178.4734314312,48.42799206780426,2.6818181818181817,45.850571428571484,3.808342729581667,95.18716577540107,95.18716577540107,31.372549019607842,89.41176470588236,67.05882352941175,67.05882352941175,69.66300228503351
30,NA,NA,152.61904761904762,30.204946996466475,14.563063580201304,NA,NA,88.23529411764706,15.686274509803921,35.294117647058826,35.294117647058826,36.23612103812968
31,NA,NA,50.42857142857143,32.320017636684334,22.563576988478783,NA,NA,69.80392156862744,31.76470588235294,25.49019607843137,25.49019607843137,34.6451745052005
32,NA,NA,171.26190476190476,28.805731922398618,29.24907885793137,NA,NA,90.19607843137256,9.411764705882353,19.607843137254903,19.607843137254903,23.90174403286477
33,51190.23335134663,1.6316555926564336,21.636363636363637,32.82781305114641,15.18522019402386,34.75935828877005,34.75935828877005,52.94117647058824,36.470588235294116,34.509803921568626,34.509803921568626,37.49391639394136
34,723998.2388177532,23.085666378049034,8.311111111111112,32.52356012995948,18.807768868883308,76.47058823529412,76.47058823529412,40.78431372549019,33.72549019607843,29.80392156862745,29.80392156862745,43.88652416574519
35,NA,NA,235.7674418604651,36.5803703703704,27.3128702465125,NA,NA,93.33333333333333,59.21568627450981,21.176470588235293,21.176470588235293,39.67757996348844
36,NA,NA,93.45454545454545,36.04278104960087,14.493279237960852,NA,NA,80,56.470588235294116,35.68627450980392,35.68627450980392,48.97547768550371
37,875787.4249398549,27.92662030954347,5.790697674418604,35.481042402826894,1.143429651879148,81.81818181818183,81.81818181818183,38.43137254901961,51.76470588235295,83.13725490196079,83.13725490196079,67.19471391764277
38,1252059.0994664363,39.9330238509745,0.38636363636363635,35.701399737294906,1.8807978300041217,89.83957219251337,89.83957219251337,13.725490196078432,54.11764705882353,78.43137254901961,78.43137254901961,57.693952386154265
39,816912.518973784,26.018210594867508,1.0476190476190477,38.30388007054677,10.891075791702146,80.74866310160428,80.74866310160428,19.607843137254903,67.84313725490196,44.31372549019608,44.31372549019608,50.72403875594238
40,3143094.4733614796,100.00000000000438,3.3181818181818183,34.40173451327438,0.02615860196084234,99.46524064171123,100,33.72549019607843,44.31372549019608,95.68627450980392,95.68627450980392,71.7207012491244
41,87295.77171284363,2.7789257944034413,2.238095238095238,45.49373897707234,1.012403806230341,41.17647058823529,41.17647058823529,29.411764705882355,87.84313725490196,84.31372549019608,84.31372549019608,56.09023843739763
42,2887144.4725838867,91.88824831769054,65.66666666666667,32.49382300884959,43.36762574211914,98.3957219251337,98.3957219251337,72.54901960784314,33.33333333333333,9.411764705882353,9.411764705882353,35.71090103079158
43,446787.1714676894,14.246891625518701,0.23809523809523808,34.82906603131384,8.66836286250933,65.24064171122996,65.24064171122996,11.76470588235294,47.84313725490196,52.54901960784314,52.54901960784314,43.32724432012967
44,341846.51532537496,10.897204429303137,0,38.02614840989403,10.656556924523978,58.82352941176471,58.82352941176471,6.2745098039215685,66.66666666666666,45.490196078431374,45.490196078431374,37.96683425166979
45,0,0,0,40.01438162544172,1.294637187422967,25.13368983957219,25.13368983957219,6.2745098039215685,75.29411764705883,82.74509803921568,82.74509803921568,35.62238423952291
46,11327.063442899296,0.36010852476164423,29.73913043478261,36.4646358792185,8.121697352414538,27.807486631016044,27.807486631016044,58.03921568627452,58.03921568627452,54.11764705882353,54.11764705882353,44.36842980488528
47,147155.54732891524,4.691458813118359,4.880952380952381,36.01109540636045,0.1800781471847704,46.524064171122994,46.524064171122994,36.86274509803922,55.68627450980392,90.98039215686275,90.98039215686275,57.66749983223441
48,727970.6559514903,23.16380244019963,133.33333333333334,37.44664304105484,17.336402640264023,77.54010695187165,77.54010695187165,87.05882352941177,63.13725490196078,31.76470588235294,31.76470588235294,56.733576131731056
49,0,0,0,51.78183745583043,0.2935472279961247,25.13368983957219,25.13368983957219,6.2745098039215685,94.50980392156862,88.62745098039215,88.62745098039215,37.85450870805909
50,0,0,0.023255813953488372,30.135557522123925,0.3125210819872094,25.13368983957219,25.13368983957219,7.450980392156863,15.294117647058824,88.23529411764706,88.23529411764706,28.713700813536164
51,1426453.5769888605,45.33782355609658,0,37.5847609037683,2.1937875064231607,94.11764705882352,94.11764705882352,6.2745098039215685,64.31372549019608,74.90196078431373,74.90196078431373,52.12371093954294
52,1140956.154239561,36.26369203391888,4.044444444444444,39.31157631032097,2.6405756277768107,88.77005347593582,88.77005347593582,35.68627450980392,72.94117647058823,72.94117647058823,72.94117647058823,69.12875643405982
53,NA,NA,1.2608695652173914,49.970182149362515,0.4653213426991673,NA,NA,21.568627450980394,92.54901960784314,87.05882352941177,87.05882352941177,62.367018086260366
54,0,0,113.13953488372093,30.34866727548897,54.22446315640935,25.13368983957219,25.13368983957219,85.49019607843137,16.862745098039216,5.098039215686274,5.098039215686274,16.944440734018265
55,0,0,99.68181818181819,53.36805309734517,0,25.13368983957219,25.13368983957219,81.96078431372548,96.07843137254902,100,100,60.64440676610389
56,1011.4215743814095,0.03221459344439974,45.88095238095238,36.040211267605656,20.31309224125579,26.203208556149733,26.203208556149733,67.84313725490196,56.07843137254902,28.627450980392155,28.627450980392155,35.900129431077666
57,NA,NA,18.452380952380953,39.07208849557525,4.0586421755236515,NA,NA,49.411764705882355,70.98039215686275,66.27450980392156,66.27450980392156,62.64918878194319
58,NA,NA,26.318181818181817,27.0534275618375,16.456048653060865,NA,NA,55.68627450980392,3.9215686274509802,32.15686274509804,32.15686274509804,21.799113462506373
59,0,0,157.6818181818182,32.35881625441698,28.657659093263153,25.13368983957219,25.13368983957219,89.01960784313725,32.15686274509804,20,20,29.96093118777872
61,727494.4474894681,23.142291582874723,411.2093023255814,31.36920819248363,52.481251451390406,77.00534759358288,77.00534759358288,98.0392156862745,23.52941176470588,5.88235294117647,5.88235294117647,27.916382340605608
62,777256.9135706954,24.72567706407932,385.6,32.58455882352945,44.52119806068173,79.14438502673798,79.14438502673798,97.25490196078431,34.11764705882353,8.235294117647058,8.235294117647058,33.484835506503636
63,62633.73761893207,1.992711420581397,67.60975609756098,35.35172839506176,26.827371914672796,36.36363636363637,36.36363636363637,73.33333333333333,50.19607843137255,22.35294117647059,22.35294117647059,36.6715440588043
64,576164.4107598263,18.331495705997124,36.4390243902439,41.06525573192243,13.808654431640354,70.05347593582889,70.05347593582889,62.35294117647059,77.25490196078432,38.03921568627451,38.03921568627451,56.974988464106474
65,70712.1276044892,2.2566282545902285,32.81818181818182,24.08156682027652,62.88409219338281,37.4331550802139,37.4331550802139,60.3921568627451,0.39215686274509803,2.7450980392156863,2.7450980392156863,7.9373980049653605
66,0,0,16.976190476190474,45.23593639575975,0.11605032943502828,25.13368983957219,25.13368983957219,48.23529411764706,87.05882352941177,92.15686274509804,92.15686274509804,53.14441105591397
67,1838.0257048775159,0.05858193681530102,0.5609756097560976,30.93026501766787,17.889106780298427,27.27272727272727,27.27272727272727,16.07843137254902,21.176470588235293,30.980392156862745,30.980392156862745,24.981664377306245
68,NA,NA,0.5952380952380952,32.18440917107587,21.880055364831744,NA,NA,17.254901960784313,30.58823529411765,26.27450980392157,26.27450980392157,24.56880541460978
69,1203493.4770231622,38.372349605239634,15.261904761904763,34.55587412587415,4.12283086819788,89.3048128342246,89.3048128342246,47.05882352941176,46.27450980392157,65.49019607843137,65.49019607843137,64.86556428863057
70,285269.2516493345,9.069372828133131,44.07142857142857,42.01996466431099,3.2594644095828103,54.54545454545454,54.54545454545454,66.27450980392156,80,69.41176470588235,69.41176470588235,65.08336047047528
71,NA,NA,85.06818181818181,28.104911660777415,27.21527225083931,NA,NA,79.2156862745098,6.666666666666667,21.96078431372549,21.96078431372549,22.464869794124073
72,NA,NA,85.06818181818181,28.104911660777415,27.21527225083931,NA,NA,79.2156862745098,6.666666666666667,21.96078431372549,21.96078431372549,22.464869794124073
73,2759979.263064016,87.72750171622316,0.5714285714285714,39.39238805970152,6.924381263968974,97.86096256684492,97.86096256684492,16.470588235294116,73.33333333333333,57.647058823529406,57.647058823529406,58.0939136932521
74,1077179.6989355688,34.239794513628766,8.377777777777778,37.54887717598123,6.5260267417151345,87.16577540106952,87.16577540106952,41.568627450980394,63.921568627450974,59.6078431372549,59.6078431372549,64.45926066401346
75,105121.1970982075,3.3547212195899108,18.738095238095237,26.37444003405202,35.04320598213985,42.780748663101605,42.780748663101605,50.19607843137255,1.9607843137254901,16.862745098039216,16.862745098039216,19.27120275568858
76,NA,NA,12.023809523809524,30.318198124396318,7.681321774822433,NA,NA,45.88235294117647,16.07843137254902,56.07843137254902,56.07843137254902,39.02745825958224
77,123365.40291816789,3.939056786872589,0,34.05570422535213,7.978780953893086,44.919786096256686,44.919786096256686,6.2745098039215685,42.745098039215684,55.68627450980392,55.68627450980392,34.47251488374173
78,0,0,72.72093023255815,39.14173387096778,12.94200321888168,25.13368983957219,25.13368983957219,74.90196078431373,72.15686274509804,39.6078431372549,39.6078431372549,41.82869221678294
79,54651.15943203277,1.7419936134909504,0,34.76098422190299,9.953494607164847,35.294117647058826,35.294117647058826,6.2745098039215685,47.05882352941176,47.45098039215686,47.45098039215686,30.64450784641476
80,512028.3021846891,16.331867882157876,1.380952380952381,32.898395061728415,11.775356848088808,67.9144385026738,67.9144385026738,22.745098039215687,37.64705882352941,42.745098039215684,42.745098039215684,43.95948760348891
81,NA,NA,7.534883720930233,54.56226148409897,0.00318970379534951,NA,NA,39.6078431372549,97.6470588235294,96.47058823529412,96.47058823529412,77.45644374088586
82,NA,NA,21.511111111111113,27.661201413427587,24.334881005653862,NA,NA,52.54901960784314,5.490196078431373,24.313725490196077,24.313725490196077,20.32187954536125
83,632102.4693090544,20.146742408125583,0,35.811964601769944,5.223604890806673,71.65775401069519,71.65775401069519,6.2745098039215685,54.509803921568626,62.35294117647059,62.35294117647059,43.55611297276321
84,57723.99692557302,1.8394025886739995,112.52380952380952,28.172915194346324,72.41086102016955,35.82887700534759,35.82887700534759,85.09803921568627,7.0588235294117645,1.1764705882352942,1.1764705882352942,10.10912119434133
85,0,0,5.190476190476191,39.06982300884959,0.03106963453491933,25.13368983957219,25.13368983957219,37.254901960784316,70.58823529411765,94.90196078431372,94.90196078431372,49.63977114185569
86,1345927.579609831,42.91724107495732,26.11627906976744,32.265858407079676,17.986653886862392,92.51336898395722,92.51336898395722,55.294117647058826,30.980392156862745,30.58823529411765,30.58823529411765,48.926852719744346
87,1648721.9086057232,52.47840491230519,44.04761904761905,54.39056537102478,0.03104127346013781,95.72192513368985,95.72192513368985,65.88235294117646,97.25490196078431,95.29411764705881,95.29411764705881,90.04769618703968
88,NA,NA,227.75,32.598692579505325,65.50350055421653,NA,NA,92.94117647058823,34.509803921568626,2.3529411764705883,2.3529411764705883,11.543651294221009
89,441588.5416329631,14.072247655779474,93.75,34.45063716814161,7.021160714387177,64.70588235294117,64.70588235294117,80.3921568627451,45.09803921568628,56.86274509803921,56.86274509803921,60.50887594961816
90,0,0,30.86046511627907,47.33437389770726,0,25.13368983957219,25.13368983957219,58.82352941176471,90.98039215686275,100,100,56.86371519975522
91,905846.3917783818,28.921564412749323,0.36585365853658536,26.532500000000034,6.905991339516803,82.35294117647058,82.35294117647058,12.941176470588237,2.3529411764705883,58.03921568627452,58.03921568627452,29.766722674437265
92,172270.8811560331,5.497564208176273,32.15909090909091,29.607231040564397,39.81330529813123,50.80213903743316,50.80213903743316,59.6078431372549,12.156862745098039,11.372549019607844,11.372549019607844,24.9613129683202
93,390464.83198043914,12.438846767109277,1.7209302325581395,36.411975308642006,14.377525374522143,61.49732620320856,61.49732620320856,25.882352941176475,57.647058823529406,36.470588235294116,36.470588235294116,44.24828936273023
94,337563.3559325098,10.74954747067467,60.27906976744186,46.05090452261311,1.0910023356674845,58.288770053475936,58.288770053475936,71.37254901960785,90.19607843137256,83.52941176470588,83.52941176470588,73.10177382869904
95,NA,NA,103.27906976744185,35.22280423280427,23.82017529398524,NA,NA,83.52941176470588,49.411764705882355,24.705882352941178,24.705882352941178,39.83984420495914
96,527335.0439164202,16.80441621961149,0.1590909090909091,35.6489045936396,8.083784751223002,69.5187165775401,69.5187165775401,10.980392156862745,53.72549019607843,54.90196078431373,54.90196078431373,45.258091897378634
97,527335.0439164202,16.80441621961149,0.1590909090909091,35.6489045936396,8.083784751223002,69.5187165775401,69.5187165775401,10.980392156862745,53.72549019607843,54.90196078431373,54.90196078431373,45.258091897378634
98,86.90206216581763,0.002771037736704357,2.880952380952381,31.97888888888892,4.962450969926704,25.668449197860966,25.668449197860966,31.76470588235294,28.627450980392155,63.921568627450974,63.921568627450974,36.711624672384914
99,NA,NA,0.4523809523809524,30.986761061946943,15.812350612997928,NA,NA,14.117647058823529,21.568627450980394,33.72549019607843,33.72549019607843,24.2591367563169
100,172582.81397578525,5.503281136369185,25.41860465116279,30.61773484994231,37.32639071076417,51.33689839572193,51.33689839572193,54.90196078431373,18.823529411764707,14.117647058823529,14.117647058823529,28.561354585905523
101,NA,NA,57.47826086956522,26.80674911660782,24.90108540993911,NA,NA,70.58823529411765,3.1372549019607843,23.92156862745098,23.92156862745098,18.867543506277777
102,NA,NA,0.09302325581395349,34.237006203890026,12.056703062546934,NA,NA,9.019607843137255,43.529411764705884,41.17647058823529,41.17647058823529,28.563878218557775
103,NA,NA,1.7209302325581395,40.69684303350974,0.6460856512221731,NA,NA,25.882352941176475,76.47058823529412,85.49019607843137,85.49019607843137,61.671243179106426
104,2976496.348396166,94.60987514069895,44.27906976744186,39.20018421052633,12.91372539637512,98.93048128342245,98.93048128342245,66.66666666666666,72.54901960784314,40,40,65.04592377693237
105,NA,NA,0.6590909090909091,29.712123893805344,9.101678421255237,NA,NA,17.647058823529413,13.725490196078432,51.76470588235295,51.76470588235295,28.383563849431493
106,628968.2863248357,20.080829389604048,27.833333333333332,30.890600706713805,13.900478067315058,70.58823529411765,71.12299465240642,57.647058823529406,20,37.64705882352941,37.64705882352941,44.90919486249362
107,368732.22247684933,11.756809516257372,8.44186046511628,45.40865486725668,2.1069800827038545,59.893048128342244,59.893048128342244,41.96078431372549,87.45098039215686,76.47058823529412,76.47058823529412,65.221632097205
108,0,0,9.619047619047619,38.65088339222617,1.7513069854175116,25.13368983957219,25.13368983957219,43.529411764705884,69.01960784313725,79.6078431372549,79.6078431372549,47.86630648542605
110,NA,NA,24.317073170731707,58.87137809187283,0,NA,NA,54.509803921568626,100,100,100,85.92482473425274
111,138880.79328473288,4.415417767745197,3.2045454545454546,40.152764018123236,9.836699431643453,45.98930481283423,45.98930481283423,32.549019607843135,76.07843137254902,48.23529411764706,48.23529411764706,47.97045474667126
112,13486.772394978074,0.4300621408437406,7.857142857142857,35.965053003533605,10.429626567702488,28.342245989304814,28.342245989304814,40.3921568627451,54.90196078431373,45.88235294117647,45.88235294117647,39.416143590610545
113,42565.50354691523,1.3580507937492556,53.28888888888889,30.54165222532196,9.259243705586124,33.68983957219251,33.68983957219251,70.19607843137254,18.03921568627451,51.37254901960784,51.37254901960784,39.4910277492426
114,NA,NA,0.14285714285714285,34.20871024734987,8.420137694218006,NA,NA,10.196078431372548,43.13725490196079,53.333333333333336,53.333333333333336,33.44419770022037
115,375422.53565408546,11.955690210945743,10.571428571428571,37.115855379188766,9.654176744228351,60.42780748663101,60.42780748663101,45.09803921568628,61.568627450980394,49.01960784313725,49.01960784313725,53.842069607271014
116,0,0,0.11627906976744186,29.86212244897961,2.3723267740499483,25.13368983957219,25.13368983957219,9.411764705882353,14.50980392156863,73.72549019607844,73.72549019607844,27.872766349490465
117,478141.4255030817,15.261672326432924,39.34090909090909,29.76186298443703,19.185538811661253,66.84491978609626,66.84491978609626,64.31372549019608,14.117647058823529,29.411764705882355,29.411764705882355,38.98290155223606
118,NA,NA,0.4666666666666667,29.01098939929332,0.2649014515521211,NA,NA,14.50980392156863,10.980392156862745,89.41176470588236,89.41176470588236,33.59442266277924
119,98755.1374317709,3.1470222902817575,83.76190476190476,30.92909215167552,60.624496748395195,41.711229946524064,41.711229946524064,78.43137254901961,20.784313725490197,3.1372549019607843,3.1372549019607843,17.416939835767753
120,704970.5168689109,22.42699278660415,3.3863636363636362,33.76605524967992,0.8746683361315841,75.40106951871658,75.40106951871658,34.11764705882353,41.17647058823529,84.70588235294117,84.70588235294117,62.091915446662206
121,NA,NA,32.27906976744186,43.617865168539346,0.59245945579734,NA,NA,60,83.92156862745098,86.66666666666667,86.66666666666667,78.42097859579196
122,NA,NA,109.37209302325581,28.224593639576018,28.25903452884527,NA,NA,84.31372549019608,8.235294117647058,20.784313725490197,20.784313725490197,23.402496719080535
123,0,0,213.58536585365854,26.96392226148412,69.24203060130907,25.13368983957219,25.13368983957219,92.54901960784314,3.5294117647058822,1.5686274509803921,1.5686274509803921,8.93177373407745
124,0,0,4.238095238095238,28.176113074204956,39.57387216914256,25.13368983957219,25.13368983957219,36.470588235294116,7.450980392156863,11.76470588235294,11.76470588235294,16.95528678829341
125,115831.60385037608,3.690906954882341,3.3043478260869565,33.735125953246865,13.01679074582732,43.85026737967914,43.85026737967914,33.33333333333333,40.78431372549019,38.82352941176471,38.82352941176471,39.74212369129426
126,199237.79690589863,6.340331369840448,322.1190476190476,31.200706713780953,49.995374363619405,52.406417112299465,52.406417112299465,95.29411764705881,22.745098039215687,6.666666666666667,6.666666666666667,25.33708924131279
127,1001157.1908325412,31.940072360312772,77.9090909090909,27.354867724867752,40.43952686175314,85.56149732620321,85.56149732620321,77.25490196078432,5.098039215686274,10.980392156862745,10.980392156862745,26.516749053676435
128,NA,NA,96.83720930232558,42.32258044989098,0,NA,NA,81.17647058823529,80.3921568627451,100,100,89.87956490929248
129,NA,NA,34.4,41.5513227513228,6.752903694327837,NA,NA,61.568627450980394,78.82352941176471,58.43137254901961,58.43137254901961,63.80091118556977
130,324387.757076864,10.321732768513995,0.7906976744186046,47.542720848056575,2.1580677210356733,57.21925133689839,57.21925133689839,18.823529411764707,91.37254901960785,75.68627450980392,75.68627450980392,56.420799094810974
131,0,0,9.581395348837209,43.36706504824154,5.657252605468077,25.13368983957219,25.13368983957219,43.13725490196079,82.74509803921568,61.568627450980394,61.568627450980394,45.217273420752264
132,NA,NA,100.5813953488372,44.07201413427566,0,NA,NA,82.35294117647058,85.88235294117646,100,100,91.70558004874079
133,0,0,1.619047619047619,39.12358798703052,3.912601822429643,25.13368983957219,25.13368983957219,23.92156862745098,71.76470588235294,66.66666666666666,66.66666666666666,41.09967851094656
134,810980.7289724441,25.776037884580106,1.934782608695652,41.30493624772317,3.1629426315147837,80.21390374331551,80.21390374331551,27.058823529411764,78.03921568627452,69.80392156862744,69.80392156862744,63.603369803911306
135,0,0,98.72093023255815,25.139699115044287,56.18700952938652,25.13368983957219,25.13368983957219,81.56862745098039,1.1764705882352942,3.9215686274509802,3.9215686274509802,9.883772226841357
136,160101.36665613038,5.1054141918228275,30.404761904761905,38.0740636042403,0.40183533537284755,48.1283422459893,48.1283422459893,58.43137254901961,67.05882352941175,87.45098039215686,87.45098039215686,64.10701147109326
137,118893.99837993122,3.7814853814795977,4.209302325581396,45.65141342756186,1.9809748049945983,44.38502673796791,44.38502673796791,36.07843137254902,88.62745098039215,77.64705882352942,77.64705882352942,57.97709927448998
138,927401.7855864617,29.49314580976659,18.571428571428573,37.890424028268576,11.972728991075147,82.88770053475936,82.88770053475936,49.80392156862745,65.88235294117646,41.568627450980394,41.568627450980394,58.22247983284833
139,104537.7598102658,3.325830995814362,206.64285714285714,32.60324041811849,28.534003059524107,42.24598930481284,42.24598930481284,92.15686274509804,34.90196078431372,20.392156862745097,20.392156862745097,36.55772267567333
140,NA,NA,0.8292682926829268,35.06444444444448,7.033977742707878,NA,NA,19.215686274509807,49.01960784313725,56.470588235294116,56.470588235294116,41.63107149772006
141,NA,NA,36.53488372093023,33.77538732394368,20.69692649463041,NA,NA,62.745098039215684,41.568627450980394,27.450980392156865,27.450980392156865,37.44253992519885
142,NA,NA,193.8181818181818,53.24205309734516,0.1271951261096398,NA,NA,91.37254901960785,95.68627450980392,91.76470588235294,91.76470588235294,92.6305377147559
143,0,0,107.23255813953489,48.098465608465645,0.3333677924184709,25.13368983957219,25.13368983957219,83.92156862745098,92.15686274509804,87.84313725490196,87.84313725490196,57.90573460740739
144,NA,NA,3.302325581395349,33.526587301587334,11.83449228575839,NA,NA,32.94117647058823,39.6078431372549,42.35294117647059,42.35294117647059,39.11306613085674
145,392248.6012970021,12.470785689794852,19.209302325581394,45.925950704225386,3.100703462313176,62.03208556149733,62.03208556149733,50.98039215686274,89.80392156862746,70.19607843137254,70.19607843137254,66.54153627049492
146,34559.10192292045,1.1020362062303501,12.545454545454545,43.69487632508838,1.3981305991462665,31.016042780748666,31.016042780748666,46.27450980392157,84.70588235294117,81.96078431372548,81.96078431372548,54.19260950361051
147,732308.8584016473,23.33700398587542,73.97777777777777,31.176948853615553,31.2619860620447,78.07486631016043,78.07486631016043,76.07843137254902,22.35294117647059,18.03921568627451,18.03921568627451,38.72656740712483
148,1480851.3894377998,47.15939067026479,3.7560975609756095,32.62033112582787,14.172497387574746,94.6524064171123,94.6524064171123,35.294117647058826,35.294117647058826,36.86274509803922,36.86274509803922,49.75161930847549
149,315076.82139805425,10.038114210746315,41.63636363636363,28.373452562151208,49.71467022512389,56.68449197860963,56.68449197860963,65.09803921568627,8.627450980392156,7.0588235294117645,7.0588235294117645,21.166087921234197
150,NA,NA,158.34883720930233,41.66201413427565,1.7840926540793798,NA,NA,89.41176470588236,79.2156862745098,78.82352941176471,78.82352941176471,81.44780832402252
151,1783472.9989558773,56.72182038725529,66.95348837209302,43.12199294532631,20.696744979357245,96.2566844919786,96.2566844919786,72.94117647058823,82.35294117647058,27.84313725490196,27.84313725490196,59.22317255800592
152,0,0,195.11627906976744,31.786895943562648,89.24086940887845,25.13368983957219,25.13368983957219,91.76470588235294,27.058823529411764,0.39215686274509803,0.39215686274509803,7.889862867487212
153,73304.89082252614,2.3382628044436644,0.37209302325581395,36.47356261022931,4.539844949975991,38.50267379679144,38.50267379679144,13.333333333333334,58.43137254901961,64.31372549019608,64.31372549019608,41.03889481214593
154,NA,NA,1.2444444444444445,37.437495590828945,13.267706781600843,NA,NA,20.784313725490197,62.745098039215684,38.43137254901961,38.43137254901961,37.25390652054117
155,1117673.9901220682,35.678525603309915,38.97674418604651,38.18431095406363,1.5097278736391695,88.23529411764706,88.23529411764706,63.921568627450974,67.45098039215686,81.17647058823529,81.17647058823529,77.76725732465712
156,296530.8424601008,9.439225789268578,137.86046511627907,36.22844797178133,39.18193328502376,55.080213903743314,55.080213903743314,87.45098039215686,57.25490196078431,12.549019607843137,12.549019607843137,36.57053931301266
157,NA,NA,1.069767441860465,39.50835398230093,3.450010217055672,NA,NA,20,73.72549019607844,68.23529411764706,68.23529411764706,51.18779830688798
158,148224.04464764456,4.729183447031086,2.2222222222222223,37.99632508833926,11.29653678179705,47.05882352941176,47.593582887700535,28.627450980392155,66.27450980392156,43.92156862745098,43.92156862745098,44.90338271358211
159,1300604.69366108,41.480566820754774,6.818181818181818,30.32742424242427,23.337661128527,91.44385026737967,91.44385026737967,38.82352941176471,16.470588235294116,25.098039215686274,25.098039215686274,38.71674039900493
160,1347828.7633564302,42.997311010755745,72.90697674418605,28.693533568904616,21.28135780228913,93.04812834224599,93.04812834224599,75.29411764705883,9.019607843137255,26.666666666666668,26.666666666666668,40.13749292128475
161,629596.4440642063,20.028550514493183,110,38.78111504424783,36.70766262372149,71.12299465240642,70.58823529411765,84.70588235294117,69.41176470588235,15.294117647058824,15.294117647058824,43.6371432672532
162,170882.43145576445,5.448770684669397,96.04545454545455,27.204417186417224,43.98901100149121,49.73262032085562,49.73262032085562,80.7843137254902,4.313725490196078,9.019607843137255,9.019607843137255,20.306711088175813
163,929808.5316784278,29.65140341071691,0.06976744186046512,31.7536785714286,9.89537763455072,83.42245989304813,83.42245989304813,8.627450980392156,26.666666666666668,47.84313725490196,47.84313725490196,39.26534516131533
164,0,0,255.5,36.51585537918876,14.487999363994131,25.13368983957219,25.13368983957219,93.72549019607843,58.82352941176471,36.07843137254902,36.07843137254902,40.68204407252863
165,0,0,45.404761904761905,42.472806394316216,0.04197154448472903,25.13368983957219,25.13368983957219,67.05882352941175,81.17647058823529,94.50980392156862,94.50980392156862,55.961848790119525
166,NA,NA,1.3636363636363635,31.46469964664313,25.717864009808384,NA,NA,22.35294117647059,25.098039215686274,23.137254901960784,23.137254901960784,23.40989861334164
167,0,0,27.4,53.553045774647906,0,25.13368983957219,25.13368983957219,56.86274509803921,96.86274509803921,100,100,57.1368354225945
168,428187.2252228577,13.632858827725617,335.8095238095238,31.82501766784455,46.801206820068934,64.171122994652407,64.171122994652407,95.68627450980392,27.84313725490196,7.450980392156863,7.450980392156863,29.11470019508471
169,0,0,154.67441860465115,29.23674911660781,36.913645758962275,25.13368983957219,25.13368983957219,88.62745098039215,11.76470588235294,14.50980392156863,14.50980392156863,22.750842671234007
170,NA,NA,60.40909090909091,27.672194690265524,69.22497813021897,NA,NA,71.76470588235294,5.88235294117647,1.9607843137254901,1.9607843137254901,6.347174070183962
171,NA,NA,115.37777777777778,26.366961770302062,44.217711331220976,NA,NA,85.88235294117646,1.5686274509803921,8.627450980392156,8.627450980392156,10.00684531433652
172,163571.45572465681,5.215905037725494,5.790697674418604,30.36732142857145,36.498328355497016,49.19786096256685,49.19786096256685,38.43137254901961,17.254901960784313,15.686274509803921,15.686274509803921,27.086636262584918
173,1358490.352241077,43.30685789045047,2.238095238095238,31.98196209884314,10.698957197382766,93.58288770053476,93.58288770053476,29.411764705882355,29.01960784313726,45.09803921568628,45.09803921568628,49.77219619679417
174,509726.32670509623,16.27723693316508,0.14285714285714285,35.49085501858738,2.643980363762547,67.37967914438502,67.37967914438502,10.196078431372548,52.156862745098046,72.54901960784314,72.54901960784314,48.30709633814914
175,NA,NA,1.9534883720930232,28.832548672566393,9.570243398577505,NA,NA,27.450980392156865,10.196078431372548,49.411764705882355,49.411764705882355,28.751660995272076
176,NA,NA,19.790697674418606,27.317137611043265,18.19701570098463,NA,NA,51.76470588235295,4.705882352941177,30.19607843137255,30.19607843137255,21.70920783739214
177,1254.4274747114741,0.03998286899670096,20.681818181818183,35.36625000000001,9.493768504191063,26.737967914438503,26.737967914438503,52.156862745098046,50.588235294117645,50.19607843137255,50.19607843137255,41.00400024149779
178,28489.89497458413,0.9079016007956772,1.880952380952381,31.088380281690178,11.688815583140546,30.481283422459892,30.481283422459892,26.666666666666668,21.96078431372549,43.13725490196079,43.13725490196079,31.688232394481723
179,0,0,1.0714285714285714,31.59119768134358,20.70666781813862,25.13368983957219,25.13368983957219,20.392156862745097,25.882352941176475,27.058823529411764,27.058823529411764,24.999589276702885
180,NA,NA,38.68181818181818,37.76901810262695,12.32332751811753,NA,NA,63.52941176470588,64.70588235294117,40.78431372549019,40.78431372549019,51.135938255351626
181,983061.2483573197,31.34947516958233,279.9761904761905,29.649281789129112,41.21339318360924,84.49197860962568,84.49197860962568,94.50980392156862,13.333333333333334,10.588235294117647,10.588235294117647,31.667634310075396
182,NA,NA,685.3409090909091,41.434134275618405,0.6256961819363044,NA,NA,99.2156862745098,78.43137254901961,86.27450980392157,86.27450980392157,87.2386204404095
183,0,0,2,51.52633156966492,0,25.13368983957219,25.13368983957219,27.84313725490196,94.11764705882352,100,100,50.48359671293361
184,85936.18523114553,2.7374623637838846,71.69565217391305,31.36264550264553,39.48429153617488,40.106951871657756,40.106951871657756,74.50980392156863,23.137254901960784,12.156862745098039,12.156862745098039,27.254272803589753
185,NA,NA,10.930232558139535,37.77040854879095,3.042230904797193,NA,NA,45.490196078431374,65.09803921568627,70.58823529411765,70.58823529411765,61.9780048203537
186,NA,NA,8.80952380952381,35.469683098591595,10.136524282701195,NA,NA,42.35294117647059,51.37254901960784,47.05882352941176,47.05882352941176,46.85157611287049
187,162198.98990203705,5.171310998234709,2.4761904761904763,34.98143109540639,5.140321565759018,48.663101604278076,48.663101604278076,30.58823529411765,48.627450980392155,62.745098039215684,62.745098039215684,49.01539616615146
188,513963.39098858746,16.36008787347166,78.38095238095238,30.861126760563412,46.4319252458076,68.44919786096256,68.44919786096256,77.64705882352942,19.607843137254903,7.8431372549019605,7.8431372549019605,27.566303397761423
189,0,0,171.5,24.403615520282205,74.07511514248606,25.13368983957219,25.13368983957219,90.58823529411765,0.7843137254901961,0.7843137254901961,0.7843137254901961,5.497631480264868
190,73182.5397809638,2.32827871601592,189.0681818181818,31.821948051948077,50.09333771923339,37.967914438502675,37.967914438502675,90.98039215686275,27.450980392156865,6.2745098039215685,6.2745098039215685,22.83405934693218
191,1023537.565389372,32.54473180743333,5.627906976744186,39.08130742049474,12.480700263874468,86.09625668449198,86.09625668449198,37.64705882352941,71.37254901960785,40.3921568627451,40.3921568627451,56.489901128798024
192,NA,NA,7.666666666666667,39.69480962755476,0.25646600663063723,NA,NA,40,74.11764705882354,89.80392156862746,89.80392156862746,69.92670343603471
193,NA,NA,45.61904761904762,28.977716814159333,25.83598352773136,NA,NA,67.45098039215686,10.588235294117647,22.745098039215687,22.745098039215687,24.654538022173757
194,683899.1085790978,21.745388423516676,308.95652173913044,35.60822222222227,15.293007391210285,74.8663101604278,74.8663101604278,94.90196078431372,52.54901960784314,34.11764705882353,34.11764705882353,56.501737225678184
195,0,0,0.5,35.23421052631583,5.771645282161914,25.13368983957219,25.13368983957219,14.901960784313726,49.80392156862745,61.1764705882353,61.1764705882353,34.72946148747445
196,0,0,35.68181818181818,37.486666666666686,0.791994668428667,25.13368983957219,25.13368983957219,61.96078431372549,63.52941176470588,85.09803921568627,85.09803921568627,51.196533775561846
197,980505.5112222165,31.267106832722657,16.772727272727273,32.7387079646018,15.98011762047356,83.9572192513369,83.9572192513369,47.84313725490196,35.68627450980392,32.94117647058823,32.94117647058823,48.527270108310084
198,25418.943691808963,0.8089713075818883,68.18604651162791,39.947491166077775,1.446775199231746,29.946524064171122,29.946524064171122,73.72549019607844,74.90196078431373,81.56862745098039,81.56862745098039,56.6206695848381
199,40678.77275164403,1.2956787015485212,9.386363636363637,36.96245098555089,13.99648134716086,33.155080213903744,33.155080213903744,42.745098039215684,60.3921568627451,37.254901960784316,37.254901960784316,39.73949210470312
200,635620.1183305508,20.255689980682966,73.72093023255815,31.96674336283187,55.83394084695886,72.19251336898395,72.72727272727273,75.68627450980392,28.235294117647058,4.313725490196078,4.313725490196078,24.35663677483485
201,846467.9784970137,26.939491575297442,17.204545454545453,34.2569639522182,43.212961709264405,81.28342245989305,81.28342245989305,48.627450980392155,43.92156862745098,9.803921568627452,9.803921568627452,33.270589381786834
202,476198.35507421766,15.13982861498537,27.375,45.771378091872805,2.051032748964278,66.31016042780749,66.31016042780749,56.470588235294116,89.01960784313725,77.25490196078432,77.25490196078432,71.34880541826081
203,NA,NA,0.06818181818181818,32.082757699749465,1.663006814426374,NA,NA,8.235294117647058,29.80392156862745,80,80,35.402434262544254
204,105920.48684016176,3.374582232946477,33.23255813953488,31.41392053872058,34.46325693041909,43.31550802139038,43.31550802139038,60.78431372549019,24.313725490196077,17.254901960784313,17.254901960784313,30.628505576618473
205,302936.9361654193,9.6513910305459,0.3333333333333333,38.9334350834351,9.511708187035463,56.14973262032086,56.14973262032086,12.549019607843137,69.80392156862744,49.80392156862745,49.80392156862745,43.579811522797165
206,0,0,137.9090909090909,33.589661835748814,17.579269603677574,25.13368983957219,25.13368983957219,87.84313725490196,40.3921568627451,31.372549019607842,31.372549019607842,36.080246807717906
207,NA,NA,0.7111111111111111,37.11512367491168,12.98234713253117,NA,NA,18.43137254901961,61.1764705882353,39.21568627450981,39.21568627450981,36.28820059910608
209,645314.8015191283,20.589658493003537,0,30.909259259259297,11.922488846315792,73.79679144385027,73.79679144385027,6.2745098039215685,20.392156862745097,41.96078431372549,41.96078431372549,32.71906264671037
210,330321.00759282673,10.536303718662202,21.674418604651162,32.31119929453265,2.9585329995629186,57.75401069518716,57.75401069518716,53.333333333333336,31.372549019607842,71.37254901960785,71.37254901960785,55.24536847623398
211,37745.595462485355,1.2043292398988314,2.3555555555555556,43.52453262786597,1.9711009950028544,32.085561497326204,32.085561497326204,30.19607843137255,83.13725490196079,78.03921568627452,78.03921568627452,50.06088820562923
212,1074674.442330994,34.20467572809704,26.372093023255815,42.51431519749762,2.959951849833375,86.63101604278076,86.63101604278076,56.07843137254902,81.56862745098039,70.98039215686275,70.98039215686275,74.64323204801606
213,1254638.6444964511,39.97670992158471,0.6744186046511628,30.840211267605657,8.479632599206056,90.37433155080214,90.37433155080214,18.03921568627451,19.215686274509807,52.94117647058824,52.94117647058824,44.6606617502571
214,34923.25582768239,1.1131833380392482,47.16279069767442,34.479983862291576,22.40065189877732,31.550802139037433,31.550802139037433,69.01960784313725,45.88235294117647,25.882352941176475,25.882352941176475,35.818529162436654
215,423957.33118063415,13.518518572368086,18.023809523809526,42.380494699646675,1.6199607970509204,63.63636363636363,63.63636363636363,49.01960784313725,80.7843137254902,80.3921568627451,80.3921568627451,68.53658968864497
216,2574360.356929245,82.08236321464267,0,37.19507042253527,2.18431740436029,97.32620320855615,97.32620320855615,6.2745098039215685,61.96078431372549,75.29411764705883,75.29411764705883,52.47426868569644
217,665030.5723295546,21.199521758477093,166.609756097561,44.06815929203543,3.3458577092160695,74.33155080213903,74.33155080213903,89.80392156862746,85.49019607843137,69.01960784313725,69.01960784313725,76.60383218687548
219,0,0,100.81395348837209,53.37368606701943,0,25.13368983957219,25.13368983957219,82.74509803921568,96.47058823529412,100,100,60.781995032907375
220,NA,NA,2.3095238095238093,40.111995520716704,0.21934921986654224,NA,NA,29.80392156862745,75.68627450980392,90.58823529411765,90.58823529411765,65.59315712487624
221,NA,NA,74.95348837209302,44.26177737881511,6.6592765421049185,NA,NA,76.86274509803923,86.66666666666667,59.21568627450981,59.21568627450981,69.52009861189984
222,NA,NA,74.95348837209302,44.26177737881511,6.6592765421049185,NA,NA,76.86274509803923,86.66666666666667,59.21568627450981,59.21568627450981,69.52009861189984
223,0,0,3.488372093023256,28.82440707964603,3.6167238330454214,25.13368983957219,25.13368983957219,34.509803921568626,9.803921568627452,67.45098039215686,67.45098039215686,31.475445995498827
224,1103233.8497748217,35.110118130465075,1.627906976744186,51.498586572438185,0.15521022164110226,87.70053475935828,87.70053475935828,24.313725490196077,93.72549019607843,91.37254901960785,91.37254901960785,72.59235163423023
225,NA,NA,543.4545454545455,32.14549469964668,38.535074996160624,NA,NA,98.4313725490196,30.19607843137255,13.333333333333334,13.333333333333334,26.961272739927672
226,0,0,0,30.54749559082895,9.450202664235146,25.13368983957219,25.13368983957219,6.2745098039215685,18.43137254901961,50.588235294117645,50.588235294117645,23.912492145066842
227,NA,NA,46.97674418604651,42.83502654867259,1.3049631008500822,NA,NA,68.62745098039215,81.96078431372548,82.35294117647058,82.35294117647058,78.58968546634804
228,NA,NA,24.13953488372093,43.67060070671381,2.41464558290294,NA,NA,53.72549019607843,84.31372549019608,73.33333333333333,73.33333333333333,70.25389051985312
229,NA,NA,0,50.98273368606706,0.09169906138761684,NA,NA,6.2745098039215685,92.94117647058823,92.94117647058823,92.94117647058823,47.37520199977337
230,NA,NA,0.5348837209302325,51.460176991150476,0.2307735200202101,NA,NA,15.294117647058824,93.33333333333333,90.19607843137256,90.19607843137256,58.37597249196413
231,38416.802725841415,1.2211797208994744,6.976190476190476,41.29698795180727,0.6363830024765842,32.62032085561498,32.62032085561498,39.21568627450981,77.64705882352942,85.88235294117646,85.88235294117646,53.6695794892855
232,271628.1410545646,8.660641549232036,0,39.84043478260872,4.155784715676142,54.01069518716578,54.01069518716578,6.2745098039215685,74.50980392156863,65.09803921568627,65.09803921568627,42.36248506568592
233,NA,NA,89.46341463414635,46.79000000000002,1.7748525831294937,NA,NA,79.6078431372549,90.58823529411765,79.2156862745098,79.2156862745098,82.0186296177819
234,0,0,120.92857142857143,55.597321804964125,0,25.13368983957219,25.13368983957219,86.66666666666667,98.4313725490196,100,100,61.45865092435591
235,NA,NA,0,34.45941403007106,11.557443320690629,NA,NA,6.2745098039215685,45.490196078431374,43.529411764705884,43.529411764705884,27.1185086240729
236,0,0,0.022727272727272728,52.291128747795455,0.27922626255269156,25.13368983957219,25.13368983957219,7.0588235294117645,94.90196078431372,89.01960784313725,89.01960784313725,38.6885002224841
237,86160.5347013383,2.7430432533107147,0,36.76605790645883,9.812543862343045,40.64171122994652,40.64171122994652,6.2745098039215685,59.6078431372549,48.627450980392155,48.627450980392155,33.684623572108855
238,386123.9919588857,12.301818058892245,61.22727272727273,29.634929577464817,54.482932362532,60.962566844919785,60.962566844919785,72.15686274509804,12.549019607843137,4.705882352941177,4.705882352941177,20.513952404320527
239,359205.2056315034,11.446124908708603,0.5365853658536586,34.60640449438207,9.393628191870176,59.35828877005348,59.35828877005348,15.686274509803921,46.666666666666664,50.98039215686274,50.98039215686274,43.422612266636335
240,76012.72822377337,2.4198140055867645,43.21951219512195,35.61640949554899,25.049502056045004,39.037433155080215,39.037433155080215,65.49019607843137,52.94117647058824,23.52941176470588,23.52941176470588,37.81746563939145
241,18601.82666262457,0.5930062049771124,0,36.0680653266332,3.411144621081746,28.87700534759358,28.87700534759358,6.2745098039215685,56.86274509803921,68.62745098039215,68.62745098039215,33.451680836581154
242,NA,NA,1.3953488372093024,42.00835978835981,2.346472790913068,NA,NA,23.137254901960784,79.6078431372549,74.11764705882354,74.11764705882354,56.39982209168916
243,0,0,80.6590909090909,56.421342756183755,0.07682602596817516,25.13368983957219,25.13368983957219,78.03921568627452,99.2156862745098,93.72549019607843,93.72549019607843,59.18162195357712
244,171206.1994850713,5.44947314550323,58.31818181818182,56.36294532627868,0.09136932255143324,50.26737967914438,50.26737967914438,70.98039215686275,98.82352941176471,93.33333333333333,93.33333333333333,73.24435074888801
245,3146226.9167805044,99.9999999999989,15165.32558139535,32.02531117490341,5.78466896731657,100,99.46524064171123,100,29.411764705882355,60.78431372549019,60.78431372549019,69.01803271264316
246,NA,NA,367.0217391304348,32.78260176991153,42.08652694576724,NA,NA,96.07843137254902,36.07843137254902,10.196078431372548,10.196078431372548,24.501065508278966
247,84859.29936137098,2.6998200629870936,375.6511627906977,33.057927927927956,35.48360727574037,39.57219251336899,39.57219251336899,96.86274509803921,38.82352941176471,16.07843137254902,16.07843137254902,33.91719234650033
248,178626.16431169762,5.683032337841839,371.13953488372096,33.06800705467376,38.93824232083852,51.87165775401069,51.87165775401069,96.47058823529412,39.21568627450981,12.941176470588237,12.941176470588237,34.56291952073399
249,50043.29270568579,1.5921383219236855,387.57142857142856,32.97000000000003,35.305417356712354,34.22459893048128,34.22459893048128,97.6470588235294,38.43137254901961,16.470588235294116,16.470588235294116,32.56416921240897
250,70239.8917634254,2.2391626985929003,9.731707317073171,34.801569664903035,20.49561550973674,36.898395721925134,36.898395721925134,44.31372549019608,47.45098039215686,28.235294117647058,28.235294117647058,36.28528252058974
251,637460.4050033608,20.339028503568862,0.23809523809523808,30.013957597173174,8.864746953821571,73.2620320855615,73.2620320855615,11.76470588235294,14.901960784313726,52.156862745098046,52.156862745098046,36.98573231539693
252,0,0,0.023809523809523808,29.646289752650205,8.006663910857137,25.13368983957219,25.13368983957219,7.8431372549019605,12.941176470588237,55.294117647058826,55.294117647058826,24.102142897772758
253,NA,NA,1.7380952380952381,37.77809187279155,10.214953196628754,NA,NA,26.27450980392157,65.49019607843137,46.666666666666664,46.666666666666664,43.997815956647216
254,23401.14902264249,0.7452130660155187,15.155555555555555,34.97094575554777,14.726402832785803,29.411764705882355,29.411764705882355,46.666666666666664,48.23529411764706,34.90196078431372,34.90196078431372,36.51900378230604
255,0,0,1.3181818181818181,26.716622233400436,34.41732016124455,25.13368983957219,25.13368983957219,21.96078431372549,2.7450980392156863,17.647058823529413,17.647058823529413,15.101165919562458
256,0,0,16.232558139534884,32.85564322137057,4.380707855531037,25.13368983957219,25.13368983957219,47.45098039215686,36.86274509803922,64.70588235294117,64.70588235294117,40.81991996827421
257,635822.7858964587,20.249674669964907,10.488888888888889,47.601272084805686,0.06744287850276011,72.72727272727273,72.19251336898395,44.70588235294118,91.76470588235294,94.11764705882352,94.11764705882352,75.87440918793445
258,263846.4159193828,8.42683396733788,0.2926829268292683,31.624637168141625,5.055631142373815,53.475935828877006,53.475935828877006,12.156862745098039,26.27450980392157,63.13725490196078,63.13725490196078,39.22299196473867
259,NA,NA,8.357142857142858,32.39000000000004,6.953799134380201,NA,NA,41.17647058823529,32.94117647058823,57.25490196078431,57.25490196078431,45.920160119771
260,0,0,27.772727272727273,33.99388692579508,2.082893262194498,25.13368983957219,25.13368983957219,57.25490196078431,42.35294117647059,76.86274509803923,76.86274509803923,45.649927188715225
