object_id,mean_ozone,matched_fips,dist_to_tract_m
1,53.788,31079001000,1907
2,58.8495,28045030303,4528
3,61.965,19083480600,2209
4,66.199,32003005200,804
5,65.28,12057012002,1699
7,59.713499999999996,21107970302,2352
8,65.1105,48201241502,1401
9,62.991,48373210203,2496
10,67.781,06025011903,2172
11,57.462500000000006,13155950202,4089
12,59.283,22049970400,4175
13,58.15899999999999,16051960302,1214
14,65.0115,48339693904,246
15,60.104,27067780500,2808
16,59.884,29165030308,2789
17,60.3795,48255970200,6474
18,60.3795,48255970200,6415
19,60.613,40071001200,11015
20,65.196,21117065502,1439
21,65.953,21117067000,229
22,59.941,47093005201,1404
23,55.930499999999995,12086981300,925
24,58.916,04012940200,452
25,58.611,48479001710,17928
26,60.193,22055000100,243
27,62.549,12069030806,1265
28,59.477,56021000700,161
29,57.22,48479001105,1427
30,58.084,21125971001,2451
31,58.088,21125970600,902
32,59.015,46081966602,3674
33,58.6255,20103070200,947
34,56.907,42119090700,1186
35,60.1885,45063021029,1209
36,61.693,48293970600,11668
37,56.0975,31111960500,697
38,59.400499999999994,19113002200,614
39,65.652,40083601000,914
40,62.057500000000005,22125980000,1206
41,61.9275,48303000700,668
42,57.25,28089030700,1135
43,62.132,39099813900,1449
44,61.702,18097355600,499
45,61.3905,18097354201,734
46,55.248000000000005,12085001000,246
47,53.497,31145963200,1055
48,63.9315,48309001800,1875
49,72.247,06029001600,841
50,61.8465,18103952900,2151
51,56.252,12086003706,86
52,56.35,12086003601,378
53,63.0715,48329010200,1426
54,56.5075,28001000101,3565
55,78.0295,06071009129,3109
56,60.6305,37001021000,1079
57,57.1115,22079980000,328
58,54.639,36003950600,2860
59,56.5645,22003950400,8895
61,58.565,12003040201,16703
62,59.121,12003040101,3529
63,55.1035,01003010500,1456
64,64.6485,48027021501,2011
65,52.295,33007950600,3796
66,59.312,48253020200,1852
67,64.417,21015070504,1649
68,59.216499999999996,21017030202,1650
69,63.721,36047010100,310
70,56.053,48047950200,3081
71,52.502,36007012800,517
72,52.502,36007012800,517
73,56.922,12011042502,252
74,56.265,12011010405,593
75,58.168,55009001801,1510
76,59.8645,36037950501,1365
77,58.422,38015010100,163
78,61.8335,48053960301,3562
79,62.592999999999996,39017000300,740
80,58.435,26025000600,1003
81,71.134,06029006500,6870
82,61.535,42021012600,2125
83,66.095,21037050100,366
84,59.5005,51033030100,3573
85,55.3955,30013002301,3165
86,57.836,31025965600,2670
87,67.14500000000001,04021000903,427
88,58.742,22059970200,1588
89,67.672,20017960600,8734
90,68.9915,35005000600,1677
91,51.788,26033970300,887
92,53.122,50007001100,1256
93,57.057,21047200100,559
94,64.305,35006974402,2111
95,61.85,40119011302,3376
96,62.55199999999999,18019050100,693
97,62.55199999999999,18019050100,693
98,56.393,19039960100,41
99,59.58433333333333,18021040200,1651
100,55.924,42035030500,1766
101,55.275999999999996,36019100901,1660
102,61.033500000000004,18023950800,826
103,58.487,48355005900,7704
104,57.846,12021010604,500
105,59.707,39171950500,6778
106,55.9095,27035951200,1287
107,70.593,49035111602,755
108,59.295500000000004,06073005601,302
110,66.487,04027011407,4918
111,63.739,12115000102,259
112,55.88,31153010619,955
113,60.018,55111000302,1449
114,64.13,19163010700,646
115,56.087,05131000300,347
116,57.9105,39147963700,1684
117,59.73950000000001,27141030503,1490
118,58.6055,19167070602,1584
119,58.5745,54039013002,2884
120,57.291,22039950302,9068
121,61.435,48163950200,13711
122,57.4765,54081000300,4131
123,57.516,54045956200,5277
124,66.412,26147637100,1727
125,63.5495,29186960200,694
126,57.7565,13259950100,9089
127,52.562,33017081600,1685
128,64.4255,56037970903,5546
129,62.989999999999995,48491021100,667
130,61.368,48451001800,1189
131,66.074,49045131200,962
132,63.652,35057980000,10361
133,63.096,40143002500,939
134,55.453,12086009100,495
135,55.7995,23015975500,5028
136,65.3045,56041975401,4886
137,58.362,48465950601,2418
138,59.812,48469000100,505
139,55.941500000000005,12131950202,3689
140,54.349999999999994,38101010100,316
141,57.963,05143011101,1039
142,63.206,49053270904,3625
143,68.5575,32031002622,688
144,60.17966666666666,55133202700,1259
145,57.263,48479001817,817
146,67.099,49057200400,1412
147,57.7315,54011010203,1494
148,63.2145,47167041000,3207
149,58.0875,51161030501,3519
150,65.375,48485011400,2472
151,59.744,48493000300,2067
152,55.039,22127960201,1555
153,62.945,19193001300,920
154,58.6085,44007010900,446
155,57.059999999999995,30111000902,795
156,60.040499999999994,05091020500,1229
157,57.7495,16031950400,1100
158,63.747,46099000700,779
159,63.841,26115832000,1088
160,56.11,36057072200,1937
161,65.0115,48339693904,521
162,57.943,42027010300,3927
163,62.149,19139050900,451
164,70.936,36059407802,396
165,61.014,56025000200,2288
166,59.6785,22089062700,4515
167,68.2465,32023960412,3798
168,57.694,37129011610,748
169,59.645,36063023600,2271
170,57.871,54017965100,4871
171,60.379000000000005,26085961200,10095
172,62.0895,39099800502,718
173,58.54900000000001,54051020200,243
174,51.6935,53053061601,1518
175,58.115,27119020700,2146
176,55.1145,50011010600,4520
177,53.421,51069051102,793
178,61.3065,21185030200,2611
179,61.135999999999996,21185030301,2382
180,61.567,12095014503,661
181,59.053,36071011900,2737
182,59.040000000000006,06073010015,3907
183,63.8875,35035000903,5761
184,57.067499999999995,29153470101,7534
185,58.4855,46103010202,708
186,54.373,29161890900,1498
187,52.999,31137967000,1778
188,56.429,01107050300,5782
189,57.251999999999995,42103950501,1543
190,58.676,22039950200,8295
191,65.666,12103024510,207
192,58.361,56031959400,14161
193,58.58,25023530500,1356
194,65.193,12105015200,6
195,59.291,19153000201,3138
196,56.97,48061012301,1658
197,57.505,19155030200,1069
198,66.053,48251130410,317
199,59.269,47141000500,1248
200,58.605000000000004,51179010218,2922
201,56.923500000000004,22073010605,2304
202,57.055499999999995,48479001827,886
203,57.211,22029000202,2830
204,60.083,51670820500,654
205,58.355,51770001100,352
206,63.268499999999996,13063040637,2210
207,57.0055,51660000204,1065
209,55.769,23005001300,566
210,62.786,19193003600,2734
211,51.417,16027021300,632
212,65.101,48113010002,756
213,59.668,21059001401,1770
214,57.733999999999995,54003972002,709
215,68.77199999999999,49011126205,2226
216,61.19,34013007400,441
217,67.546,08001008200,1007
219,78.0295,06071009129,2733
220,62.917,40011958900,946
221,59.471500000000006,48163950302,8211
222,59.471500000000006,48163950302,8211
223,57.741,55027961100,1491
224,66.038,35013000205,1068
225,61.628,45035010603,1250
226,55.032,55031020500,1119
227,54.101,48215024600,2216
228,58.1515,48095950300,12503
229,72.355,48141001700,420
230,63.935,48141003404,1344
231,54.538,48489950400,3310
232,62.647,34039030200,1063
233,58.1115,16039960202,2548
234,64.26,04021002005,1789
235,63.807,42049001300,361
236,64.24566666666666,48141004314,192
237,61.404,01055000800,1161
238,56.96,51147930201,2121
239,58.238,21067003702,1100
240,69.008,13121006801,237
241,68.455,42101000100,457
242,60.21549999999999,20055960505,978
243,67.182,04021000904,2036
244,67.182,04021000904,1941
245,54.197500000000005,12021011107,25540
246,61.975,13115000600,658
247,54.948,13049010102,7202
248,54.948,13049010102,6810
249,54.948,13049010102,6574
250,59.227,42055010900,1429
251,60.721,27047180900,1146
252,59.879,18049953100,1633
253,65.43299999999999,40049681300,1110
254,62.2585,37071031901,640
255,64.261,39055310900,5185
256,57.147999999999996,12043000202,9077
257,70.7645,06029004702,1239
258,56.948,38035010200,1052
259,57.584,21085950300,5261
260,58.7145,29077004304,1888
