FACILITYID,flood_risk_area_m2,flood_risk_percent
10004639,2028314.5631575831,57.02293230711874
10000450,1348158.4226427595,37.524599297226366
10006936,0,0
10004024,1786794.462911793,36.22342217711111
10004650,1466835.7285163773,37.92889280900665
10006939,0,0
10006303,648092.1636042366,16.400906279376795
10001082,874298.1049620496,20.822909070152587
10001091,85243.1490251592,1.879589793695983
10000356,1484494.7814067206,30.40784601544902
10003943,335375.37556376704,9.205844607751821
10002237,37410.65366495866,1.0532483938443182
10001866,978365.3575894564,28.419597115284077
10000630,520854.4943123255,13.774745055846289
10001077,NA,NA
10001087,52760.41982921297,1.1323357574321662
10001100,13968.579793072491,0.27068442755205685
10006663,48640.11097309805,1.074906178437927
10006658,85759.34204890988,2.4440236498533525
10006541,376525.6914224556,11.290567854030064
10001089,0,0
10005639,361338.61439951323,10.60675791743975
10001856,344196.6751248908,10.125770414606485
10006643,70050.68360807057,1.5253018588981961
10004286,166108.81203131232,4.711679995958646
10003486,NA,NA
10003587,595492.5644738048,13.566097227668283
10003472,164429.4460520049,4.566051381138119
10005043,145337.65457388666,4.194807087062675
10000360,244213.3801173578,4.954637006077963
10003891,229001.1728311457,6.285895457259912
10004517,242061.01001758326,6.485406026390446
10006331,1452963.9454296199,36.761960773383635
10004522,780144.1640981109,20.96314457825828
10000295,1289109.2305250664,35.02970176801094
10003878,508743.2466269677,14.463042216099586
10003461,585864.8725507658,15.945176754695678
10000917,461015.86412928515,13.122834696176316
10003453,40743.301748592545,1.0491825828501185
10000023,NA,NA
10000312,541210.3802493268,14.60582004211032
10002115,0,0
10003911,53030.51797957451,1.4903105424533074
10006510,0,0
10004525,667972.4632030427,17.305545989869593
10001550,444284.8378145682,12.97702404394247
10005208,0,0
10006354,NA,NA
10001636,NA,NA
10001614,0,0
10001552,430088.7988646893,11.638815050594049
10003900,69677.29840395937,1.9161404512832947
10006353,NA,NA
10002364,NA,NA
10004035,463570.1661565888,11.909102783118454
10001569,1315753.1515059501,19.495351189024106
10004491,459381.0321261164,8.157550381931282
10000918,411601.54172470444,12.184850262033226
10001543,547668.1534763856,11.26848587082048
10001548,NA,NA
10000919,NA,NA
10002146,27532.088291711018,0.5920093211983645
10002134,720227.8980038335,15.615995613853052
10001559,NA,NA
10001542,425816.7387328314,8.376361469034975
10004740,NA,NA
10004027,458931.5395875147,9.543646160995904
10000060,0,0
10004028,111338.92966759448,2.173762443674339
10005832,NA,NA
10000417,1469597.1393314353,26.356858207264334
10000915,0,0
10000474,2424583.664312044,63.929430977073984
10000445,2546110.5583895687,67.98149690155309
10006548,NA,NA
10006329,1192528.4830678245,32.01420882867059
10000533,2774559.3358472628,73.90575623478516
10000492,646393.7645335923,16.714822901200836
10002176,2947956.940982653,70.56616708128074
10000409,135224.88466134667,2.6178156932475645
10006208,1139990.3812784483,29.05394373580787
10001555,0,0
10002152,187051.702216292,4.878628236951172
10001574,1786339.0167548861,48.35344679298154
10002223,715800.0984488494,19.248305121604414
10001448,842969.699639431,23.052471034584805
10000509,0,0
10001437,117499.47304068644,3.557555123997437
10004586,656502.6539455871,19.297898326940683
10004556,637386.8541194315,16.212011797260768
10000433,2001164.672174305,53.570131441169956
10001176,NA,NA
10006168,3819861.717330369,94.46105736173124
10002225,0,0
10004585,NA,NA
10004239,1129745.28833839,31.966518181457566
10000413,3482208.3420686177,94.09934515405868
10001042,1339886.756572575,32.74078165429715
10001936,0,0
10004580,1718835.5481976052,34.828156289694675
10006297,1023098.0676178519,29.33704533658228
10001867,257757.6543898429,7.497022588579129
10001061,787739.7392195064,15.661527871905983
10001166,302210.91747987433,6.977585196458734
10000438,412855.2034732096,8.729127081541685
10006511,274218.70309106,6.649548562775759
10000187,1062758.1616597064,18.066098673893507
10002941,NA,NA
10006328,3226928.5046361634,83.7507431614885
10001068,123543.64148006782,2.2826320398684654
10000186,621568.6322386749,11.185135561373475
10000205,67333.26737252803,1.2716148930577793
10004903,825697.2902026492,20.71913123596385
10000285,97549.30192269135,2.0916171029985846
20000140,701444.5881511705,19.00340300211573
10004256,1892859.7317746435,54.36554753093643
10004895,478503.91354354616,12.587360471127566
20000201,531183.2662482196,13.335771674981487
10004822,867394.8499454984,25.876182354361845
10003759,0,0
10000099,0,0
10001072,NA,NA
10006203,0,0
10001051,713142.665986593,11.201309458477473
10006382,172908.49871160655,4.938034454263028
10003203,NA,NA
10001748,884051.2980246445,18.232226506725656
10000292,1456854.8933902935,32.08853336867736
10006176,57560.58842846495,1.5935336538401061
10000123,0,0
10006333,1344994.5592065037,39.59683152593476
10004168,741660.806951114,20.460714723456263
10001760,281850.1404930847,6.5407798906964745
10000314,51905.12113719044,1.1440403911328558
10002106,197252.34063291666,4.200605492669491
10006153,15946.844524695785,0.32189921764324186
10002129,1428.45388678949,0.031080233623801756
10003618,108854.66453527202,2.8274426953787133
10003973,0,0
10000580,0,0
10001421,NA,NA
10001980,1239806.6104020379,28.93754429290879
10006661,0,0
10000378,NA,NA
10004496,285744.92904491606,7.0700053765709825
10000297,156850.0115954243,3.3885559504727327
10000323,16352.136357812058,0.3834284204442546
10005199,0,0
10000284,1422660.6012797276,30.621188527107574
10000303,716781.5091895153,15.491206240380487
10000565,NA,NA
10000496,580349.5485247317,14.11595077744916
10002137,10096.389068165709,0.21409071377055333
10002108,211322.53171286662,5.640951934719758
10000304,162301.0409134002,3.800482258359212
10000310,99086.7804516186,2.08417346618763
10001975,0,0
10000283,297787.029396485,7.005536087205426
10000601,104299.08885455574,2.041193741384057
10000258,710355.1077699154,14.679418122276905
10000579,0,0
10002126,0,0
10004453,0,0
10000582,0,0
10006542,113915.10462176944,3.371369066214383
10000318,1230116.2849828126,26.646118526703294
20000200,1142785.5098876401,23.133394604112418
10003952,0,0
10001391,NA,NA
10005201,110194.53248042721,2.9634050423219405
10004724,NA,NA
10000639,153095.87152884743,2.3407871712788677
10003386,337358.35870809347,8.110440959964356
10002142,288300.03275869304,6.695772733079595
10004514,1424067.6967148776,37.79130536927774
10001040,175443.2451034403,3.6116441727490725
10000925,0,0
10001593,0,0
10002088,NA,NA
10000226,127547.36417406914,2.6956265362443674
10002095,181013.53731666724,5.190687617571883
10001362,369764.7868661739,7.14638507460129
10000277,250683.68610228618,5.0420144093721735
10000272,418.4414102715471,0.009068736177531145
10001389,264694.52299801895,5.0734236560534836
10000694,0,0
10001386,1063533.3840008476,18.04326922608634
10003824,499680.5864273416,9.803971707522836
10001341,NA,NA
10004594,510061.28300923354,10.130427815041564
10004647,NA,NA
10006385,NA,NA
10002872,453065.0592505151,13.063086118167694
10005771,744285.1522944343,20.341547590387357
10000274,207907.52766817415,3.1947091485287746
10002701,0,0
10001383,0,0
10001457,753206.5414053935,22.117249626692743
10003076,NA,NA
10005124,NA,NA
10000264,NA,NA
10004592,126691.00956290394,2.542583757511161
10004593,344771.3730748063,6.829168247697208
10003978,93314.51821013412,2.117908035195938
10006179,0,0
10001214,265770.4595680686,6.6573662105074245
10001223,700799.3737115172,16.148503719459026
10000149,202659.28354380088,4.857573656582644
10001957,173.70770935044285,0.003960298498314907
10000132,30956.794223515815,0.6758994660110094
10000140,410392.93425093545,9.861407722146865
10000142,297889.9021250716,8.723594248603685
10000278,633794.4573514323,14.100015636363144
10001226,1288762.907491941,35.65801630381034
10004622,1096237.2058978404,32.00052512617258
10003698,1420037.7059079958,36.48191960099338
10000139,915898.2654222306,21.429508955533755
10000129,920094.9416905397,17.318102500994602
10000864,1514286.2571960245,31.39153981591794
10006334,735268.3027482859,21.74458493304739
10001191,0,0
10003721,NA,NA
10001209,NA,NA
10003710,NA,NA
10003728,22345.977247157785,0.5538361890347411
10006241,1102269.2201596212,30.751933367948187
10000146,48650.34742401556,1.284066548417663
10000143,929506.4077617594,20.705220090121212
10000150,117324.82416209592,3.392627521352613
10001222,NA,NA
10000124,64167.26580023027,1.3602369184489205
10000127,258694.21279465593,6.902991816827071
10000355,111021.37915622962,2.985789746831425
10003732,NA,NA
10006524,0,0
10001345,0,0
10003736,NA,NA
10001180,468416.68207431433,11.040648819094292
10000079,1063329.7073210808,27.03714856419326
10001185,571335.41188802,15.48189592673315
10001183,0,0
10003083,NA,NA
10004339,8195.919225101437,0.2314652053286378
10003712,NA,NA
10001582,0,0
10001182,550684.5749983096,13.313058247510606
10003307,7386.455565981634,0.17073740115922792
10006522,395243.52491478523,10.902667561252596
10001173,NA,NA
10000083,1209631.814928672,28.634608478009778
10003308,46350.630824036176,1.2636859210495643
10006529,NA,NA
10001187,3792.232778044605,0.09915337563243115
10001172,NA,NA
10001175,NA,NA
10004335,NA,NA
10006525,3457327.1630195887,88.92191851823937
10001909,117623.19676460225,3.3556460439686324
10001178,0,0
10000262,1088316.5636319537,15.60608603594952
10006526,467343.19874159433,13.222045902107233
10000621,0,0
10000087,537000.4566409761,15.463647659610025
10000081,922078.7722994325,23.88137946977825
10001578,220208.26388497505,4.848293020587619
10000439,NA,NA
10000090,2585731.1413924065,68.29273028119103
10001318,0,0
10006528,250340.19524179347,6.698465196161256
10000941,49200.38856726102,0.9030869971673304
10002066,1540951.807055529,26.4557023937884
10000043,343194.5179340334,7.278309123553458
10001330,1040719.0162117997,23.260061429940176
10002117,4893.456472433243,0.12448150646614797
10002248,551288.7059311079,10.280405579288917
10001090,1345035.3380261157,22.720544816691397
10001099,45808.51229644518,0.9848616381405687
10000605,541365.2126295358,4.133930200738313
10001080,871377.7478734872,19.682658302193207
10005863,NA,NA
10001096,110050.62556050597,2.6451533595549233
10002246,234099.96234451537,5.40341305136907
10004633,199281.79168415765,5.5446930686171125
10002105,199997.59195472056,5.711602121287007
10006311,NA,NA
10006544,0,0
10001853,427008.0187074661,12.846031024874783
10001949,NA,NA
10001869,173518.22457599477,5.071806034141768
10000576,840084.6707937887,16.094011708016843
10002228,NA,NA
10001745,121119.89191911588,2.6816992720119703
10001181,728190.8837356105,13.339518984482071
10002204,0,0
10000683,1263249.5324976374,24.12889929314746
10002217,880210.2215139184,23.8929780977789
10000572,151960.72327060273,4.328622833204226
20000220,9286.89800002333,0.1824859256286202
10000682,0,0
10000685,NA,NA
10000676,0,0
10000662,0,0
10000644,1441949.529021711,27.16843740270835
10002401,826291.1353963921,24.383637173711865
10002399,356720.61298283766,9.868851642072503
10006633,314196.9480161335,8.51619164003211
10000660,0,0
10002400,188865.54798565875,4.804268227967297
10005380,70262.43120543825,1.94286069180712
10000652,577078.392457124,9.909589455355427
10000678,0,0
10000695,NA,NA
10004734,NA,NA
10000665,2033971.3369141414,37.917085577641124
10002395,951248.8310957486,26.3138308447084
10002258,0,0
10000677,NA,NA
10000669,451829.45547992515,10.091735007493616
10002396,1017128.0103125136,26.868246526532687
10000646,81663.51102675826,1.90566268383568
10000674,NA,NA
10000688,0,0
10002259,135125.3545794408,2.7278182163079276
10000720,647930.9441896271,14.415019055359679
10000672,0,0
10000708,219939.53927285984,6.105385660195208
10006352,163917.2410724439,4.094460807770279
10000707,371240.33018547314,8.330089208451302
10000664,1906957.4735152416,42.53900750456642
10000336,1213903.204678974,25.86688522811752
10000673,0,0
10000771,9698.57164404531,0.2414997837514293
10002153,519119.64570166636,10.512814078834111
10000422,3347717.2647513775,69.4837400557236
10004712,1922679.032867699,42.59062404903168
10000693,1160834.4589984869,25.189402143383603
10000368,945328.5866437664,19.00165151698278
10000339,10725.52272858034,0.20160989484784847
10001065,1019108.7935586639,22.08281818555892
10004575,1358500.0584711474,27.009147610116795
10004555,198527.7608347516,3.8663062039781178
10004920,6460.04156990669,0.1288312546382159
10000395,812195.1051883413,16.355794552869877
10001054,0,0
10001060,677185.4795014029,13.89871719402331
10000396,1535940.865974166,33.18187561629843
10001075,0,0
10001071,873447.769319767,16.25330756113398
10000585,NA,NA
10000432,2882445.395654956,57.18014396417126
10001059,0,0
10003012,207522.34366910494,5.379243972912628
10006309,417545.55468126974,7.552255148107315
10001073,938812.7978541953,17.459229199905494
10003002,0,0
10000560,854098.1995146484,20.512580101224824
10002997,456177.8496889545,12.482977658743028
10003006,0,0
10002192,1385151.8422879276,37.76679951253122
10000562,0,0
10002210,52065.539137135,1.439999970867952
10004913,1695525.0791822723,34.69915018090248
10000261,48755.16362892317,1.149529004860178
10002843,2600894.7075472563,58.41018557216465
10000385,1947471.9085852823,41.305658956339606
10001063,0,0
10000414,1222670.846308811,26.2027895140228
10005258,0,0
10001052,0,0
10002991,0,0
10000428,NA,NA
10000260,184515.3318104495,5.369360025103358
10000384,2065182.938056923,41.11340722814729
10000871,651086.287628754,18.917945237446666
10000949,1827098.7377852653,36.14057621786677
10000430,873386.6236858263,22.095579900379818
10000329,2268194.300272792,55.89190160990489
10004747,NA,NA
10001045,0,0
10006290,84580.94527865392,2.2723632042654276
10004094,111708.28629306414,1.9864660938998784
10001907,3145263.3162378646,85.13862529609193
10005933,NA,NA
10002187,0,0
10003000,850866.1768811828,20.491592756522657
10000546,5202059.254722312,100.00000003926924
10005599,307142.9965095342,6.5416305401370956
10000259,627406.3039959429,13.244133986311093
10000467,524167.28147707315,11.069536375361585
10006613,301840.927174176,8.50860094237683
10000691,1555783.0176313152,40.8293401748268
10003008,0,0
10000460,1678993.5930233388,44.53094686018693
10000504,NA,NA
10000658,372226.9632672827,7.649105324873343
10006167,NA,NA
20000240,185428.16485004924,5.500200370743771
10005267,0,0
10000633,223473.34276044782,4.57529603736686
10005319,1426.588854093308,0.035381944913624216
10005362,66234.60347219564,1.7977157686661531
10000308,55679.96787681395,1.4657286367180533
10001041,NA,NA
10000840,0,0
10005275,0,0
10000642,556588.9510487649,8.772790328904872
10004852,NA,NA
10004527,1182187.8441608213,31.309358796487906
10000653,552477.1090670144,11.151172842210396
10000545,4367968.785991713,100.00000002447268
10004812,NA,NA
10003928,447113.8418950203,12.860454209402574
10001030,2108543.623269692,46.083189080640274
10001028,NA,NA
10001162,373384.4198117557,9.75602169965607
10002488,634256.1806997594,16.239931352577297
10000874,298589.831425638,8.31834592591746
10000689,0,0
10006350,NA,NA
10002121,653923.9960629448,19.255190417269972
10001033,340416.0911155144,6.744627950751386
10006209,39692.82013276071,1.0032998914021092
10000671,1051.5920547326523,0.023483205652775938
10001050,72615.79882022474,1.8993277790009317
10002102,0,0
10004505,297199.22121377,7.973078455986976
10000655,503083.03342095006,10.718954737446444
10000319,674202.6427652657,15.575565234392549
10004616,229727.06528262433,6.73904401740977
10001605,410109.7554345215,8.358302541919237
10001972,1909856.9849379566,49.12004608010198
10000084,557921.5749752587,12.434725967820667
10003678,132719.30847300394,3.309457518707579
10006326,472553.4753752491,12.170832261302136
10006327,229481.7852493895,5.7854343420537555
10006596,903606.868800049,27.360255793248317
10003647,219203.55425745295,5.600939151843895
10000503,NA,NA
10000361,188348.3326535759,4.9144598452600015
10000518,916229.0486453983,23.650683015995327
10004312,583706.739423432,13.592874896855728
10000403,838409.9499230008,22.354261978407244
10000382,1329111.5171742793,35.60501672202372
10006210,152443.46411721339,3.6510532086098246
10000647,222828.8904537374,4.044914232709994
10000667,0,0
10000457,553527.8201251351,14.960220798161192
10006597,941715.7536201677,27.685763488266574
10000455,1080494.0129895979,18.830062174458778
10000687,1949132.8657577918,40.92203045505822
10000635,0,0
10006389,399236.0303107183,12.113975632941846
10004667,0,0
10006351,182166.894738191,4.4647947703865825
10000641,130863.33166914382,2.8869791401653484
10000657,19061.89832382906,0.5663894633307589
10004677,103901.2774941095,2.2440762104840912
10005054,0,0
10000263,304932.29664868786,6.197213721857518
10001325,315484.0809366701,6.128316597715165
10001319,1268089.282193507,26.938208383993512
10001333,567302.715156223,12.209486454898087
10001062,281777.759585462,6.368136347347216
10004176,158631.82340060573,4.4140536032433015
10001067,0,0
10001236,NA,NA
10003680,660041.0681423643,19.158014073097863
10001944,0,0
10000316,757489.659848626,16.509946352528388
10006749,0,0
10000320,878195.7778989463,17.281230558036846
10000325,602577.1221914312,12.85216513579473
10006339,0,0
10002138,0,0
10006154,210413.53188140065,4.5447108855272225
10002144,783678.4142307175,17.06249645586909
10003880,187560.29042191547,5.1606332446004375
10004497,187957.5507604771,4.77929126363027
10001415,927627.2308578896,26.04467603920516
10006453,346699.80025336985,7.935775752792987
10006322,140723.35332428585,3.282641207295426
10001759,959707.3024372824,21.00915964002215
10000309,1549016.4420333472,33.44100373184838
10002147,286769.9789063365,5.954006922496464
10000307,2224326.2050688267,48.620008770376785
10000328,2139743.7355957995,44.126833792862186
10004216,2712884.5495179812,69.7576224523235
10004177,NA,NA
10004487,697220.5589471887,18.290133816852876
10002139,55679.10078476639,1.3212519936479226
10000116,757068.7202164879,16.588323129457628
10000120,2527729.029677343,53.48777872444901
10002118,0,0
10000293,932765.4484425373,23.57417609162998
10001424,191872.84649876168,5.178528841103243
10004551,1312956.42416612,35.381895446409104
10005188,178203.67315293069,4.679545913891461
10000302,178646.49976844245,3.9331242854855204
10002136,1089336.225449975,27.773735655969283
10006344,0,0
10003650,0,0
10006345,776879.9291590627,14.075317492928999
10001801,804746.1281812289,20.174190153173775
10000117,1816972.2386867045,36.63837522177243
10001411,0,0
10004534,806951.5803570657,21.2267095287194
10001095,669036.9603358549,19.94840489301603
10001426,81169.26293958146,2.305352924972236
10000103,101739.4743062655,1.8314430115540803
10004500,112383.50749656279,2.9386532549537883
10005191,141299.08893399645,3.711508361402572
10001788,275558.6317289403,6.643328927451346
10000636,0,0
10004173,986862.2611405532,19.789115033700142
10004183,427772.49453791557,9.91287164959181
10001747,720450.344723152,16.13920234448496
10001753,0,0
10000638,434520.79171278875,13.03691216183922
10000128,0,0
10003694,382330.3355936825,10.145997713785436
10003691,1354434.2763403899,31.31925047684785
10001793,1701597.6597200853,35.798203608137804
10003692,1251141.0387047655,31.914608247663196
10000948,NA,NA
10001777,196664.62984001468,5.107249838145176
10006582,139272.7279296402,3.763718793969839
10000126,47747.66071599186,1.10607638906762
10003690,0,0
10000442,124174.47578549643,3.320527381183385
10000972,1940246.6265614654,30.83029937173177
10001021,2905180.1123832967,71.39501600660991
10004619,119602.41319269311,3.4353377321527283
10000471,821213.5797811382,23.065316255890743
10004174,767247.9402151203,20.487066913604384
10000967,128186.99790796125,2.3842090931750293
10000960,NA,NA
10002416,2493218.6294205757,49.06694251122568
10000971,1035603.3831593496,17.664096202126988
10000963,25150358.410190087,99.99084509026707
20000261,3404140.8850627546,94.7481312857623
20000262,2216675.9116008296,57.54886486265913
10002165,1103656.9731222142,31.34152277210121
10004657,2355529.934977496,69.23502443455786
20000260,NA,NA
10002097,1343748.666082472,30.749684952081992
10002206,771665.4335034591,18.9040728854896
10006564,380622.30335935036,11.569773732622885
10000449,1354491.394947952,37.10755965248176
10002096,184267.24667110076,5.128564044642077
10002600,0,0
10001632,95692.4197978027,2.152548640524687
10002560,NA,NA
10001609,0,0
10004068,NA,NA
10001630,539375.6644333716,11.397491134800616
10005841,11692.860205904593,0.3420082499843838
10001608,109207.35558698805,2.3606544650292025
10005864,NA,NA
10005865,NA,NA
10006556,289373.4425366321,8.271475520689036
10004060,732162.3725164001,18.46381564044289
10004185,1455435.6851252725,43.054816081302945
10005867,0,0
10005848,96068.21312438679,2.539866106202868
10001768,536154.4158608153,15.890447480071915
10006216,74962.43111450628,2.148011520961334
10011326,270146.1689882823,5.8309699062151825
10000954,NA,NA
10001815,1569482.317085586,43.61619356664321
10004259,276025.1061576768,7.584666613958328
10000508,0,0
10004260,6358.953757151504,0.17745238567815305
10006567,2268812.4553068904,63.399638793028004
10005263,1075599.358032884,27.540506403196336
10006568,NA,NA
10004651,1010913.7912933045,29.53583976388698
10000388,NA,NA
10001751,258921.27019149187,5.911181320523308
10002174,1909363.562987172,40.42449719051084
10006348,91230.35265818407,2.4366058628903002
10003864,386053.9856305839,10.024499724027022
10003861,152723.2483790276,4.267224805244763
10000459,NA,NA
10004614,182617.0600935338,4.964463678400327
10000498,1770494.3066110269,46.69398477737868
10004204,189572.78768495354,3.545761927797147
10004444,677354.0344987119,15.549234461039664
10002101,NA,NA
10006535,2896240.647851643,55.418141978224966
10001393,727671.88056015,13.830339592385743
10004451,711727.9429714431,15.946526503093178
10000282,NA,NA
10000374,1279884.6350973998,37.02588629825806
10000281,1317679.1355297384,29.081298831977225
10002182,520482.1423995403,15.007299720624182
10002098,978529.6432265724,23.237679453354588
10000480,0,0
10004611,3424977.5875059883,99.2139838481092
10002178,1729914.3943736977,47.82366728202337
10004188,139860.4617171245,4.047627833053434
10004567,274951.79316013417,7.3499203546102425
10006383,42491.23524395576,1.2044405156493827
10006324,1081698.108105338,30.68120294517527
10001401,64357.510132779964,1.8915373741552082
10004449,391724.02689720225,8.420588091231455
10001022,859666.4464766597,23.300866348792113
10004612,1217490.8644904525,34.77069098781887
10001392,612017.1732299319,14.198777910773389
10001396,503331.3116323248,11.836988064415978
10001547,NA,NA
20000263,1340286.2935124876,38.36154787284124
10000252,645876.2269506826,13.440734422576215
10001546,NA,NA
10002510,461741.4138183745,13.647526188407799
20000264,160403.28529819916,4.6913193438742855
10002359,NA,NA
10001560,NA,NA
10006536,4040838.6380505124,99.99999999158506
10004656,3145732.458786487,75.42973185310602
10000772,0,0
10006537,NA,NA
10001616,1596090.5862016338,43.84683937040901
10006380,NA,NA
10000990,2608.9386521277097,0.06899205891986462
10003592,NA,NA
10003572,794151.0158250119,22.17260938067703
10003047,73980.911929867,1.6554955054471976
10001697,NA,NA
10002579,44991.25733384285,0.8969318630570815
10000122,363285.1030340751,6.741658026274994
10004034,457497.5474944367,12.245784009225165
10002556,439335.02497566334,12.679915892826404
20000280,351939.98778782465,10.441751698090172
10000101,156433.4933490937,3.0515890027334005
10001170,10767.684594141941,0.23121941598731732
10000109,212138.04051865474,4.398182152066749
10006315,NA,NA
10000112,NA,NA
10000115,103086.25850105516,2.406965411917208
10003645,215902.65997590934,6.241250750194391
10000980,0,0
10000110,173744.3448136412,3.625312187965572
10003638,817326.7042954746,23.770744349190803
10000121,972853.1348179661,20.762381506887447
10003651,8751.057455807537,0.2171932238882587
10000106,NA,NA
10006314,3589662.9111506776,76.4503929197862
10000107,397528.4424236297,8.18696125382218
10000102,396116.88417885994,8.657576818639537
10004327,1554905.9489678366,38.65047664508175
10000017,1166465.8381800298,32.592944350465544
10002301,204117.10002852054,5.211266383508902
10000737,NA,NA
10001044,0,0
10005222,203594.29876427748,6.214896777429073
10001043,1022952.962047673,21.943942895061493
10001145,0,0
10001830,NA,NA
10001034,969581.5504906032,17.500649957687507
10001031,961694.3388107683,18.563521245097014
10001729,NA,NA
10001832,NA,NA
10000463,1171220.9723476244,31.052284378208032
10001048,132274.23860690312,3.9018321148746713
10001544,346855.7861427454,8.917648603727196
10001732,23718.760834623736,0.47741561616683287
10001733,396140.05612081394,8.003217950865949
10003121,327261.4846521707,6.4945982905282005
10004015,0,0
10000814,0,0
10003077,NA,NA
10003082,375731.8308078299,8.00866170362774
10001133,NA,NA
10001150,171301.54775581261,3.4406652826955506
10002688,657671.132720144,14.485935098116542
10002347,0,0
10002348,136516.30586988307,2.2029034370112925
10001458,0,0
10004606,384962.60506671795,10.044001999857313
10000519,848066.9150103407,25.056459415635697
10002629,993395.6816425709,25.039083590742422
10001722,427629.10693684686,12.8440137540963
10002361,732456.5932294407,19.477910222589742
10001652,736181.7188582979,17.85955174722895
10001519,9494.383276267852,0.17692245236681647
10001566,NA,NA
10006310,0,0
10005361,0,0
10006205,0,0
10003580,161520.51741736752,3.6528754164732877
10000461,0,0
10003584,656107.7416643512,12.90468407457924
10002689,0,0
10003387,259510.81016919532,7.795288422453255
10001143,294.99726989499584,0.006159290260258056
10000244,4718239.61119875,99.99999999999739
10000237,765977.7787622116,16.490424301008744
10000211,136126.85279895453,2.46854318298137
10001163,125543.71754953932,2.6666134525201053
10002692,0,0
10001811,2072474.6862713366,40.308663792826145
10006201,143218.35182120782,2.750315427766487
10002330,35251.90054320642,1.0032894482446753
10003598,90753.61347239325,2.5549423835208827
10001812,1410211.1897391288,26.963704966831305
10001435,0,0
10000118,217763.92927706765,4.43802675912201
10006198,2098790.710734862,41.49274888838445
10003135,NA,NA
10001301,1540569.106025816,27.436441756562747
10003068,15696.099652317524,0.2949035997603727
10002800,NA,NA
10003652,259246.4833468063,7.681323653487896
10001125,464253.6947831861,10.963467765170474
10001283,NA,NA
20000300,248465.42783044503,7.5106040103315825
10000863,1944292.8151127861,37.63528563446891
10003385,215771.263346525,4.441092985132891
10000833,0,0
10003764,659022.0428686327,19.29945157122576
10000831,27989.400449599994,0.5495545127717205
10003614,NA,NA
10001135,0,0
10000627,205690.59847480347,4.090361421934237
10006180,0,0
10003069,372239.82742177835,8.057330530483013
10001134,0,0
10003070,227016.128060027,4.692620317425754
10000887,2827641.0430085305,60.41959476861229
10000867,2266603.1346606268,51.38448294713282
10001875,979805.3641512579,21.061126289218073
10006199,12553.665835561003,0.2666608820092464
10000806,0,0
10000892,NA,NA
10006193,0,0
10006299,55449.16929781046,1.5671055639702545
10001146,0,0
10000935,629870.0835724802,14.371343500854127
10006171,0,0
10001873,1268096.25093056,37.99602921720772
10006944,386615.4004720242,11.271342808690004
10001938,NA,NA
10002693,0,0
10001382,37.20321426035599,5.996273409748684e-4
10000044,198072.5661299251,5.100635416344668
10005303,39152.31775886546,0.8246943021485088
10003757,93403.987939716,2.3380444728687784
10006196,41464.56901623587,0.9151089916885112
10005261,0,0
10001238,153219.33381635183,3.5413023395227823
10001346,275719.9660402313,5.5992008909306845
10006374,844446.3986985415,25.45476573577422
10006200,51033.66296694256,1.3852923672534843
10000006,57139.17084902416,1.142085554074236
10006177,0,0
10006175,98772.31741457268,2.011819576081606
10000100,558605.560261726,15.194880373063006
10006178,0,0
10001165,580287.7128591792,11.953133410502499
10001958,411362.04367815796,11.861712695482233
10000004,343920.12753734493,6.179285099123553
10006152,1699763.5875240206,29.15837074789535
10000613,147250.19288064764,3.199920263511935
10003615,NA,NA
10000624,0,0
10000141,2491484.228476274,48.318231434040065
10005694,NA,NA
10000603,360658.71800575446,9.504003533077885
10006173,299009.35438554635,5.735300206437003
10006174,97621.7725951875,2.404953411819391
10000257,NA,NA
10000136,NA,NA
10003616,NA,NA
10004922,894559.7224782988,22.28360315096332
10006194,0,0
10006148,1035763.5733848871,21.72038658837733
10001761,301941.89240037533,5.888541525540221
10004008,0,0
10000830,0,0
10000832,0,0
10000581,0,0
10005378,452200.43985983176,13.003552292936376
10000770,0,0
10000456,574104.3907039497,15.468968608480582
10000338,241298.40689632064,6.508510755280038
10003202,NA,NA
10004595,440850.9562974991,8.742859705567257
10001633,422475.43057645176,9.294586861690991
10001265,43745.363086590805,1.314397724542962
10004241,1385461.7667796346,32.36578531397562
10001320,508903.6486634022,11.07296505385624
10004921,1866511.8480415365,37.68303951394462
10003017,216894.59444398803,3.7181945684930087
10004923,1059661.0784132213,21.13484460420736
10006195,677303.6725827963,19.8185797609416
10004023,931078.6644023284,24.687281635538376
10004019,NA,NA
10004095,728521.2985778591,14.688717961401188
10004447,301135.5697386006,7.870577318356567
10001520,NA,NA
10002323,128809.26323631321,2.112540998463412
10004446,1219216.797193495,24.143535031487186
10000679,NA,NA
10001728,0,0
10003578,422059.4367851381,11.317707600488779
10001727,20191.701172504396,0.38573324145547067
10000189,886940.3843139502,17.053850052020984
10000680,NA,NA
10000550,356803.3404235295,9.52805075188422
10006172,NA,NA
10003066,67469.86639312864,1.4532350703293169
10006512,0,0
10000712,548057.5677580045,11.005317984860334
10003084,NA,NA
10001470,138972.05813581328,4.176615349348542
10000713,260146.61608590212,7.3241034443927155
10003067,21696.28338443897,0.4112087512714648
10001484,NA,NA
10004732,0,0
10003116,42185.03307743127,1.2183047909060452
10003229,1574634.581281319,41.84688415529853
10003075,0,0
10003662,4706.792170297222,0.11834523299171866
10000955,NA,NA
10004330,NA,NA
10004331,NA,NA
10001029,61164.45661638892,1.3494635352195599
10004089,NA,NA
10001337,314898.43783141347,6.638169555158957
10001941,23453.669561686842,0.5009301348958864
10006197,1126690.27513271,28.42187601715519
10000968,1294958.580489185,27.841820867254043
10004659,78742.54247890992,1.6247503475529124
10000956,NA,NA
10000659,152531.82289068893,3.791828672373926
10001678,0,0
10006508,176092.91932250647,5.0605119097452
10000119,212265.12755247345,5.3264524818237184
10001940,22373.181541730646,0.6021113725784616
10001459,816789.9749020344,23.736279283047118
10000632,0,0
10002245,0,0
10003330,151515.629911838,3.819889848659129
10000606,149283.78352437253,1.439995573326501
10000994,0,0
10002968,1162112.7628183754,23.72469550942677
10002190,2140831.7793701347,57.99289028134077
10001375,0,0
10002135,963378.964395597,26.02210524684585
10011321,2406843.0391637534,15.612384238890087
10002084,0,0
10003826,535713.9416483438,11.367852365194633
10004646,4099773.195486674,84.48591650571294
10001387,0,0
10001366,150926.07226948126,3.1000357136272623
10001342,1386611.6564342496,29.688019446371005
10000273,894.1191418525938,0.017435759544247698
10001357,780504.8013267596,15.007642552711168
10001364,776858.5318454504,13.709888688768043
10003846,1245442.0665717633,25.822142642024648
10002287,NA,NA
10000269,1071369.460497634,21.720682038267284
10000267,409028.84019598586,8.731979999576161
10001361,358242.645006268,7.824304995864904
10003818,0,0
10003165,369886.3809097756,8.475288281394882
10003136,NA,NA
10002908,NA,NA
10002964,853532.258609257,22.106356742705717
10011319,867286.4631284439,17.342976947536382
10006211,458866.4971856811,11.024063764820049
10005784,0,0
10001324,0,0
10001322,0,0
10001331,179977.2890198531,3.472537083295236
10006549,1680374.9768868326,41.83673046888973
10001631,284203.16534084204,4.547708294685841
10001617,NA,NA
10001626,2329434.8996662195,45.97791975638315
10004043,5424.827002961578,0.11580633905937843
10001606,594938.1521686043,14.286904799488925
10002405,2648210.653143282,56.16884538767081
10000942,108832.40294526845,2.190705163311588
10001624,NA,NA
10001612,NA,NA
10001622,1504098.5409086868,28.357911043823027
10001615,NA,NA
10004065,1000174.838170648,19.87038440563234
10005849,7144.622347541812,0.17673116086163954
10006558,33466.16778360167,1.0104228260510495
10001216,1719512.6086337701,40.5165337596755
10003156,NA,NA
10001204,0,0
10000078,4356999.324257582,91.82509505150165
10001199,44492.260818239716,1.2693563494518163
10001218,3417886.8442558264,95.88918796154468
10004248,3152527.748738199,47.05940278913427
10000070,115819.27402022846,2.697685700681408
10000085,2932245.3064518305,58.5401899234497
10006523,NA,NA
10001221,NA,NA
10001197,462043.0520043808,12.167106280935936
10006679,NA,NA
10000075,NA,NA
10006560,102239.13363523426,3.0798452539479304
10000076,134955.2980536503,3.983667112559487
10006561,664091.7083113177,18.897334984303892
10000088,2790912.1784153073,65.9836527041642
10001619,NA,NA
10006381,1639227.6047882065,49.713373312874495
10000066,0,0
10000065,0,0
10000069,223029.9951666519,5.237583414576083
10000080,1278747.3677141273,31.378445392434557
10001821,0,0
10001906,4150764.9547886997,87.24667630024052
10001910,2133885.9191347603,46.039720625398076
10001908,3238442.2493194425,86.04123719332094
10000062,NA,NA
10004244,2229127.2980326787,52.22391701716242
10001816,424130.19959768,9.822780532523936
10001584,1183568.508654285,25.170033117084266
10000144,177565.8949507085,3.799796803705413
10001954,2807503.624503934,62.256495810283454
10004645,3636345.805093906,81.356119836083
10001974,0,0
10000165,2066703.8753626621,44.97243781860997
10006298,0,0
10005114,151688.59653249662,4.174985531672359
10000163,29665.25589732412,0.6082626052564998
10006238,68171.58194145076,1.5205347554592124
10001585,1412317.3869081107,37.34925006980235
10000172,0,0
10002913,0,0
10002914,0,0
10000135,575840.2007873493,12.11066821591273
10003329,184288.73606298093,3.9376573135071777
10001210,444056.9513066544,11.392012647677063
10001241,113849.03128327391,2.762743875276937
10000600,63863.700579400596,1.5574778630620265
10003542,1601032.2521222676,41.608794998923884
10001718,2154923.8764954284,45.55527231490334
10001989,NA,NA
10000598,0,0
10002860,NA,NA
10001990,NA,NA
10002249,269009.7838099279,5.271594813740348
10003758,0,0
10001242,1437513.8407897062,40.22926217292802
10001232,186967.46214271325,5.088368087669989
10000622,0,0
10000595,73399.37763342634,1.3346580287919736
10006519,0,0
10005113,45202.74053243754,0.9607678158168339
10006365,0,0
10001240,10428.899630868998,0.2295999480201428
10000330,378853.17662385193,7.39582024204837
10006386,163377.3485307,3.513728626818502
10001239,460048.3708541908,11.066018223183798
10001235,0,0
10001237,0,0
10000510,0,0
10000618,798371.6597313463,18.145102011146946
10000542,467643.4986526005,9.520574950146782
10001279,377097.05319802533,7.137439130844774
10000370,146148.22441665255,3.657402502906717
10000191,NA,NA
10000365,946187.6435943143,19.013904476893632
10000327,148263.9683523959,3.99286939510436
10006655,38344.72981578233,0.9311014047030969
10001586,1649123.0765268852,32.12271420936899
10004255,0,0
10003160,NA,NA
10001804,0,0
10003579,0,0
10000577,3436.2124237856247,0.07679197812454867
10001808,1469012.9043453345,32.73511695363936
10002949,316160.45257605397,6.741308327616058
10003793,0,0
10006515,54641.68026499643,1.331163753833651
10006305,NA,NA
10006308,0,0
10003175,NA,NA
10000628,0,0
10002247,273045.94656096643,5.402192124688394
10000561,918107.9283295196,20.263058657320453
10000567,0,0
10004264,1221907.9308759198,36.17659759584597
10000573,84951.9226542559,1.4396829583438124
10000512,4113332.2783407243,90.70991064260643
10006321,563796.6118691922,12.75994145776023
10002227,0,0
10000587,820340.0628651205,21.602291939357073
10000593,0,0
10000578,887231.0565135943,19.85263776125708
10000554,0,0
10003124,NA,NA
10000089,1889454.6717228277,48.80876691888875
10000569,618826.9208234941,14.185512419828722
10000557,NA,NA
10000586,413797.9387859989,9.279825751727913
10001807,1787906.2416151606,8.774988153705596
10000575,0,0
10000588,698467.575487984,16.470062246059598
10002945,279092.3941974789,6.110217656013033
10003227,302830.00606779935,8.947145135945252
10003196,1275613.5033609695,26.505953739476553
10002230,164619.63049736276,4.7105344002400855
10000375,638361.5203481015,12.830417894338474
10006505,0,0
10000934,551368.0471358878,13.839592770002488
10000937,102644.76706784718,2.2750473410199215
10000540,1212274.6420957376,33.09592621154784
10002398,0,0
10000564,237223.99933299454,5.537551751369383
10000761,31691.294805909278,0.6153942745726129
10006304,NA,NA
10001820,0,0
10000933,204996.10399621446,4.239142208633799
10000928,584897.9576475859,12.30709635077571
10004018,463799.2128652357,9.063698469698721
10000927,40622.49567555401,0.847807606482575
10000939,102825.00800240712,2.079523896218904
10000699,2000233.6315513533,48.45037967662023
10000219,NA,NA
10001734,38985.14584626654,0.8379588790306397
20000141,221139.18419942705,5.708932693344741
10002262,603605.0840611975,11.164241666062354
20000142,416051.72167161567,10.75737838171691
10003591,781758.830364765,16.89333371088455
10002397,0,0
10000926,127172.17262501686,3.1603115472925145
10002226,0,0
10000357,2002656.5686215067,52.118329346753846
10001647,NA,NA
20000903,0,0
10000703,168204.99120755104,4.359155262829748
20000902,600103.3515140468,14.79435900877511
10004608,955492.1312740596,24.80622808054415
10000702,302612.2872083438,7.603398899689688
10000705,608790.2737834918,16.714965134608654
10004625,1395861.5920434105,40.011455283421306
10002260,1171502.1389489467,29.867283581196567
10003962,0,0
10000351,1613720.1505659341,40.88220173574692
10005219,111293.18078194065,3.041590285431215
10000429,NA,NA
10000706,336783.5731185983,9.722825722487869
10000381,1495685.9701878936,30.339078296910287
10006206,830683.3433613336,16.261888961925113
10000418,811030.6124838695,15.578258042197934
10003585,133659.38520617477,3.5554797443828106
10000444,3368891.7224813923,65.83807075039721
10000419,813216.9695724167,17.099919494818614
10006207,1125171.7610154166,21.965253276700412
10000394,856551.4393221745,21.0566150729687
10001504,196774.12647273255,3.793096208075155
10000763,0,0
10002261,291324.2488653518,8.218074946821105
10004574,1005557.8692301543,20.352513282226074
10000701,152886.68124065024,4.374741594836904
10003140,NA,NA
10000494,513354.9688876184,10.856131777479638
10000465,1084506.7590036755,25.261237225940103
10000453,2157180.3066006023,44.64476891313963
10000437,370582.9761750139,7.694964206947093
10000420,760476.8959599269,19.382289827458788
10000440,NA,NA
10003127,NA,NA
10000473,NA,NA
10000745,149802.66461012443,3.1302131489973983
10000744,NA,NA
10003141,NA,NA
10003128,NA,NA
10002177,3520236.5776000456,70.10152815296574
10000757,NA,NA
10004576,1238150.5823206867,26.134490527840722
10000441,NA,NA
10000760,NA,NA
10003210,142747.75231753255,3.8978883045614547
10004557,2009352.2207755942,43.58086245820007
10003132,NA,NA
10003122,NA,NA
10003189,247037.22714059753,4.4403117129678416
10002175,1622095.5808871547,34.51917996851803
10004615,111725.7207383491,3.181590964144948
10004558,1244682.4558091015,33.321845358485156
10000548,4712127.171145091,99.27740182334432
10000337,2447949.8047886724,45.647874498778165
10004628,542825.3278128615,15.44791609958199
10007015,0,0
10000412,2117844.7008862,42.56895686642432
10001450,1536143.8951953005,43.681039793716856
10000481,26047.797155814507,0.7168801566007198
10000334,59151.482748907954,1.1964558774688998
10000377,1003542.6300300449,28.10048789830385
10000528,64988.73282095743,1.864515938577639
10000392,368132.4094855525,7.450846495104269
10000347,0,0
10004627,343737.46612883307,9.870294621833818
10000464,350968.25459013885,9.143971499439944
10006617,472238.61223887594,12.65291922127611
10000495,924758.35420921,17.325609852562863
10003948,282655.9842999151,8.048420385526281
10000531,3308957.2958626426,94.75466447896032
10000547,5033265.377360638,100.00000000260074
10004571,125208.07255263113,3.333949154812943
10000435,205112.71026735037,5.732069810412192
10000333,582779.2848633215,12.769267501532894
10004649,892499.9741708608,25.142114430740225
10001460,672372.0044711884,18.547772382707254
10000478,1001033.2622644937,26.8031590904691
10000448,1531472.685058934,43.763031636861996
10000246,1367173.4431522319,30.90367677298895
10000544,3043955.678289479,76.44643581757867
10004461,0,0
10003197,0,0
10003957,796872.96058453,13.973808911415192
10003146,NA,NA
10004569,1670228.5751073798,47.30585054918341
10004476,421987.2667387676,10.644771135817441
10001454,647002.3514013167,19.211612952234596
10004577,2307770.3349071783,57.471544141851474
10000400,2195689.02468205,53.62356364715717
10004591,NA,NA
10003389,216575.43250283087,3.204591251014695
10000350,211442.6348939222,6.036538014935706
10001233,14450.946628125423,0.4002607677882374
10002244,999330.1180568237,26.841854791935305
10000752,0,0
10001231,195940.386255296,5.078915626207759
10003761,465951.9541985847,13.099638437723884
10006312,995238.7493472853,24.72077800217991
10006620,0,0
10002428,170643.28256919273,3.4886499545113177
10000182,1443286.4421262022,11.149247820486817
10000369,332091.7314448005,6.893558158009262
10000750,0,0
10006509,0,0
10001445,2078308.0185452816,51.360819574608875
10003950,1396694.2147004167,38.92507458567499
10000253,0,0
10000332,673306.8731260551,17.403395688710383
10003974,0,0
10006621,NA,NA
10003424,705638.9407002252,13.950498948225661
10002469,67767.94558451416,2.068035895930414
10002233,NA,NA
20000441,0,0
20000440,0,0
20000460,0,0
10005242,36166.21248726395,1.0249928917023199
10002294,0,0
20000480,0,0
10002980,110122.87921942011,3.0819507259105112
10003213,0,0
10003958,0,0
10003955,0,0
10006697,0,0
10000762,NA,NA
10002463,123416.45213134277,3.4535799737561685
10003969,0,0
10006377,NA,NA
10006219,249277.96194803057,6.7519511683793265
10002184,2262672.9744418315,63.46763237947255
10002157,817202.2705591263,22.18410068763369
10000363,136004.16269447003,3.739469226363032
10000352,1861149.9713403087,49.69872573462234
10004632,2332048.142981835,61.1455994843699
10004565,438336.7824720487,11.35315137704604
10000472,1683396.538602235,43.20858025874002
10004600,303505.3413161239,8.260211934462285
10006678,NA,NA
10000353,1652940.0740047595,43.33062550414333
10004618,495122.79558008874,13.957690260961378
10004554,769418.2647763484,21.10978787589764
10000527,80519.79598526278,2.2971160210355075
10004564,1329391.6292235388,37.542118857692344
10006337,911877.7210438665,26.9113638181933
10000399,445533.4116211679,12.146149308077996
20000180,2726756.7839699076,75.33155080136048
10000072,18174.78810490515,0.3819874475517905
10000485,32547.828355555757,0.9172942885344044
10006534,135500.78830991362,3.8654829448323427
10000515,682727.5518695569,17.95682934201196
10000390,4159142.7915217737,79.62255469255165
10004062,96533.97033651668,2.7033139142941143
10004044,NA,NA
10006562,507591.8690353465,13.335778002420929
10006563,0,0
10000424,918689.6667087468,21.418080502148058
10001860,336659.1347881684,9.724905725989494
10006387,1122360.537928042,32.82187647923902
10004053,NA,NA
10006170,0,0
10006557,NA,NA
10001186,NA,NA
10000077,0,0
10003611,40271.315425512876,1.107915864636576
10006336,2925691.4816497997,77.40219632053399
10001177,0,0
10000380,1284342.601811952,33.498403376687044
10006837,57329.23336749336,1.6789872499195755
10006623,544052.9348224842,14.085047093448752
10001184,304627.5964806717,8.429436310635019
10004655,3927359.624278497,99.99999999999945
10002455,219926.0761053631,4.257998164725379
10001681,327044.139497871,6.046199083403508
10006543,754540.4232233275,16.048269603210926
10006520,374690.77213293145,9.483784535224343
10001679,602403.3103316855,9.759101166924546
10002440,168241.49809514167,5.091499289519073
10002460,85701.03805042455,2.589015249242568
10002459,0,0
10003639,4411.541093488639,0.11528626287166037
10000111,354453.8112568844,8.726039009809238
10002493,153047.91403509516,4.624061743674549
10006538,963459.2653922879,22.121144885537372
10002470,0,0
10003995,274103.00948400295,7.639449966631581
10002861,344046.279846957,8.653908199530226
10002472,261174.72604808497,7.913106822619885
10002505,NA,NA
10007011,45011.07701753633,1.2260060031794355
10002923,1729619.948083758,47.41328313640382
10005861,NA,NA
10003934,580488.226648082,13.131154007466025
10002250,2241410.4281542934,53.031861970056504
10005866,NA,NA
10005862,NA,NA
10002476,221483.63645938097,4.261384180335643
10004070,0,0
10004050,1068132.2609635682,30.654590855567594
10002020,NA,NA
10006955,481648.91831711354,13.24786707759465
10004475,54638.46005854045,1.5545989426356348
10004598,933081.4899249496,21.82431867650206
10001078,NA,NA
10002485,72973.36935604444,2.0777023538441513
10002492,990339.8970234661,29.055884463625205
10004515,1422360.4328469138,39.41538694966814
10001862,38796.38065223749,1.1058664097574178
10001861,21205.027248510614,0.6128727021121252
10001093,21090.482463056866,0.6218717334654533
10001871,399269.9701466102,11.974071152138306
10001423,49957.65043311648,1.41520479421255
10001852,237737.99888157562,7.168121356885897
10001863,0,0
10001414,997914.4625873175,29.3095959617268
10002656,440253.1710900839,12.782056193215807
10001432,1099000.976659205,32.235294480338396
10004952,957020.9460413544,28.31803465834027
10001914,186922.73652578398,5.198339885955239
10001404,NA,NA
10001384,0,0
10004032,71818.59052918549,2.1220591184997284
10001918,NA,NA
10001913,NA,NA
10006565,NA,NA
10006546,443631.86626409256,12.802956488522623
10001556,0,0
10001557,NA,NA
10006667,650531.4106991914,19.970777352681555
10003794,0,0
10004040,NA,NA
10003775,2107.0043843999,0.05366683868570475
10002362,162738.0907729058,4.744410984883379
10000976,376016.48380723945,7.520584444541825
10001601,781098.6423036036,21.084408456661578
10003415,0,0
10003795,0,0
10003392,0,0
10006612,583648.0974955088,16.225890930205914
10003783,280354.3206725825,6.447127783324659
10005130,3063880.697277937,88.77155666375974
10003603,634504.9517030122,15.045565942180275
10006588,473289.94183442125,10.930588873932075
10001725,246773.8638033512,5.289423002417449
10006587,227654.1872303561,6.661537681286204
10006589,0,0
10006590,0,0
10006592,494517.79688261444,14.840297836954
10006573,0,0
10001572,454758.5782196051,9.197076326041742
10000981,0,0
10000924,0,0
10001596,130921.6065046601,2.7904985496410175
10003255,274728.92311245314,7.289029330678086
10001579,81461.9014120595,1.9698854615772805
10001592,79599.04396294773,1.681354453604796
10001589,NA,NA
10003310,209.04324288695426,0.004827340780978877
10001594,0,0
10003289,75772.7020477685,2.042430356666335
10003278,368682.0574847325,10.843192002157513
10001591,0,0
10003320,296243.08834680216,7.824337386701682
10003284,0,0
10003256,286595.0079659196,7.901333734597193
10005834,123505.51984862288,2.9452686289882726
10006218,157229.80312235342,3.74545185170059
10003247,0,0
10001581,1230129.6172148176,34.47054413201087
10002640,685144.316679344,16.424796107760482
10001787,491454.1957438048,11.585505829178496
10004159,5251.243074251345,0.14410389633386142
10004157,254344.4780932325,6.0098979440404525
10004197,249495.9658547261,6.748409428090726
10001754,223763.30994460065,5.40518217889988
10001027,786452.3311504864,17.568655787209156
10001770,810674.4957467892,18.279231222254264
10004184,20088.101915907206,0.5358844204771297
10000991,0,0
10006583,107249.01909450749,3.163743642774704
10003376,720937.9750041352,13.549210804151077
10003372,507719.8354162007,12.666833313030287
10006966,NA,NA
10006968,0,0
10006969,NA,NA
10000092,NA,NA
10006987,NA,NA
10005949,251394.19268547135,7.3893657290743375
10006995,4064.688361005345,0.12200984587624447
10006990,0,0
10007019,37496.71520316516,1.1089910160720806
10006994,533169.2889370628,16.056739651144927
10003383,154159.22337034193,4.448185772675869
10006997,0,0
10006669,153096.4633329411,4.5669621557779685
10000999,46282.92565877526,0.9761852853538213
10001007,40421.95091681658,1.1416866690599918
10002605,22434.407606352284,0.5452412061089343
10002564,1120588.59909202,26.37460708849356
10000993,211313.16878981976,4.642104472989399
10001004,136821.25962006598,3.2533026414707766
10001005,2735.672632706521,0.07350247291241095
10002608,261693.35645373433,5.290365682949419
10002537,387284.97170509957,8.124062068021457
10002591,34946.76228868699,0.852454030049587
10006624,307553.163213235,8.218574170360238
10003425,1630306.8492522617,32.80389224605899
10006384,NA,NA
10003331,47946.913489734965,1.1754215597433362
10006605,NA,NA
10006606,0,0
10003262,77298.29286825814,1.5561515110775668
10001583,0,0
10000984,0,0
10003342,433890.3971439833,8.801062466513528
10003348,80503.32219651874,1.9774603143212615
10003413,191698.94684214293,5.468566297046575
10003370,0,0
10000826,1129677.59223324,17.56447355698301
10002345,0,0
10000852,742.9804517683602,0.015764339448562474
10001293,0,0
10000824,2927075.477575224,44.78762556652644
10000992,914304.8348883699,19.12130727433146
10001003,248659.93131101003,4.9390902927747815
10002431,604436.3614729261,10.795368183385811
10000825,5460851.026373955,66.28355854218296
10003350,287867.01718734525,6.342964870926044
10003362,595501.3879112336,12.036407234588008
10003432,1606977.1977806352,33.05762654979777
10002570,1034887.3487905633,28.90800780977876
10003414,127958.44797455284,2.5053091313906246
10003434,336091.19376852555,9.519760044826617
10003377,58024.166242549516,1.478464141802552
10000801,1453302.3432745575,23.85658219769177
10003369,0,0
10003356,222188.87176268903,4.657390353716878
10006185,0,0
10002346,0,0
10003390,274308.1543230072,7.885370568298626
10003354,184520.00935841637,5.286212912827565
10003411,2181971.3379692268,58.35199811033343
10003381,490210.09439550905,11.444511453647479
10003419,0,0
10002571,416759.50012396893,6.730785560948502
10002522,NA,NA
10002517,247749.93501326503,7.180740277449879
10001002,1702217.5222750413,33.6706914533708
10003365,1287263.1997666205,36.7879763693335
10000988,1642931.091444866,38.2509437336602
10002607,203274.35150989477,5.371264516590426
10001000,NA,NA
10006671,0,0
10003445,833165.925224965,23.72769705684757
10003378,83747.3363244939,1.6716605482109477
10000869,76099.26768122072,1.194584967686676
10002309,0,0
10000822,NA,NA
10000810,0,0
10000802,1817459.7390361747,29.83460960795409
10005251,0,0
10000858,0,0
10006530,218805.39389272005,5.991189240976564
10000982,249235.15041808167,4.123518643186323
10003397,0,0
10005248,700870.9623620587,17.66174127767315
10003357,231242.76955142507,4.8153421124322735
10000904,0,0
10005252,245406.91804582867,6.5047019020807975
10005290,0,0
10000905,0,0
10002432,1677797.901280643,28.008454810200046
10003433,675027.0859670958,13.776229532353765
10005305,0,0
10002310,366664.57348707947,5.599112897580003
10000878,0,0
10000855,0,0
10006204,40474.21767841478,1.0461375097188927
10000789,258602.35405973642,6.127154669721754
10000774,0,0
10005328,0,0
10000901,274849.3452374989,6.5668241527090885
10005264,0,0
10006186,36336.63119584605,0.9917839999920731
10000793,733254.8076963215,15.895588783252295
10000050,101667.2931196218,2.967429472865942
10005324,0,0
10000014,12977.90970984746,0.26753101565175025
10000010,66309.48821110054,1.9106845848235046
10003367,0,0
10000013,1942663.5863429252,43.17469096163375
10005256,0,0
10000877,0,0
10003209,2395376.5354559766,48.84364867330678
10006615,0,0
10000983,0,0
10003349,0,0
10000196,12566.547606136042,0.24085915469332272
10001489,0,0
10001931,NA,NA
10003444,27458.976453426265,0.51236898942819
10005283,0,0
10000037,822643.8356669211,23.736073556952
10000002,1545400.1722698445,44.37221251886338
10006191,275207.3953501054,7.364730916869269
10000042,548223.799874503,14.890581353171603
10006674,817179.5128803628,24.68367955439235
10001102,16679.750840720844,0.4786348863676853
10001106,756790.1515003364,18.969022867675776
10006192,618685.3026407438,15.883577612831226
10006673,1532.3428127274663,0.043235742436331874
10000033,830800.8431367864,24.17121831214694
10000028,554075.3102692589,13.650306055852196
10003595,73499.58334693735,2.0429781335626664
10000799,690607.3836929213,12.187763269782138
10001731,833126.8085968936,17.274885974232753
10000057,NA,NA
10005642,528827.5683122404,10.197361896065095
10001739,1470930.6360352081,31.244045743324104
10004126,831566.66923297,24.022237744762936
10006595,14049.532299552538,0.3729862462240852
10001738,904262.328567634,20.627953626220727
10001742,209054.35508484408,4.140823171675696
10004137,0,0
10004138,0,0
10004140,594515.6585257179,13.28897005193589
10006594,324009.08502931334,7.982492951850989
10001977,88383.89237045503,1.9903841461555105
10005273,0,0
10000780,314563.03263822454,5.3216974759607885
10002344,690230.0943424124,19.841869982768156
10001158,1113250.3353458934,27.042518394712246
10000220,4432332.427112244,71.20448048589391
10006300,0,0
10006575,NA,NA
10006574,NA,NA
10003625,NA,NA
10006572,NA,NA
10001155,NA,NA
10000782,1219827.4798047354,22.724732654221132
10003629,NA,NA
10001154,0,0
10006578,0,0
10006571,NA,NA
10003628,NA,NA
10006581,554797.8397241151,16.201129440056455
10001766,149181.85882903112,3.1177657557260114
10001798,0,0
10004194,0,0
10002633,1291644.4275949202,29.51633473920299
10001709,NA,NA
10001014,4893710.8828551965,85.70100963467775
10003538,189460.7395218537,3.67170667343995
10001711,706453.686423448,11.400243512906425
10003492,105394.89851541491,2.051656226233665
10006664,1551908.478235624,30.62723717908677
10001015,372685.7629499665,8.773537613517373
10001717,130756.5143977165,2.8646768220954084
10001978,882892.6683858547,16.73724717013842
10000190,NA,NA
10001969,640422.2064541789,16.39211202856362
10001984,456268.0164118155,11.465747070338352
10000154,488095.9414066209,9.153907223345627
10000174,NA,NA
10000197,1132888.0542141048,22.35204484050651
10002726,0,0
10002905,229174.24015570772,4.308973110334975
10002920,NA,NA
10000185,1141595.738977301,22.56590650070563
10003253,97970.81297371331,2.6203487838955435
10000215,921923.8161148307,16.46942660628349
10000198,1225980.8379002162,30.11463874934489
10002784,38206.25051635367,0.9116565943426698
10002822,425256.6690717953,8.250209381033105
10000206,NA,NA
10002714,1348297.161130151,31.6402524517493
10001597,289968.5501304831,7.8605682872666405
10002916,0,0
10002857,NA,NA
10002928,0,0
10002835,36757.26895106884,0.9588938683683126
10002827,NA,NA
10002791,3402.1123606893484,0.07656477725544882
10000216,382849.64567515603,8.31165763830716
10002799,298314.5589530019,7.2439422133373395
10000209,192329.4978419412,3.9180697183725703
10000210,212230.7058236014,5.218494372999236
10002755,849015.3221798992,18.2190770749958
10000234,3305355.5706850267,64.01036439232388
10002886,2196161.603325863,53.13967527596183
10001274,385474.957884898,8.236074135515487
10000238,567559.4039768191,14.643320586265734
10000194,95368.11732328351,1.889673905702249
10001966,59218.88467305334,1.6054316923077645
10000161,399422.2063194753,10.312118009983587
10002838,4842758.880678522,98.39163953689688
10000203,NA,NA
10002828,NA,NA
10000152,36977.05085426714,0.7953005156766425
10002844,266123.191548717,5.641043714363536
10002858,NA,NA
10000248,414812.5684473128,7.8179375695019395
10002729,77119.48685621952,1.6709524392201611
10000208,0,0
10002725,0,0
10002876,46928.891086062045,1.0827313334988593
10002758,0,0
10002900,1027869.9355492677,22.134384236137556
10000156,NA,NA
10000199,NA,NA
10000175,0,0
10000229,NA,NA
10002802,NA,NA
10002940,NA,NA
10002731,102184.81561535138,1.9253338168943486
10002792,0,0
10000245,3143696.5970326005,69.35207437157983
10001735,1743340.5354226483,36.26317484222444
10001017,18352.876699704808,0.4073833014597032
10003590,1351867.0748571197,37.34375419422847
10001730,NA,NA
10003565,NA,NA
10003568,354492.72017631715,7.555919823422733
10003571,443295.9064314526,9.682200222915228
10001016,NA,NA
10000095,505717.0461373684,13.987447418763606
10001306,NA,NA
10000094,454377.6948958882,10.753911608737551
10003583,151700.7029964864,4.334048000824494
10002971,300773.678336416,7.31035887625273
10005749,882083.3762515002,23.647480175116566
10002955,788932.6566092973,22.131337896242265
10001310,NA,NA
10001298,352300.1759025048,7.22673657761842
10002958,1351762.098831916,34.89980584973045
10001295,0,0
10001294,327405.4650619457,7.068481439778068
10006363,64427.63696527878,1.2846693621297987
10002986,246410.67001436892,6.7639542022930845
10003048,NA,NA
10000709,NA,NA
10001302,0,0
10003074,31933.84623371165,0.7074501461808509
10000733,385658.2816504443,7.144448848881164
10003107,NA,NA
10003056,783315.0280732571,16.77119428333902
10003054,411398.6489539621,8.195490739268713
10001008,0,0
10003117,2009261.323069858,49.45031373623197
10000719,1107930.4322622772,23.650774672934084
10003062,41708.48947487826,0.8705037467218664
10003064,0,0
10003109,NA,NA
10000718,203097.69039585878,4.284379849233926
10000721,70884.2066413226,1.3069604291445323
10005227,1264443.412248827,33.59024785647671
10006641,3096.325579574737,0.08742878573853854
10003106,27945.637811509776,0.8176005242566993
10006644,13130.175608461424,0.3864940725341578
10003087,NA,NA
10001001,825362.1608372444,14.278438165309252
10002558,245336.41508475618,4.855217971594246
10003553,51734.35640905323,1.3708939319868794
10000098,329589.56542507734,6.747694870971458
10003556,37143.53087278897,0.802810062285685
10001138,212096.69329605633,4.002686871037444
10003558,0,0
10001141,1526897.658165865,29.90109103171386
10001147,NA,NA
10001132,0,0
10002671,0,0
10001921,35377.74645953579,0.9843439534324372
10002687,10223.445245969702,0.22683403034793648
10001142,1206203.1434275508,23.93238261521537
10002697,NA,NA
10001922,9385.31960115725,0.26153384131222746
10002685,74213.03263080126,2.036520940218359
10002676,NA,NA
10001129,680168.3820325284,13.699838506843282
10002691,0,0
10001128,NA,NA
10006651,67991.47793399912,1.6475625409455907
10001123,443001.7547297091,10.64788589913402
10001121,427457.51157074334,10.449148882361653
10001118,717799.680125568,20.3186852556413
10006652,0,0
10001120,0,0
10006388,0,0
10006649,57634.23625347478,1.2766450708615464
10003363,612757.1392317929,15.636345344866792
10000979,176243.53069660557,4.7400032222641295
10003405,113349.26135975584,3.008642684905655
10001708,NA,NA
10001720,990014.4368395667,25.36918950332632
10003507,714868.3017499902,12.147756255536995
10001530,0,0
10003505,NA,NA
10001716,0,0
10003515,101664.77942804298,2.3704879628837823
10003496,0,0
10001713,270695.2698384549,3.822690952711812
10000836,115133.45727855296,1.6373859423998123
10000850,747065.4211159183,19.077234861525184
10000851,687742.3494875563,17.56183855356406
10000817,NA,NA
10002341,1582097.4126947904,27.9190967941995
10000249,472990.4152410012,12.286897632996013
10000785,140368.21067228253,2.674237815425655
10003260,73428.01342704639,1.7113970549856066
10000786,155384.17257047963,3.0383218180440736
10000857,1076099.3997595466,18.70876311771752
10005282,0,0
10006347,0,0
10002322,486635.29991978727,8.071549245118021
10000811,0,0
10002353,0,0
10002349,366678.7552635276,9.204596598112126
10000790,2182486.7716797665,41.85927329165458
10000847,0,0
10006217,829566.3226485639,13.478985395225804
10002340,0,0
10001023,153082.24957085156,2.985011620778696
10001786,225173.8459466557,5.018476671546423
10006147,239328.40920841627,5.389632617593237
10000879,0,0
10006958,NA,NA
10000059,787227.4614135906,17.20596315605588
10000841,1262724.4526925117,22.023336520076654
10005299,46257.54356975344,1.1636008450887112
10006532,924840.7420397261,18.265457026300414
10001522,0,0
10000784,172039.3971328499,4.365714463298877
10000856,538815.2703810409,14.856562833451534
10006531,0,0
10000902,253056.26055280553,6.3301329196640594
10005253,167287.24856178436,4.336360702539208
10000838,0,0
10000844,2875463.2596643213,40.10874280515627
10006184,0,0
10001933,0,0
10000861,0,0
10003626,294090.2840969714,8.02666508112976
10003624,NA,NA
10000821,NA,NA
10006576,NA,NA
10004210,112033.46182005806,2.9941642228848386
10001775,0,0
10001161,0,0
10005272,51956.431605699334,1.0406617067465986
10001025,100060.98968388549,2.102560470105973
10004165,131193.37583081337,3.3712659084430565
10004193,1306176.6816459978,28.7839550571692
10001752,0,0
10001156,663698.4119263305,19.027368361425605
10001778,0,0
10004226,930903.6816616107,20.52982487846581
10004190,1183180.5165570453,26.10434971037342
10001771,0,0
10006580,613959.2969267648,18.119220185702453
10001776,488448.6206857948,10.683213447584148
10004170,107501.58937456945,2.796889000970849
10001763,0,0
10001749,463.98448448096974,0.011851618362820598
10002638,156481.21908105485,4.19965187745812
10001750,24858.452341617336,0.6242119740472439
10001769,141065.15334596465,3.128944778540075
10004213,719963.0999864016,16.66937298360363
10001784,201577.56507176752,4.761418072624896
10001782,4135363.666672027,92.7662427627276
10004181,190034.22030022665,4.998365733499959
10006584,286269.76150334865,8.233948087904002
10001802,440542.8410196382,13.136486055463426
10001799,NA,NA
10004146,0,0
10003601,763151.1092077574,16.964406083921975
10004153,780173.5231140739,21.552517436589557
10006586,876337.8308567544,21.30538638495766
10003607,697578.5005424703,17.905270420121326
10003602,3144723.364413871,82.62350511798186
10004219,30556.82109936479,0.5706838568717446
10006591,322673.5992212763,9.253953374476179
10004215,0,0
10006593,2032896.5636033285,36.805403313364174
10004125,1371778.2121141115,30.950736242399106
10004134,145439.2133575763,3.333692144237107
10001794,2050585.3672699293,54.2923935302799
10004139,0,0
10006585,575660.298744808,16.545573706238372
10004118,977940.3858956362,22.00524664460801
10004127,919728.9344906673,23.92358490746351
10001743,202184.9659844751,5.278123330190843
20000021,485813.43209545885,12.01677361244277
10001790,1638970.9990356306,22.880955198269817
10003769,774670.0625952224,15.734202909396632
10004122,1637012.5051523177,37.44560482493608
10002995,627392.8572471315,14.124858373565646
10001249,0,0
10002996,497209.9694469203,9.565169592141329
10001246,NA,NA
10001737,261574.15374248114,7.789078474123837
10003005,0,0
10001244,217453.17583745654,4.729056824917462
10001960,1954026.957030525,35.14465515426597
10003799,36285.62057819054,0.6901841826109036
10003004,0,0
20000020,619256.6433454317,15.772348648852319
10003131,NA,NA
10002290,123178.60430911061,2.626670908008604
20000040,150392.33228313527,4.095609823266401
10003192,NA,NA
10002281,444820.76387735055,8.684416974988912
10003195,1376248.7372456272,28.975522854096287
10002988,1173473.9956621698,30.652526217281917
10002987,990399.5866260055,26.924339533019985
10006614,0,0
10003166,NA,NA
10003134,NA,NA
10003188,558769.6464169435,11.50339317971009
10003198,205572.3436878646,3.624943671377708
10002998,0,0
10003145,331057.3399671787,5.8098224074808344
10001496,NA,NA
10003423,3303882.732020124,76.39164043092909
10003200,NA,NA
10000756,NA,NA
10003233,570771.7918896478,16.494036822503176
10000754,NA,NA
10003208,333377.93356162426,7.981089804805369
10003130,NA,NA
10006616,1551332.0169899988,21.69842912285046
10003398,130107.47395523409,3.657607953780141
10003201,NA,NA
10000986,2006710.1746837397,44.868988714631634
10000751,NA,NA
10000746,37430.5391575525,1.0016049278006234
10000759,NA,NA
10005985,873135.7068030271,20.28387445122089
10006618,0,0
10003147,NA,NA
10003374,128815.69740647214,3.1758526448862927
10003566,826483.5092389074,14.039670547806793
10003152,0,0
10006960,729867.7569398691,22.354502842742658
10002630,52906.739511095555,1.2145900260905835
10002436,88155.60124896649,2.428383019863688
10006638,115862.02253368577,3.2147247971766393
10002957,0,0
10003149,NA,NA
10003144,135810.9202003979,2.66255388542506
10003204,0,0
10003125,NA,NA
10000765,1164977.6798468279,29.37927502117675
10002956,657552.3328739512,18.379840499641578
10000728,754579.861401152,16.788388801357222
10005750,394170.30782455864,11.177846560071412
10006622,0,0
10003073,144198.80119606547,2.6091747370711116
10006379,256479.87094941764,6.971332217822942
10001297,NA,NA
10000729,438997.50547132635,10.46012738292778
10001492,221759.25878865412,4.826430496484519
10006373,133298.5773871235,3.7563877756509783
10006378,0,0
10006642,0,0
10006375,219207.7081282392,6.736338750329233
10003561,0,0
10003554,316851.94005178066,7.757673775682866
10001303,34552.53120708052,0.6150443492153658
10003557,94396.7596305276,2.544735465595302
10006364,0,0
10006640,305167.341735551,7.689326922780857
10006376,734097.4364429928,21.488133782987152
10001721,0,0
10001928,532989.1303974071,12.214215233055072
10002670,0,0
10006639,485170.90243242134,10.94577756119618
10001925,12081.03346850524,0.3316587321754026
10003052,53348.422130751205,1.0206602013974468
10002668,NA,NA
10001137,NA,NA
10006654,411580.3651809384,11.679467910806771
10002658,279085.9616042932,8.116942207761273
10006653,9912.666522288338,0.2894784333937005
10006648,0,0
10006662,24335.838787896664,0.5864531196938946
10001275,NA,NA
10000176,0,0
10001926,136400.16592969885,2.824847125320699
10006656,250715.26591547497,7.238079198946249
10002716,28774.453746325,0.5350138326326573
10000225,1093018.1527681458,26.25777750066286
10000247,NA,NA
10006650,673538.6863129531,20.000917099089648
10001927,84171.9819272876,2.069197072084382
10000243,1075496.5576076056,26.12426928906278
10002657,466282.32953183993,12.36224329074451
10001919,225334.8476036685,6.584804031376905
10000151,NA,NA
10001126,0,0
10002893,629744.8979951479,13.473480741947588
10000228,406394.5583497867,10.211076605651355
10000212,1703065.5629276766,30.356039077026548
10000178,361824.9289254352,8.714864747261384
10002917,0,0
10000157,253208.6257534711,5.7477541772231096
10002862,370407.9832271907,7.936985262797233
10000242,4627471.336814065,100.0000000000015
10002759,NA,NA
10000200,NA,NA
10000155,NA,NA
10000204,0,0
10000183,1158125.4071150352,29.66380177605345
10000213,6131.948620954208,0.13914890484591358
10000241,5421216.224839012,100.00000000000074
10002885,1409437.105856529,36.63352913380313
10000180,NA,NA
10002845,489629.64491667034,12.436316046964853
10000224,575650.281439578,12.523585498718884
10000251,NA,NA
10002817,784276.3212092791,17.860093310526196
10002713,961185.7083494272,24.20262141002681
10000195,962614.7280729343,22.69104077758693
10000223,NA,NA
10002897,916409.3852659795,22.348293748349747
10001286,1343301.7353301519,39.51107764543781
10002723,192653.282187087,3.485973039986868
10002803,NA,NA
10001979,934434.811511127,21.124186754761087
10003468,117610.15558435881,3.3482350653130997
10001706,NA,NA
10003546,0,0
10006657,3677.6571354606403,0.10526530654789308
10002617,0,0
10006660,74104.45457139747,1.8819942566375283
10003464,37641.91682737577,0.676547529862874
10002377,241929.8205515591,6.516253776260903
10001705,NA,NA
10003479,NA,NA
10006971,860988.5096619407,22.411982465167483
10000923,402608.3436668761,8.132990834509636
10003465,0,0
10003324,2331033.6862227223,50.62306993077811
10003268,0,0
10001598,1032086.178008139,26.965733271083465
10003327,372619.7390482289,6.495661491356206
10001603,282186.29100839037,7.627832104031391
10003316,0,0
10001590,NA,NA
10003475,293392.23670112586,8.528250918304256
10003483,NA,NA
10001573,279884.0975369302,6.200981661769394
10001575,2301774.466440275,43.16261759334999
10006672,336658.05914749607,8.943493383282178
10006670,438027.08967721707,12.737864703147563
10003460,174748.55746357076,4.72623457189306
10001588,710234.1351698262,16.70875521754219
10007016,0,0
10003333,0,0
10001116,NA,NA
10003282,285089.92177014594,6.671322065948204
10001676,1827044.124769516,29.35153274119382
10006666,919857.044492627,26.647338724980894
10001684,92558.17823232486,2.0612224830535686
10001677,0,0
10006992,403298.14503312565,10.027063715802418
10002506,NA,NA
10000987,0,0
10002479,135795.55512095676,3.5637733174594377
10001690,0,0
10002491,0,0
10001687,NA,NA
10005990,631.1783447810228,0.018739843803971253
10006668,309895.7926377066,7.083676486129571
10001696,0,0
10002613,61640.945206106706,1.6258317761908103
10000998,0,0
10002380,350392.2070743623,7.693103374948102
10002497,2595680.0885164556,52.44470284192797
10001009,0,0
10002606,358150.7141118302,9.222730150487362
10000995,513123.1169147121,11.340987981123293
10002531,0,0
10002589,1598408.6202789934,42.0235014586727
10002569,1582277.9603271624,40.31037216064854
10002568,1999655.9625636728,41.68296429383042
10006146,161402.79746710818,3.7180220260419414
10000041,163447.65183369507,4.645796178185211
10001108,27147.7751050646,0.7822123965417849
10000053,NA,NA
10002471,0,0
10000055,0,0
10006189,0,0
10000056,NA,NA
10000025,1495431.7928890001,31.87228233956897
10001879,0,0
10003787,4233256.060655451,98.71869097954679
10002425,0,0
10003781,1401803.285394353,34.112496004275314
10005640,72731.30230102057,1.5039289866500256
10005978,832502.7864733998,24.007270456177523
10006349,2653.9959597799866,0.08033957329949412
10003774,391704.1351128366,8.083220151887192
10003773,298158.91457661183,6.1294985211106505
10003352,77088.64186667536,2.2530550262468907
10006611,0,0
10006610,204817.7548234567,5.6231450442937865
10003412,2105412.7238497394,56.474573078395466
10003996,NA,NA
10006603,197063.6538204021,5.90092806017368
10004002,0,0
10004017,822722.2984761077,14.151810604823877
10004004,540556.15182291,11.123978980761013
10004006,980317.3844642824,23.68312762502137
10003993,260390.24797682295,4.930047593632903
10004007,1898698.2905179216,42.386688310770644
10001516,1709.4122295963425,0.04307198774592236
10001515,349222.8485509021,6.415046247679188
10006602,0,0
10001512,121576.20051289322,2.262272152574813
10001518,1822603.8284018054,32.44910649148435
10004005,716098.4603238713,13.126703694890546
10006598,116772.91006781183,3.038947547803552
10006600,1681017.7413294618,49.03416750561564
10004003,808300.3011827223,19.449520029352072
10003990,158938.94625812134,3.202002563949601
10006601,NA,NA
10002305,369748.8374563028,10.018385452664337
10006604,176020.50269081604,5.16432552291164
10006608,101071.51891681396,2.6868702581369144
10006607,0,0
10002300,916828.0238244643,22.527324086545562
10006609,NA,NA
10006599,311085.3829968481,8.699156763783485
10002298,NA,NA
