FACILITYID,npl_prox
10000002,0.058208762050301614
10000004,0.059225004854180696
10000006,0.01799821472840258
10000010,0.03204006866228033
10000013,0.05157913920660502
10000014,0.05558224073306329
10000017,0.09922928361332559
10000023,0.017815695959988376
10000025,0.07545964443861622
10000028,0.022361579348665412
10000033,0.10527102482230756
10000037,0.0430537425325186
10000041,0.09278314397715655
10000042,0.03106057383533887
10000043,0.05676911195516825
10000044,0.054652630320851665
10000050,0.013940627294688826
10000053,0.01622940848104334
10000055,0.004289139441585252
10000056,0.005469934279411786
10000057,0.004785771625264723
10000059,0.0029326863911262597
10000060,0.010171063492069133
10000062,0.012810796468301315
10000065,0.019149372835808656
10000066,0.016681273731625524
10000069,0.008437981294404168
10000070,0.008409697428401005
10000072,0.02449771983433091
10000075,0.02724344654777365
10000076,0.016038918240303603
10000077,0.02350277993377894
10000078,0.014326217612103724
10000079,0.01369778036398186
10000080,0.013668762951281326
10000081,0.013690503522536868
10000083,0.019694800236412416
10000084,0.019042652593780688
10000085,0.010024748796412297
10000087,1.6414686382511259
10000088,0.00966088913550141
10000089,0.00967724208366137
10000090,0.00966760909839207
10000092,0.06534008125843985
10000094,0.4217863426628387
10000095,0.017659346529291055
10000098,0.29213897675214134
10000099,0.03571125200861968
10000100,0.020489195245799747
10000101,0.020106023427285524
10000102,0.020533243596467892
10000103,0.02025317935584515
10000106,0.02704268305762238
10000107,0.022332648313576633
10000109,0.011320079172789889
10000110,0.02088923978388686
10000111,0.022798645726672995
10000112,0.012401206678662357
10000115,0.013469616210468023
10000116,0.010580900031344927
10000117,0.01630609973249997
10000118,0.019224851358942207
10000119,0.019356954244274183
10000120,0.04283203154368398
10000121,0.03376257361057619
10000122,0.02176124287449427
10000123,0.3687616673105392
10000124,0.18981307206736894
10000126,0.04867949000895977
10000127,0.0062836541963657904
10000128,0.0029362747746390196
10000129,0.052446290098125944
10000132,0.02786373989768832
10000135,0.11911818896068276
10000136,0.04265775367429315
10000139,0.04257782448651414
10000140,0.04244543500311984
10000141,0.32876363802245695
10000142,0.010065196314744824
10000143,0.015980415675624263
10000144,0.02298489732809465
10000146,0.021534712248135666
10000149,0.017998108727269944
10000150,0.03692739304391973
10000151,0.008449376636515795
10000152,0.012387964996769156
10000154,0.22927967086943696
10000155,0.04177541250932117
10000156,0.006737567832449851
10000157,0.0144952910965588
10000161,0.013030894970562073
10000163,0.05629937289957464
10000165,0.3761981886844691
10000172,0.05298888288687162
10000174,0.006825433294903285
10000175,0.005435971427787226
10000176,0.005453162873123577
10000178,0.025030883822558213
10000180,0.008056928123908106
10000182,0.016454886090614233
10000183,0.036326875908406046
10000185,0.008374403688541393
10000186,0.009103355104810194
10000187,0.00903446463922828
10000189,0.00722211783205194
10000190,0.008462507249982864
10000191,0.02485736362974898
10000194,0.018088891918937984
10000195,0.01888990849562954
10000196,0.01840271142467472
10000197,0.01212596462725882
10000198,0.012157927235619257
10000199,0.012651135284596673
10000200,0.009240357270518586
10000203,0.008446077538011227
10000204,0.4578636417870653
10000205,0.017861633493889393
10000206,0.01368144456728181
10000208,0.02481375704421687
10000209,0.0221715862499254
10000210,0.022916056520027626
10000211,0.021657477289359274
10000212,0.016469312021210717
10000213,0.026456514968722273
10000215,0.01631120337132184
10000216,0.015908552349479233
10000219,0.018475638758587692
10000220,0.10417224912893454
10000223,0.013374249626426136
10000224,0.06588967913388208
10000225,0.030908620114629456
10000226,0.010383839051359372
10000228,0.015420611574871483
10000229,0.10234652215376544
10000234,0.05627458245975068
10000237,0.017264554556522
10000238,0.01715629163787768
10000241,0.024454700929008533
10000242,0.023849708536349455
10000243,0.051165607900320806
10000244,0.024885462621512474
10000245,0.050209025630474684
10000246,0.030982256155933204
10000247,0.009889937043671446
10000248,0.01524841366410546
10000249,0.005164205360146498
10000251,0.05930969201438403
10000252,0.023915821338863316
10000253,0.02342342696527298
10000257,0.009348499485893612
10000258,0.00510939703471441
10000259,0.004036557922981773
10000260,0.02171550785414804
10000261,0.004292734909424004
10000262,0.017423199363551665
10000263,0.026123116053761188
10000264,0.005927535942356766
10000267,0.2744060498999298
10000269,0.09769663126473394
10000272,0.23364224205838782
10000273,0.21325764362189104
10000274,0.5987298002756001
10000277,0.2592396977545931
10000278,0.21513568557111662
10000281,0.7275463660014592
10000282,0.2641701359385373
10000283,0.081123524030297
10000284,0.04684930043472446
10000285,0.14419353212290448
10000292,0.0916870681246802
10000293,0.09400524230965289
10000295,0.0683401833301091
10000297,0.012097356301909603
10000302,0.10175362166443602
10000303,0.011877813709051065
10000304,0.010865882211715697
10000307,0.028131744908265834
10000308,0.00923053339395378
10000309,0.011293088759592475
10000310,0.00964641668584736
10000312,0.017992448257915423
10000314,0.01938593649212656
10000316,0.011585250289013352
10000318,0.01552652170089266
10000319,0.020248219676367377
10000320,0.020272172114097667
10000323,0.06197928743568235
10000325,0.1552283535262072
10000327,0.017636775012397833
10000328,0.024930398033987035
10000329,0.02519150370365554
10000330,0.060870774245186894
10000332,0.03880615722820355
10000333,0.0396889148282056
10000334,0.031901920727825696
10000336,0.03631831719143703
10000337,0.03514482236374591
10000338,0.06324551445322177
10000339,0.11851215490878181
10000347,1.9174379164312043
10000350,0.18640340175327563
10000351,0.021072418338150878
10000352,0.021094513493056802
10000353,0.021020979764626118
10000355,0.02161457994222196
10000356,0.04016168891715206
10000357,0.040330867081629085
10000360,0.015077524048631772
10000361,0.014971568356521844
10000363,0.013902608914145962
10000365,0.03050100629231826
10000368,0.030687578100834792
10000369,0.07446486715685047
10000370,0.11727905319504883
10000374,0.03521653319147376
10000375,0.03134932515838723
10000377,0.03891074156019553
10000378,0.02580165540698484
10000380,0.04520929287417212
10000381,0.1472950863038389
10000382,0.1516121731630245
10000384,0.02464122213525555
10000385,0.024206081890373828
10000388,0.030922495973713857
10000390,0.016745395493134294
10000392,0.02774365499859091
10000394,0.015456376205811681
10000395,0.015575826094546857
10000396,0.01560203337856108
10000399,0.052984687008770875
10000400,0.08135311172948691
10000403,0.01820514417646661
10000409,0.02450362447435876
10000412,0.0287315936903469
10000413,0.02053618082861422
10000414,0.027074038837293098
10000417,0.02311799552485109
10000418,0.025152134752370346
10000419,0.024923540458757967
10000420,0.024764475641328783
10000422,0.012462225341649466
10000424,0.14920504901134954
10000428,0.01947205686347481
10000429,0.019172503313469678
10000430,0.01586824228531715
10000432,0.013475201895616585
10000433,0.013458694297946414
10000435,0.019809100776912905
10000437,0.026700512040028206
10000438,0.026895862142841225
10000439,0.02590498010711168
10000440,0.025975050015352413
10000441,0.0257324575762012
10000442,0.02577795278431826
10000444,0.07035232546047968
10000445,0.0689260841132701
10000448,0.07035568019899342
10000449,0.06957987667531235
10000450,0.0629936257728686
10000453,0.0973736561456232
10000455,0.02102659215826839
10000456,0.026353670129178282
10000457,0.021044646710388807
10000459,0.08031534303986988
10000460,0.04687083223478208
10000461,0.139899191465231
10000463,0.11704734543683479
10000464,0.10719392284716035
10000465,0.021505452680641277
10000467,0.0515803484316494
10000471,0.03369341738590981
10000472,0.05525656259811179
10000473,0.03998807228747182
10000474,0.039464742806663046
10000478,0.0406084215939949
10000480,0.04373580983688343
10000481,0.1525734515166669
10000485,0.1524836262664122
10000492,0.02202796990918137
10000494,0.02216183900502085
10000495,0.022052502949038127
10000496,0.022250030472748733
10000498,0.023198505265203794
10000503,0.010411889473355336
10000504,0.010436544640016733
10000508,0.057598387644917017
10000509,0.05426624822087503
10000510,0.015414667630935177
10000512,0.021155785634489572
10000515,0.058419363135807034
10000518,0.058411821697964134
10000519,0.05822707598286692
10000527,0.00747073037762565
10000528,0.007474725752877645
10000531,0.006956100739577706
10000533,0.23126352470269498
10000540,0.18703931084706385
10000542,0.07856542777033557
10000544,0.8936551066181955
10000545,0.06749789951978039
10000546,0.06927878660962716
10000547,0.09670196880241165
10000548,0.09165696832734345
10000550,0.07951287746740512
10000554,0.0074935337597378995
10000557,0.008738744101862313
10000560,0.21505285331727966
10000561,0.21594469072975717
10000562,0.12647709887096606
10000564,0.32586115963167095
10000565,0.009634895953160074
10000567,0.010074668976182755
10000569,0.015927443692725807
10000572,0.018664652725441707
10000573,0.03277190598715492
10000575,0.13369162157594744
10000576,0.13597722237638524
10000577,0.11995680087175917
10000578,0.8364383395232041
10000579,0.061187316184429526
10000580,0.06382179937967139
10000581,0.06295432567764757
10000582,0.06563732858402044
10000585,0.01737963018153695
10000586,0.28584505979906305
10000587,0.29668050444622746
10000588,0.3332887922761003
10000593,0.00911120016321996
10000595,0.006807273508445203
10000598,0.006555937456310246
10000600,0.009211829102302733
10000601,0.02246708662882898
10000603,0.022540620050243945
10000605,0.05271373646318384
10000606,0.10604081717284373
10000613,0.009552806661829578
10000618,0.017795682547729494
10000621,0.015458919738058605
10000622,0.05233989891429059
10000624,0.09488589503715489
10000627,0.10253748505432263
10000628,0.09654856097776418
10000630,0.11137622356157154
10000632,0.013066686332331488
10000633,0.03998370657908604
10000635,0.04295799213963529
10000636,0.044106262265012956
10000638,0.07343010697699348
10000639,0.08447506254658921
10000641,0.13903815449864235
10000642,0.030313800532487622
10000644,0.03255872761706059
10000646,0.5496537961216909
10000647,0.17940648407459123
10000652,0.047949059269420544
10000653,0.32718703201620747
10000655,0.017865190853465385
10000657,0.014003283572929497
10000658,0.013233707698060366
10000659,0.013246478255140554
10000660,0.019995022901638224
10000662,0.09133558559245446
10000664,0.015619623801892711
10000665,0.01579075592628981
10000667,0.01855642511605993
10000669,0.019981622269165295
10000671,0.012864305108163285
10000672,0.016839631758545845
10000673,0.15067156497529438
10000674,0.8904237910082748
10000676,0.01327818930948028
10000677,0.027498553904485003
10000678,0.030741221518202685
10000679,0.03510554927884007
10000680,0.03440789601958869
10000682,0.05094403398237099
10000683,0.07704306767892109
10000685,0.31121686108042473
10000687,0.01812523053866057
10000688,0.02133960566913676
10000689,0.031137607235010564
10000691,0.04023389988673383
10000693,0.02481341093465986
10000694,0.11416001347161317
10000695,0.030338791661287737
10000699,0.40021823439160453
10000701,0.2371335548760752
10000702,0.4789450917886532
10000703,0.45486889683156917
10000705,0.03957113081097069
10000706,0.23961877307889212
10000707,0.25442068109905785
10000708,0.22987674650062337
10000709,0.09237106924274571
10000712,0.029898953295686856
10000713,0.030474821232684666
10000718,0.05718662500322453
10000719,0.06065039784885107
10000720,0.026407271873309705
10000721,0.03503478477883322
10000728,0.035528478416959205
10000729,0.030114358073706705
10000733,0.14984936369342416
10000737,0.023630174134645958
10000744,0.022802706865788693
10000745,0.08654512774930291
10000746,0.05887017211810233
10000750,0.09419734982580961
10000751,0.10169536355784708
10000752,0.04061158071166019
10000754,0.7710144160474072
10000756,0.030916023090492437
10000757,0.029917691993850245
10000759,0.017123481493435115
10000760,0.017061272717773277
10000761,0.07828726259200744
10000762,0.05862248195162695
10000763,0.09291413697235153
10000765,0.06073913616089792
10000770,0.27269626383787304
10000771,0.017664768974144048
10000772,0.008252724083961561
10000774,0.011995371431452389
10000780,0.1802153221756381
10000782,0.07180540669581209
10000784,0.0693638352984304
10000785,0.14865547553504962
10000786,0.10030577286736021
10000789,0.024212679815469162
10000790,0.08928363632181464
10000793,0.13059324932748168
10000799,0.1255211181387
10000801,0.026019842038051487
10000802,0.02672803976162554
10000806,0.10333462723559507
10000810,0.09830618890369881
10000811,0.020923221745421577
10000814,0.06689540958971105
10000817,0.033600809253488906
10000821,0.035159739821751565
10000822,0.03262847711721938
10000824,0.01820683848547756
10000825,0.01791469942401823
10000826,0.03534534482374671
10000830,0.7056572180056652
10000831,7.201891511181015
10000832,1.141328614176937
10000833,0.7559064333606705
10000836,0.04809048792747642
10000838,0.029513737475992396
10000840,0.046980037350415935
10000841,0.012875187276644854
10000844,0.013012008818955853
10000847,0.014644564027887596
10000850,0.015759829925681295
10000851,0.015790937111913268
10000852,0.0379846893570506
10000855,0.027795270306036287
10000856,0.06497420847409414
10000857,0.06813792804738952
10000858,0.019563818888228137
10000861,0.010828414283410427
10000863,0.047728245337411726
10000864,0.04833107345885887
10000867,0.04711416582613618
10000869,0.010928505110912517
10000871,0.014026300844466537
10000874,0.014106250915970208
10000877,0.04461078555451788
10000878,0.01380449004403293
10000879,0.016502302266992286
10000887,0.07578594074152128
10000892,2.028765438844327
10000901,0.026116470396478134
10000902,0.023186968470999377
10000904,0.047591765326540685
10000905,0.03364514950122912
10000915,0.10084641344163134
10000917,0.15243387297588612
10000918,0.15674388513418
10000919,0.13281611069646113
10000923,0.12993746443100437
10000924,0.042846519652573314
10000925,0.04245633402801214
10000926,0.05323529465075726
10000927,0.0526394419712874
10000928,0.05344514508816372
10000933,0.0700571877016938
10000934,0.056775409781119966
10000935,0.16412983753942106
10000937,0.1057659734986803
10000939,0.10772041527554117
10000941,0.009100458794841705
10000942,0.011106729924950839
10000948,0.025974717116362747
10000949,0.019183129964504598
10000954,0.01952159498818525
10000955,0.018818937774040385
10000956,0.018850561898950378
10000960,0.011640646869010295
10000963,0.019148473946342552
10000967,0.02568303073253992
10000968,0.01648122098305594
10000971,1.0134120548870327
10000972,0.04410523012530753
10000976,0.02548554843651645
10000979,0.018706283956734685
10000980,0.15270072978649957
10000981,0.16848506756708118
10000982,0.024711969975292042
10000983,0.022902002630326563
10000984,0.5239231075598235
10000986,0.011995678253921602
10000987,0.03600025487335572
10000988,0.010709598763791225
10000990,0.09140776125459056
10000991,0.03641265511239426
10000992,0.9242319889765627
10000993,0.03552014995968333
10000994,0.023350815095214278
10000995,0.036335916663534355
10000998,0.03369270138027116
10000999,0.031055988655189038
10001000,0.043162230258062526
10001001,0.035432393203988735
10001002,0.014245078827270642
10001003,0.2663989241353189
10001004,0.2645098473729911
10001005,0.05803005396478165
10001007,0.07078492510165711
10001008,0.08466354359320352
10001009,0.07288098969343733
10001014,0.03218457354851459
10001015,0.04625976942906586
10001016,0.0072080409047774905
10001017,0.22253575162227507
10001021,0.01135332965153602
10001022,0.12278528446365401
10001023,0.0393437032134245
10001025,0.02781991674696299
10001027,0.018161992927999176
10001028,0.008632031152058324
10001029,0.02929088857873653
10001030,0.0410744530151573
10001031,0.04079569644182841
10001033,0.014082785637305096
10001034,0.013151413440243257
10001040,0.014447604464688532
10001041,0.030806541856284963
10001042,0.1765988476058961
10001043,0.18017784241230872
10001044,0.29564581945161983
10001045,0.22539815338319424
10001048,0.08428067902497276
10001050,0.4528954427126837
10001051,0.42343732624966357
10001052,0.0769392796659343
10001054,0.1930316645841699
10001059,0.05459816978940777
10001060,0.0574480191000639
10001061,0.06136745218496414
10001062,0.054785767991314224
10001063,0.02807347003778485
10001065,0.1144509922178429
10001067,0.05558898363625553
10001068,0.05722518919169656
10001071,0.030613182182706904
10001072,0.02726370675044498
10001073,0.020216496709142648
10001075,0.022492945574532006
10001077,0.009194026776568722
10001078,0.009186539750919013
10001080,0.008629168727268155
10001082,0.014778422093837354
10001087,0.04373025815044895
10001089,0.18197276766874748
10001090,0.06483608459735235
10001091,0.011880971090433144
10001093,0.012050588826153636
10001095,0.026543333325268346
10001096,0.03712826441097529
10001099,0.014172638527749295
10001100,0.051083241016271624
10001102,0.032431045589055366
10001106,0.03376368147272725
10001108,0.04622793687844158
10001116,0.030985229506323833
10001118,0.07492185083740799
10001120,0.011189553606533868
10001121,0.012168793706344381
10001123,0.012199878528186927
10001125,0.010615010206966952
10001126,0.010183873532402613
10001128,0.01000581541695871
10001129,0.08548380135129484
10001132,0.061686486594579294
10001133,0.05662204139945155
10001134,0.05603860735752495
10001135,0.05646195240691844
10001137,0.024396238429991623
10001138,0.01970696976699786
10001141,0.09570583128926984
10001142,0.10034868821860567
10001143,0.08523490110102719
10001145,0.16128056962564585
10001146,0.03551500833514553
10001147,0.024182770234502163
10001150,0.042116858485678046
10001154,0.22747992637027672
10001155,0.0031547432393311536
10001156,1.1003683150314438
10001158,0.004692335039971079
10001161,0.37482928245737013
10001162,0.023659479311574468
10001163,0.020171906279131388
10001165,1.1048589505570983
10001166,0.07246771705005792
10001170,0.013534574439015649
10001172,0.010525629383639852
10001173,0.00723130493133185
10001175,0.018739274929283498
10001176,0.01842207293638645
10001177,0.012426903493793799
10001178,0.012458723826737114
10001180,0.0190715649527415
10001181,0.018906358654156866
10001182,0.01874239814609058
10001183,0.018767989254195164
10001184,0.016086762539972356
10001185,0.018529944323492607
10001186,0.10227921757316927
10001187,0.20025208258229557
10001191,0.11390977734990643
10001197,0.012758951946124576
10001199,0.012231464638922537
10001204,0.277024087649661
10001209,0.14793447311752292
10001210,0.013039496805779306
10001214,0.042554188020084066
10001216,0.036299345409463564
10001218,0.05952301912377528
10001221,0.039163740064610736
10001222,0.03884761480174978
10001223,0.014285257096849835
10001226,0.015197003461457116
10001231,0.20494154701124684
10001232,0.19237799076668424
10001233,0.0011874748343668402
10001235,0.02013614980348619
10001236,0.04185681391893359
10001237,0.01642109757336356
10001238,0.12162030823449788
10001239,0.15653321725371022
10001240,0.007671233844339343
10001241,0.003124481157788569
10001242,0.0031606544737174565
10001244,0.20804688116683695
10001246,0.006056259172089542
10001249,0.03558289068421607
10001265,0.08244139736660867
10001274,0.01842967289067825
10001275,0.0186340271605565
10001279,0.0169045339430536
10001283,0.07885044252917925
10001286,0.26294351928241955
10001293,0.027757448783712516
10001294,0.0169821955428167
10001295,0.052112323093584434
10001297,0.008597368523281478
10001298,0.052408704392299096
10001301,0.29255487716588474
10001302,0.035474224330968994
10001303,0.028889754979314224
10001306,0.005594687390670813
10001310,0.006760004377169675
10001318,0.008946598327434482
10001319,0.020264525251126306
10001320,0.02044198193128493
10001322,0.02474623673476581
10001324,0.11892877249566208
10001325,0.08847276648292712
10001330,0.148440879242104
10001331,0.174848749529528
10001333,0.06245470186563812
10001337,0.011341615057332848
10001341,0.011113776140025977
10001342,0.008849141218465554
10001345,0.03904769852138973
10001346,0.024997449362395174
10001357,0.05620641480912941
10001361,1.4464806688767626
10001362,1.6693282864691417
10001364,0.23796141496940268
10001366,0.08647260363286394
10001375,0.072433054009360065
10001382,0.07166000528418967
10001383,0.06879971504534522
10001384,0.04203353150279464
10001386,0.22324138316031655
10001387,0.021626064823023615
10001389,0.053906019872743315
10001391,0.1608774479847088
10001392,0.625030844646943
10001393,0.30805255686762834
10001396,0.25403596102209963
10001401,0.1935801307503099
10001404,0.045572129513361405
10001411,0.3404723687063101
10001414,0.09228410343395183
10001415,0.09347526135446405
10001421,0.02326947202955685
10001423,0.4696701356085129
10001424,0.09846523315355837
10001426,0.01082203619812233
10001432,0.027680486306908222
10001435,0.09800956753814319
10001437,0.03697710863554397
10001445,0.043200074598352046
10001448,0.14091357777659078
10001450,0.12923590050956069
10001454,0.020960468078999837
10001457,0.048459984709203166
10001458,0.015312450501565975
10001459,0.05848498678836326
10001460,0.20589461080794424
10001470,0.04674627169027429
10001484,0.02679683236455737
10001489,0.02056410583104794
10001492,0.031993913825879544
10001496,0.03222736563491566
10001504,0.1624511205384603
10001512,0.12473497921482626
10001515,0.1721587065160862
10001516,0.2250051039167237
10001518,0.052107003015169746
10001519,0.06818780572020802
10001520,0.08564234332260583
10001522,0.025716513076565837
10001530,0.04083058960264972
10001542,0.1691530745724956
10001543,0.16861407985713345
10001544,0.038230841602930984
10001546,0.10042600934693245
10001547,0.0921095878085087
10001548,0.09623933467565848
10001550,0.15451010224078948
10001552,0.15801500176114
10001555,0.8079836289469156
10001556,0.02525322596761541
10001557,0.13927666450485807
10001559,0.15278073908063547
10001560,0.13969958271324198
10001566,0.211001219235622
10001569,0.01871730349357046
10001572,0.08879194414698192
10001573,0.020508507562045915
10001574,0.043124060386109914
10001575,0.04163675564947964
10001578,0.1479360809239732
10001579,0.03792138400656609
10001581,0.03983742639476758
10001582,0.07980984495441533
10001583,0.024171899067560208
10001584,0.08909601038686789
10001585,0.08957615472389105
10001586,0.09385278007272424
10001588,0.011821353768870717
10001589,0.021422741769274892
10001590,0.021378241256216707
10001591,0.019008758814155337
10001592,0.016439006475371255
10001593,0.023747081162475845
10001594,0.024231160926626354
10001596,0.013329510321555636
10001597,0.013095137092624894
10001598,0.01588534042626007
10001601,0.015808061492454412
10001603,0.015263120612502913
10001605,0.052097022088674456
10001606,0.009775354641996395
10001608,0.017206165875929016
10001609,0.017185600637476435
10001612,0.015588720137720296
10001614,0.01564651594227149
10001615,0.014572084540894424
10001616,0.18164813856703826
10001617,0.015097454394460669
10001619,0.014963721078323696
10001622,0.009034015654034402
10001624,0.06687625748773898
10001626,0.024341170372790755
10001630,0.33085923748695634
10001631,0.07362111865408019
10001632,0.05563269781179176
10001633,0.14762918921485077
10001636,0.04761716928167894
10001647,0.009263655232502303
10001652,0.040196043523435525
10001676,0.026655881966227958
10001677,0.08181332081824177
10001678,0.7246483586643615
10001679,0.02967319709453684
10001681,0.013052586155290537
10001684,0.059706861908916255
10001687,0.019738143470216515
10001690,0.05087596200228247
10001696,0.04404439876683912
10001697,0.043765866692084425
10001705,0.018344085234207875
10001706,0.018310369868183546
10001708,0.019478978985643415
10001709,0.01960532495867775
10001711,0.024028769645425916
10001713,0.01501803021053975
10001716,0.04863117933491674
10001717,0.05172267178326825
10001718,0.12305494292733381
10001720,0.11470332650276557
10001721,0.1271457327846535
10001722,0.00940089604651915
10001725,0.044684713679669925
10001727,0.017910876206462315
10001728,0.017841955757913322
10001729,0.02413650979564727
10001730,0.007410152345691751
10001731,0.022910173045007646
10001732,0.06380726739576179
10001733,0.070821347422789
10001734,0.017890911728454466
10001735,0.021647740746659143
10001737,0.03130867382845546
10001738,0.6430870658741148
10001739,0.018460595043877124
10001742,0.011744049512130659
10001743,0.010181479974947063
10001745,0.01613392299090686
10001747,0.04200747952142053
10001748,0.04171594236638539
10001749,0.02796575558636815
10001750,0.027600454696567227
10001751,0.011408839146946122
10001752,0.020780311826143105
10001753,0.020557066845154095
10001754,0.01921930251122358
10001759,0.02118078769237527
10001760,0.03929441434894869
10001761,0.04146812295714308
10001763,0.015847891910208953
10001766,0.20694003668840602
10001768,0.08351500968539503
10001769,0.02293740070034106
10001770,0.02276581509560608
10001771,0.015625518330285502
10001775,0.020816559643917137
10001776,0.020180028307665368
10001777,0.022612121325629533
10001778,0.029895665459159837
10001782,0.013250964767577256
10001784,0.020112830166427825
10001786,0.023439491341553702
10001787,0.036101785007145365
10001788,0.033541374416948336
10001790,0.030025775384747003
10001793,0.02935348334635723
10001794,0.01953090782230341
10001798,0.02363535664524721
10001799,0.01611810498329396
10001801,0.3406991487726666
10001802,0.11802591221675122
10001804,0.033819854677042405
10001807,0.015291590392077763
10001808,0.018331360282270427
10001811,0.020374288284842192
10001812,0.020256663710686757
10001815,0.617829627914132
10001816,0.011178305596950287
10001820,0.009269846181153667
10001821,0.01630106513775346
10001830,0.03103335136190804
10001832,0.03060450750099113
10001852,0.42391241955114545
10001853,0.014993436948218362
10001856,2.9071760415728085
10001860,0.025047861655199198
10001861,0.012443402376761366
10001862,0.012461330073677447
10001863,0.028317497409904184
10001866,0.26830075069182674
10001867,0.17838952723268753
10001869,0.027199978692702534
10001871,0.07822897919648764
10001873,0.06043784151829958
10001875,0.013478844850670578
10001879,0.03324217570175564
10001906,0.03225058356656945
10001907,0.032652130332622424
10001908,0.03263883375489623
10001909,0.04283801929658517
10001910,0.009785034706732847
10001913,0.02237559888781616
10001914,0.2686517397734366
10001918,0.06610325737792655
10001919,0.0058487452667323634
10001921,0.10735471763682702
10001922,0.10807060003074073
10001925,0.08915916717566127
10001926,0.08602130651397258
10001927,0.08814155707525508
10001928,0.09179583849850738
10001931,0.020533058792456874
10001933,0.11292586196927601
10001936,0.37773127543241936
10001938,0.04390437841148254
10001940,0.11560122455360985
10001941,0.11922770230439186
10001944,0.03640704374554096
10001949,0.3166052970985752
10001954,0.012681008067271498
10001957,0.01870436059545579
10001958,0.001546840415609746
10001960,0.033732723616360955
10001966,0.012420965601252285
10001969,0.02422550465711157
10001972,0.36470286490060344
10001974,0.01596563106010841
10001975,0.01604641979725307
10001977,0.03306958137803136
10001978,0.008575536318774283
10001979,0.012685429822321148
10001980,0.012729145737677305
10001984,0.02196169852016677
10001989,0.08107485387534898
10001990,0.0808588940297231
10002020,0.01181368449558484
10002066,0.017697297031258573
10002084,0.04050759313320262
10002088,0.04332608507529455
10002095,0.2279283509907218
10002096,0.23610662919016082
10002097,0.04220440754136102
10002098,0.043119888000775645
10002101,0.23802144704882755
10002102,0.010648764692870082
10002105,0.017036902158498773
10002106,0.017146660032832738
10002108,0.023814559182615
10002115,0.029637810247216043
10002117,0.026359567615979258
10002118,0.02639947164033788
10002121,0.06325831403545429
10002126,0.0140162775971546
10002129,0.020924406530103423
10002134,0.10979884283781256
10002135,0.011035365673803955
10002136,0.011029051998184443
10002137,0.026463743267441737
10002138,0.021590666102522135
10002139,0.015802093637849384
10002142,0.011048409142087157
10002144,0.01204820180284928
10002146,0.02384528082477045
10002147,0.012387010476349316
10002152,0.02612625168764668
10002153,0.026498071263227382
10002157,0.022475057822239675
10002165,0.020695067634431418
10002174,0.04742901450252384
10002175,0.04864556971165574
10002176,0.013506631684862562
10002177,0.013582051506333888
10002178,0.04626968263928034
10002182,0.04266867644326384
10002184,0.14368950476964984
10002187,0.008892420897056223
10002190,0.4216063026365774
10002192,0.014685911698605435
10002204,0.5255587926612845
10002206,0.16986653168199242
10002210,0.08710591515807659
10002217,0.012670563153569719
10002223,0.018109500758908357
10002225,0.13629107553892128
10002226,0.1284658173296123
10002227,0.1365925017738672
10002228,0.01493074144931668
10002230,0.3032068084101685
10002233,0.008049999937627943
10002237,0.013226620658625524
10002244,0.06633488770273618
10002245,0.20991185409833701
10002246,0.03343028100911763
10002247,0.033961717549580835
10002248,0.008143708780798705
10002249,0.011518535707028033
10002250,0.017889549595866434
10002258,0.026482774181632442
10002259,0.02243710913776472
10002260,2.3495055552794115
10002261,0.0526640994958735
10002262,0.05154681545711432
10002281,0.0430543879644048
10002287,0.03172689084338681
10002290,0.062061902014684055
10002294,1.2931673896633096
10002298,0.23320824777841576
10002300,0.18003639172753935
10002301,0.18042588436508405
10002305,0.16801571147023034
10002309,0.01367542965682885
10002310,0.0073456328324884804
10002322,0.18232561923086976
10002323,0.17570288063827427
10002330,0.05931249431211655
10002340,0.13151236373385333
10002341,0.05510097117360926
10002344,0.015806038994055086
10002345,0.026551256394472908
10002346,0.010690554483730134
10002347,0.03351367819723133
10002348,0.04013121216115221
10002349,0.03571391011467395
10002353,0.02603911758490846
10002359,0.026872057558706166
10002361,0.15746227919207526
10002362,0.09169581346115172
10002364,0.1051331335521514
10002377,0.037529827170978
10002380,0.07008944904218714
10002395,0.6233831573561455
10002396,0.6169716861437765
10002397,0.2509738730161828
10002398,0.044898918826421025
10002399,0.0729413437777488
10002400,0.14278286791029304
10002401,0.1590490849213952
10002405,0.024268230794201325
10002416,0.057924786801751206
10002425,0.1104962793362883
10002428,0.03743967662851649
10002431,0.01558283601727267
10002432,0.015473487816346358
10002436,0.07594300899743854
10002440,0.26590936445246643
10002455,0.012499506999946574
10002459,0.3901224434597932
10002460,0.5064734023583619
10002463,0.15878093211720576
10002469,0.6977270222224081
10002470,0.8546174144322433
10002471,0.16574948069720138
10002472,0.772392697157857
10002476,0.058669074511779544
10002479,0.06009317324129817
10002485,0.06762972526587982
10002488,1.7526021939481649
10002491,0.0450217837863781
10002492,0.08757581747081965
10002493,0.236268701524388
10002497,0.27556557129287707
10002505,0.19581654484687802
10002506,0.01792473977040657
10002510,0.018790134324321302
10002517,0.01621131584322929
10002522,0.010479283288971852
10002531,0.024598443288716323
10002537,0.024877693153393655
10002556,0.02390987486906588
10002558,0.023405130293338745
10002560,0.06847032288318598
10002564,0.028580985209334987
10002568,0.05800466136618778
10002569,0.05861773745739575
10002570,0.05820400242727559
10002571,0.05172925912460676
10002579,0.025123153384115682
10002589,0.0869299447662666
10002591,0.014120566171874986
10002600,0.06969356907806884
10002605,0.04189868456078391
10002606,0.07809426605666286
10002607,0.06853090836256985
10002608,0.06783221262491322
10002613,0.047105456256880125
10002617,0.006656338506035408
10002629,0.05532605020207355
10002630,0.024338680454043957
10002633,0.011305554473479269
10002638,0.040639569130441054
10002640,0.059089012990797586
10002656,1.1607404290397816
10002657,0.004498378459639957
10002658,0.0044903198180589665
10002668,0.028825550424408385
10002670,0.057699626573386564
10002671,0.0560540082846025
10002676,0.02586476543858719
10002685,0.031694152351926394
10002687,0.08731532815802437
10002688,0.044892635942602566
10002689,0.04184564632072363
10002691,0.01359149140987039
10002692,0.011974804803922445
10002693,0.011984908989654186
10002697,0.023937853267131527
10002701,0.035901822409653825
10002713,0.015265945005319097
10002714,0.015213225558823313
10002716,0.008995904974470724
10002723,0.011398569280176967
10002725,0.010510274536547447
10002726,0.01049181916498742
10002729,0.014821181071541777
10002731,0.040573046885858874
10002755,0.176749050469591
10002758,0.011576321560251273
10002759,0.0091531493825169
10002784,0.03261144129911631
10002791,0.012182050909515874
10002792,0.012199315621148421
10002799,0.00758840825980013
10002800,0.02514112203811743
10002802,0.0136832322466496
10002803,0.013639315728556672
10002817,0.01829675471804098
10002822,0.013702970495900257
10002827,0.018165667482255284
10002828,0.01682334478272734
10002835,0.10594648735813043
10002838,0.06634722050628256
10002843,0.014289058556197042
10002844,0.0659189288190198
10002845,0.06690868014933389
10002857,0.1038208941677795
10002858,0.11337683532317723
10002860,0.08462382672432073
10002861,0.06015800650348687
10002862,0.06596349558898454
10002872,0.3603136178829688
10002876,0.01331772141884565
10002885,0.05923454738206531
10002886,0.05720907654040719
10002893,0.06025212817134213
10002897,0.1343919455069578
10002900,0.01139250952204895
10002905,0.010539120638748217
10002908,0.012916010432073381
10002913,0.009533363123075312
10002914,0.00951110953637437
10002916,0.015426925423542836
10002917,0.015444929147830468
10002920,0.008128686241071235
10002923,0.005176129027076706
10002928,0.013488797978076459
10002940,0.03859624451842033
10002941,0.038738587619374716
10002945,0.02371417671036466
10002949,0.014014427561369584
10002955,0.021640635886752756
10002956,0.02167191842056296
10002957,0.020823629130588907
10002958,0.12433703410351751
10002964,0.300920701303431
10002968,0.03239870129880296
10002971,0.03655797941509825
10002980,0.005360744944162204
10002986,0.01760484944657178
10002987,0.003762905491289111
10002988,0.004191294727522318
10002991,0.006514029988010326
10002995,0.20517763209317388
10002996,0.33348199997651934
10002997,0.2843862731980121
10002998,0.005002384769807276
10003000,0.002736862755267493
10003002,0.0030354745414139586
10003004,0.004489209030379597
10003005,0.0044588300392436496
10003006,0.0044640281414276
10003008,0.0042534352818798336
10003012,0.005438643585927075
10003017,0.06358921631498983
10003047,0.029422605896569847
10003048,0.08879314776559132
10003052,0.02217350178701976
10003054,0.054867251860097915
10003056,0.0821370338124917
10003062,0.289672622794172
10003064,0.04482095152473047
10003066,0.06469520339343089
10003067,0.0633628808701387
10003068,0.06535775370108542
10003069,0.044387816990146316
10003070,0.04508388249520483
10003073,0.06289120017245019
10003074,0.05279259201585626
10003075,0.03223591909800421
10003076,0.03181103635333784
10003077,0.019229071136498455
10003082,0.03651560356873877
10003083,0.04284462644039485
10003084,0.04320217971405362
10003087,0.021576931890181554
10003106,0.05455487546288696
10003107,0.021675928776567575
10003109,0.018355369270993894
10003116,0.5942313403977113
10003117,0.21269488783752946
10003121,0.023291641713300233
10003122,0.02568797342641352
10003124,0.23552352651096553
10003125,0.3394057517483572
10003127,0.043344162082668856
10003128,0.04374601825183184
10003130,0.04583695305248428
10003131,0.046311150565248295
10003132,0.04516795575675462
10003134,0.015351330507956886
10003135,0.015240899328270609
10003136,0.02067678159160172
10003140,0.04851975877825771
10003141,0.05082663305514619
10003144,0.06614635950743568
10003145,0.06698878721495935
10003146,0.09530104097318973
10003147,0.09365972881340498
10003149,0.15321914605755751
10003152,0.09357634306754185
10003156,0.16726185400243146
10003160,0.0723631018145391
10003165,0.033201530051237445
10003166,0.03067899832903951
10003175,0.03247064972205803
10003188,0.08440136932726444
10003189,0.07751580897072012
10003192,0.6530302421962492
10003195,0.04888251141057767
10003196,0.050232404840554266
10003197,0.08855552060209579
10003198,0.11851297044060459
10003200,0.025940934541580012
10003201,0.025962524667765295
10003202,0.05461215671331822
10003203,0.05523311101185235
10003204,0.05826240059897756
10003208,0.061639561327095874
10003209,0.07385799349220012
10003210,0.04598163800312672
10003213,0.15348063854795388
10003227,0.8003341581607768
10003229,0.35583861323015104
10003233,0.16513192487725292
10003247,0.01794629291530532
10003253,0.06440475858979895
10003255,0.031533997990175415
10003256,0.03163951847336418
10003260,0.04215851625125478
10003262,0.03639065271979888
10003268,0.02179073689250932
10003278,0.08084775019310006
10003282,0.07012829698819453
10003284,0.08262320420107684
10003289,0.019874022216082535
10003307,0.013702077930188126
10003308,0.016367558139637372
10003310,0.016583293550702177
10003316,0.029048607804708082
10003320,0.040808910189862116
10003324,0.016034502966078657
10003327,0.015436774699415819
10003329,0.0271582476733538
10003330,0.026726746796133665
10003331,0.01855243573897697
10003333,0.012111307674534274
10003342,0.09652079057468524
10003348,0.022681213139006964
10003349,0.02497193890499976
10003350,0.01861006651317269
10003352,0.01730505382124248
10003354,0.01927923001155198
10003356,0.024993530883204954
10003357,0.025021404668848737
10003362,0.0347927170470619
10003363,0.034151286664048375
10003365,0.03917670850486602
10003367,0.10690600903698665
10003369,0.020599902124673643
10003370,0.020648043939013958
10003372,0.08903879246900129
10003374,0.014412171173061945
10003376,0.01685826777007113
10003377,0.01669932333984644
10003378,0.01669799648912118
10003381,0.03966329909484499
10003383,0.05727812946722581
10003385,0.04823893541625541
10003386,0.046690628664542384
10003387,0.057387264909998445
10003389,0.012820152165490739
10003390,0.012697881541434869
10003392,0.14041642431891496
10003397,0.02071064082202193
10003398,0.022528238352109677
10003405,0.0374422800505201
10003411,0.1457861103767948
10003412,0.14296731577233357
10003413,0.44186343517876564
10003414,0.02536900208914772
10003415,0.04135809338945876
10003419,0.5197379507974602
10003423,0.026779467548778916
10003424,0.0414099183448769
10003425,0.04016172282836541
10003432,0.09450544279706058
10003433,0.0987700982536016
10003434,0.08866873828073649
10003444,0.02563829550120219
10003445,0.09414596594526654
10003453,1.3765357035825474
10003460,0.4866499482062226
10003461,0.4804584759478503
10003464,0.05776634851653787
10003465,0.055265671993912996
10003468,0.005917339858130859
10003472,0.019672424104877066
10003475,0.007525207112097011
10003479,0.005311708591038825
10003483,0.03058934359668947
10003486,0.003212987821422168
10003492,0.020210202428189272
10003496,0.020295158721188217
10003505,0.018174869035913435
10003507,0.050001389894272365
10003515,0.021213865984727347
10003538,0.04547867823765376
10003542,0.059329529322165744
10003546,0.03792601348556788
10003553,0.1245336416686195
10003554,0.11923252958153721
10003556,0.12404715869583564
10003557,0.11769126437259106
10003558,0.1209608126565911
10003561,0.1271088659281629
10003565,0.006484560575345205
10003566,0.026798295585932396
10003568,0.021235252989263216
10003571,0.04700534591994937
10003572,0.020817117194310984
10003578,0.052401864587980414
10003579,0.016604357282776944
10003580,0.05380645378322282
10003583,0.06847980740319622
10003584,0.017488112497260393
10003585,0.01708197963811025
10003587,0.009481933466418907
10003590,0.02301255745602344
10003591,0.006980372391417247
10003592,0.009855522328861771
10003595,0.03149340437318004
10003598,0.017633102600613557
10003601,0.0028885614986315254
10003602,0.002953285534535256
10003603,0.004060864835915913
10003607,0.0039525517528341434
10003611,0.011609651854235162
10003614,0.01890691583402318
10003615,0.019244064311807786
10003616,0.018960386476967846
10003618,0.04359512818870082
10003624,0.032866353047777574
10003625,0.0734799135990391
10003626,0.6908159294427063
10003628,0.04896862585744152
10003629,0.05770318507356164
10003638,0.05932929159385364
10003639,0.020000795534109102
10003645,0.3003329010289448
10003647,0.03480401054314914
10003650,0.011628650457043626
10003651,0.011475187008349319
10003652,0.011253088789151381
10003662,0.0134154974371507
10003678,0.008877210430394395
10003680,0.07648152342394884
10003690,0.04942902074845813
10003691,0.1505657666103509
10003692,0.006759114056230387
10003694,0.002876797499036932
10003698,0.029366778715651593
10003710,0.03746684547645755
10003712,0.17002456444320505
10003721,0.018163180943926622
10003728,0.04183099613180991
10003732,0.04426473822642801
10003736,0.03717065566481831
10003757,0.2716002577600231
10003758,0.009289195477761194
10003759,0.009181307439506793
10003761,0.0015468171626073991
10003764,0.014993483047204693
10003769,0.010839571811684087
10003773,0.02128080644048654
10003774,0.020896156366627696
10003775,0.021087946824661842
10003781,0.3400243173125441
10003783,0.23722481569269038
10003787,0.03193322344446202
10003793,0.019315949475473642
10003794,0.05275982684240615
10003795,0.05185441281902531
10003799,0.00400431104539514
10003818,0.0352483791235199
10003824,1.0161137112975958
10003826,1.2763898970647192
10003846,0.19475296880780066
10003861,0.20737664967799216
10003864,0.07497664603751712
10003878,0.0315697591614922
10003880,0.00909261169840537
10003891,0.034290811130334414
10003900,0.011963745916001219
10003911,0.04360523792794941
10003928,0.010252134539039524
10003934,0.013799134083878787
10003943,0.01991252875036393
10003948,0.08945451014235169
10003950,0.06018847186240443
10003952,0.00798323875522266
10003955,0.006536669024859271
10003957,0.005418261600025921
10003958,0.017002515882865613
10003962,0.007714037482141794
10003969,0.21712394427907586
10003973,0.015310500552997005
10003974,0.015249400069301993
10003978,0.018610892801337608
10003990,1.3838840959573186
10003993,0.29427693976705255
10003995,0.6846399156092493
10003996,0.2360738980899568
10004002,0.1155609376729191
10004003,0.2942442376328652
10004004,0.10913748950763802
10004005,0.10412336441118708
10004006,0.21424508760085686
10004007,0.2001692208502143
10004008,0.25347344608582584
10004015,0.12280577494277904
10004017,0.05339192256597777
10004018,0.051865300313824574
10004019,0.08575677666145441
10004023,0.18031441459312464
10004024,0.18903097901945898
10004027,0.08183297459874188
10004028,0.04298397206699006
10004032,0.10785770563874285
10004034,0.14996699287276238
10004035,0.15525795398041523
10004040,0.02956262893911127
10004043,0.03549289326096997
10004044,0.016660895670545045
10004050,0.014967327464544438
10004053,0.015095634379502742
10004060,0.22134359970284329
10004062,0.04304525791353791
10004065,0.17803304979720103
10004068,0.013175464353912108
10004070,0.017364895341136017
10004089,0.018623385757207258
10004094,0.04003314278455476
10004095,0.016488853218295966
10004118,0.027271483011662996
10004122,0.07476751506984497
10004125,0.5537838869727636
10004126,0.5074554575629664
10004127,0.6763067377181348
10004134,0.01657821071405414
10004137,0.018302332983518313
10004138,0.018399980251661677
10004139,0.01839492905337306
10004140,0.027360255375543943
10004146,0.03173094064083583
10004153,0.031452449686662075
10004157,0.022662115666535924
10004159,0.026998332451288347
10004165,0.029533949272113946
10004168,0.03977507763769778
10004170,0.019243804887929202
10004173,0.12135512151388922
10004174,0.11677099695995323
10004176,0.03687617932011984
10004177,0.02946778552717455
10004181,0.022990036642987786
10004183,0.69386220330992
10004184,0.9264401088628895
10004185,0.03523755177798196
10004188,0.05738869996982525
10004190,0.023279780729540112
10004193,0.014813914121536787
10004194,0.020913396040006624
10004197,0.03578260049864287
10004204,0.2116127200380129
10004210,0.10870708566243063
10004213,0.02173695249578992
10004215,0.14990989137669447
10004216,0.06420644987192074
10004219,0.047875439104557944
10004226,0.031379325166357865
10004239,0.021950581031937717
10004241,0.020076426897252735
10004244,0.01880396065348739
10004248,0.09876901075565496
10004255,0.01813045886476752
10004256,0.2326074916925955
10004259,0.01803081254170419
10004260,0.013782572877435202
10004264,0.20373657047566882
10004286,0.015053312186568456
10004312,0.08714530700699617
10004327,0.009017916132105524
10004330,0.012167043603970583
10004331,0.012148023942179313
10004335,0.008943072955622784
10004339,0.018576309196352135
10004444,0.2119689524404875
10004446,0.43470128183053386
10004447,0.47067193849372707
10004449,0.03655074286147062
10004451,0.04361191080105779
10004453,0.014741356012249759
10004461,0.021430585110154186
10004475,0.20037859214291173
10004476,0.30448070090718277
10004487,0.013815673671868145
10004491,0.020035997136719805
10004496,0.010558910413148692
10004497,0.010530474795144674
10004500,0.05244760617372325
10004505,0.03247127149526099
10004514,0.009269668097749331
10004515,0.009255694802730934
10004517,0.009308188463144013
10004522,0.01975813151969795
10004525,0.03550832579414078
10004527,0.009675527736081923
10004534,0.01086328462885204
10004551,0.01650192235548794
10004554,0.03818923410754327
10004555,0.1215215274220212
10004556,0.12568024460795973
10004557,0.021318431620169293
10004558,0.021136471985718535
10004564,0.04582170670419851
10004565,0.022859162211440038
10004567,0.014271409569537867
10004569,0.21720533780995263
10004571,1.0315824192820622
10004574,0.016809122188135923
10004575,0.02058457498922269
10004576,0.02062769825991269
10004577,0.017543352043423423
10004580,0.023147279557381106
10004585,0.026430344384463022
10004586,0.019667725835669142
10004591,0.01250518890008822
10004592,0.026437294852751324
10004593,0.026170973496823145
10004594,0.026628935654793823
10004595,0.027190192459899055
10004598,0.4882212438440951
10004600,0.023502859427661404
10004606,0.03680153299421254
10004608,0.030956113423469492
10004611,0.04506583164586119
10004612,1.1955099552700243
10004614,4.422366841918886
10004615,4.140125571888528
10004616,5.17497125457365
10004618,0.06412652078281289
10004619,0.042726756964901
10004622,0.0351955267245232
10004625,0.023735575616133275
10004627,0.034509413656805425
10004628,0.034453091309776945
10004632,0.012613111846768223
10004633,0.16876299080272106
10004639,0.25101058928810943
10004645,0.05254425949902202
10004646,0.05237196138241276
10004647,0.16316635246107064
10004649,0.37377503975844373
10004650,0.14828977854968828
10004651,0.058585426274524274
10004655,0.0576656104128825
10004656,0.15121847697431998
10004657,0.005823681310125798
10004659,0.1487034877639943
10004667,0.04205343806906317
10004677,0.02027758811919587
10004712,0.04872493676665258
10004724,0.32493532123556856
10004732,0.11472146171981215
10004734,0.029931334993831167
10004740,0.03197146001397142
10004747,0.01713462941936148
10004812,0.00798084082310362
10004822,0.14807505009797936
10004852,0.03102245749947444
10004895,0.04738776282139106
10004903,2.383109345929496
10004913,0.032044897229229555
10004920,0.04651287877118101
10004921,0.14095366891989586
10004922,0.12471229806843147
10004923,0.12234715379142479
10004952,0.025712168025002785
10005043,0.012923182104078074
10005054,0.02240731907258712
10005113,0.2281116613539792
10005114,0.2295970292311165
10005124,0.014662366536153139
10005130,0.06728402707461735
10005188,0.016868666349320344
10005191,0.0103465508996749
10005199,0.017792428850434385
10005201,0.03530620152371484
10005208,0.012166075133380957
10005219,0.42784928981156606
10005222,0.0313971109940392
10005227,0.1522979915216744
10005242,0.05877950637988246
10005248,0.024075288921692348
10005251,0.012633306430301382
10005252,0.009532249606895233
10005253,0.012404375622009687
10005256,0.02654888622257803
10005258,0.5138174317011927
10005261,0.00824699012936693
10005263,0.007322963109162173
10005264,0.020389497345380606
10005267,0.01147497121779563
10005272,0.020524220491441404
10005273,0.0241681235719691
10005275,0.013813113908001171
10005282,0.09631911538603276
10005283,0.10422156152682144
10005290,0.027290716179997013
10005299,0.0261321210190817
10005303,0.05927621200715251
10005305,0.02182076314582193
10005319,0.007876597530363953
10005324,0.011319471551296423
10005328,0.056678883820551466
10005361,0.0915981256258492
10005362,0.07277769511657207
10005378,0.1604012829293951
10005380,0.06549604025100833
10005599,0.059270476481966435
10005639,7.803672665307264
10005640,0.006116410063695973
10005642,0.004861214052052686
10005694,0.04214132802537236
10005749,0.15517690296808645
10005750,0.012854930270973836
10005771,0.007569285317630643
10005784,0.015423311954630413
10005832,0.16428905138255798
10005834,0.01715943177970479
10005841,0.010905817329580838
10005848,0.15123790946588178
10005849,0.045674371408136634
10005861,0.09265707864445258
10005862,0.09345806743203855
10005863,0.09555774368957447
10005864,0.09804210149443598
10005865,0.09875947514776914
10005866,0.09526235839037338
10005867,0.18405109962865507
10005933,0.07424241337108482
10005949,0.011531437018438125
10005978,0.01657965408738487
10005985,0.09822118456570839
10005990,0.1851903418743598
10006146,0.05198443528779283
10006147,0.01938327992268665
10006148,0.040563840639530044
10006152,0.02056005425912392
10006153,0.07132062843158303
10006154,0.02942079501362902
10006167,0.026288110853841553
10006168,0.039136219145171694
10006170,0.05463842518021499
10006171,0.034707091018955645
10006172,0.026562224419467394
10006173,0.02379242169172089
10006174,0.02326071258353403
10006175,0.16964111610136545
10006176,0.16015772094928338
10006177,0.014831239661415438
10006178,0.014868166453925852
10006179,0.01946399607303673
10006180,0.01940734271593131
10006184,0.3709128090515432
10006185,0.020403737559239424
10006186,0.022736360998096703
10006189,0.008419491358570457
10006191,0.11104075866251079
10006192,0.014530337702899285
10006193,0.09596860503800593
10006194,0.10207827645548208
10006195,0.02018023834384272
10006196,0.028957767968449066
10006197,0.01649542434901583
10006198,0.019815284483188547
10006199,0.018226104675428317
10006200,0.018090335717468233
10006201,0.018504653568911532
10006203,0.009169453911035583
10006204,0.06880143382426293
10006205,0.10496528125498784
10006206,0.017202169229852404
10006207,0.01716064424716604
10006208,0.023254056892117757
10006209,0.017814564467844685
10006210,0.017773137224004865
10006211,0.01661091401290333
10006216,0.017275965399591277
10006217,0.19420132092315778
10006218,0.033698898028421964
10006219,0.13312948148266482
10006238,0.010452671790644562
10006241,0.03606283985811398
10006290,0.028850622313259557
10006297,0.18806643600888326
10006298,0.05316279662821694
10006299,0.049209985483283
10006300,0.015519698604505635
10006303,0.04604939283886223
10006304,0.0054239855018474205
10006305,0.009788132187333421
10006308,0.005588318538270306
10006309,0.05905676425854279
10006310,0.12855238279599335
10006311,0.014822387526362777
10006312,0.017859780909197674
10006314,0.039838223633329284
10006315,0.05626249678763048
10006321,0.005153486817204675
10006322,0.020755914530394135
10006324,0.032608978292635954
10006326,0.18788729490893424
10006327,0.02053166020034891
10006328,0.05061289064089706
10006329,0.06822916729119698
10006331,0.013678940306659917
10006333,0.12751079188916536
10006334,0.04232474219158279
10006336,0.2625133836705556
10006337,0.12003325769561685
10006339,0.022357512982183674
10006344,0.04397634875463538
10006345,0.30104131219287306
10006347,0.011540098073716249
10006348,0.023176828613024628
10006349,0.057145227660020365
10006350,0.029683629240436188
10006351,0.17620898373234425
10006352,0.17474743191392056
10006353,0.13663732754102278
10006354,0.039678739767698173
10006363,0.23890670346711265
10006364,0.6218682669748883
10006365,0.32742878415213683
10006373,0.1552906117792555
10006374,0.07788690975916221
10006375,0.14042862365821118
10006376,0.15642719148802672
10006377,0.018497809224860527
10006378,0.058745850366563615
10006379,0.02329597720510897
10006380,0.11828453369784621
10006381,0.013564829492358207
10006382,0.13788116906028136
10006383,0.18085038976261808
10006384,0.3301679679454324
10006385,0.01901506372849722
10006386,0.06051029313787568
10006387,2.348055698186233
10006388,0.00492078045199342
10006389,0.0924689396722778
10006453,0.014759872080768323
10006505,0.13882073332553518
10006508,0.03949224491473188
10006509,0.03850360458071747
10006510,0.010710000988828027
10006511,0.017485709804713388
10006512,0.044141174413734545
10006515,0.023631374259330113
10006519,0.020614698556403115
10006520,0.010683399316988789
10006522,0.014993928827899218
10006523,0.0370095180817022
10006524,0.035046546511129
10006525,0.014185308634933728
10006526,1.6237151242883603
10006528,0.052094333156782045
10006529,0.011194352491768936
10006530,0.1706822031265838
10006531,0.09186040380977477
10006532,0.03392858259233175
10006534,4.649566986889367
10006535,0.02327456638408758
10006536,0.07178846140978658
10006537,0.010351238215076034
10006538,0.030583410049795198
10006541,0.18311633446926967
10006542,0.012457808594546697
10006543,0.014883608472362687
10006544,0.01902064744518346
10006546,0.15436820502768717
10006548,0.04660296785647692
10006549,0.06032289205826562
10006556,0.022679476389264278
10006557,0.011474125390559236
10006558,0.04502617642739993
10006560,0.20536335024375907
10006561,0.3995049364622928
10006562,0.06009373102160522
10006563,0.017436338737844177
10006564,0.12266855505250285
10006565,0.014822569347462284
10006567,0.018713417234979837
10006568,0.028235789167920092
10006571,0.05823546732142899
10006572,0.07370679051203329
10006573,0.010219937132218818
10006574,0.10002711435888377
10006575,0.0031704969537459868
10006576,0.058410590372046184
10006578,0.8439825810495807
10006580,1.0310424534555176
10006581,0.089754300118354155
10006582,0.019905616970951168
10006583,0.19900381097862926
10006584,0.01735424213456718
10006585,0.012717979083564143
10006586,0.045072537830356384
10006587,0.002900840477676417
10006588,0.004057421344176682
10006589,0.00953065636634005
10006590,0.009327063846340387
10006591,0.002914010686573617
10006592,0.005418853492458408
10006593,0.018615789354448912
10006594,0.021922163425722167
10006595,0.30226600985994073
10006596,0.02731374377361437
10006597,0.02737389536356383
10006598,0.18845078125160172
10006599,0.1700107201397072
10006600,0.20189257546693506
10006601,0.18941947534604145
10006602,0.09125957292515659
10006603,0.8577912615438498
10006604,0.0785481717771426
10006605,0.10166291343629834
10006606,0.12315815367582285
10006607,0.7431653590500165
10006608,0.09848924901565859
10006609,0.23479312624612986
10006610,0.2382752913256851
10006611,0.05612930385673676
10006612,0.01152056855417237
10006613,0.021535860040346824
10006614,0.004638193037865936
10006615,0.03694364653352591
10006616,0.10504113279645508
10006617,0.02256571571887122
10006618,0.1835833336457567
10006620,1.1549646513217768
10006621,0.05904666380038939
10006622,0.031463571337674245
10006623,0.09369112812323731
10006624,0.09014183380008736
10006633,0.06393191517425464
10006638,0.04864718646819938
10006639,0.03153052030598366
10006640,0.08513536043390031
10006641,0.05370413682194497
10006642,0.11950275945722999
10006643,0.018781626368825424
10006644,0.054007730455033626
10006648,0.0809536652998198
10006649,0.011256615964794978
10006650,0.0037654440516791776
10006651,0.02797901301995241
10006652,0.012681597757537993
10006653,0.06594458332916005
10006654,0.006495015132913675
10006655,0.004522737264572419
10006656,0.01208429592833782
10006657,1.4353693597550183
10006658,0.014046936477589797
10006660,0.07175518016806887
10006661,0.00977656264948584
10006662,0.021254822571562002
10006663,0.026949263005042075
10006664,0.012652822670770222
10006666,0.018249140114809295
10006667,1.1810013358071698
10006668,0.06869092042129375
10006669,2.2834298266625637
10006670,0.04153315256387327
10006671,0.024432172536247118
10006672,0.054841006389925576
10006673,0.04632736882844022
10006674,0.013481618217748462
10006678,0.1670773213644588
10006679,0.1722124497748757
10006697,0.006517220434783845
10006749,0.05538063101030048
10006837,0.261778092665281
10006936,0.08496665096598648
10006939,0.8939960679852785
10006944,0.7876331361371423
10006955,0.05797351571686386
10006958,0.19164096852971693
10006960,0.21130288534441224
10006966,0.1639185626995174
10006968,0.019557716258865144
10006969,0.14207014356784686
10006971,0.02607773107868811
10006987,0.013168354322672604
10006990,0.19668594093040234
10006992,0.014812160482578883
10006994,0.14671673631091023
10006995,0.1979585235260009
10006997,0.046833067860039664
10007011,0.02258626028580449
10007015,0.20497227313683797
10007016,0.0455969897356325
10007019,0.5056002670426639
10011319,0.019993654505788945
10011321,0.01764718144277398
10011326,0.01761530008219946
20000020,0.027244371275777824
20000021,0.2107788970611054
20000040,0.00469737928587829
20000140,0.05155793301092109
20000141,0.12815650615019303
20000142,0.05059434407237936
20000180,0.8184739300295358
20000200,0.016105995704734345
20000201,0.016018945119186504
20000220,0.6205683161787818
20000240,0.02933338031847381
20000260,0.011872655114728178
20000261,0.014414639520259632
20000262,0.019931560029487136
20000263,0.23030714450931428
20000264,0.059181121080677655
20000280,0.1554544430079015
20000300,0.0829658328534637
20000440,0.02310814780157296
20000441,0.010307735156933997
20000460,0.005236890160206741
20000480,0.02293624363900647
20000902,0.017646017059614882
20000903,0.004840487221179032
