FACILITYID,mean_ozone,matched_fips,dist_to_tract_m
10004639,56.798,12011030804,441
10000450,57.301,12127083207,5776
10006936,42.443,06045990100,3812747
10004024,57.685,54057010100,2672
10004650,56.332,12086009325,601
10006939,61.584500000000006,18163002100,121
10006303,56.96,51147930201,2100
10001082,58.904,19105070300,1046
10001091,60.354,19103000301,966
10000356,55.6225,12059960401,1349
10003943,60.178,13275960900,3544
10002237,62.427,08067940300,3633
10001866,56.759,19153000701,465
10000630,65.4125,04019980400,79
10001077,57.3665,19187000900,1796
10001087,59.438,19153010705,7467
10001100,56.0015,19111491100,1724
10006663,55.9885,19015020600,11622
10006658,57.2145,19145490400,68
10006541,57.332,19155030700,833
10001089,58.301,19153004702,453
10005639,58.3305,19013000700,375
10001856,57.18,19061000100,812
10006643,56.337,42053530100,5748
10004286,61.965,19083480600,3496
10003486,62.504999999999995,49021110501,391
10003587,63.274,40055967100,19346
10003472,63.749,49049002802,602
10005043,56.2755,21025920302,2869
10000360,55.941500000000005,12131950202,3046
10003891,61.973,13115000500,180
10004517,58.72,13109970200,1898
10006331,59.009,12029970101,3463
10004522,60.093,13081010400,2647
10000295,63.997,13089023439,1214
10003878,61.814,13313000400,531
10003461,70.593,49035111602,698
10000917,73.572,24510100300,83
10003453,65.164,49057200300,1389
10000023,57.232,54021980000,0
10000312,58.391,13051010501,962
10002115,67.945,13247060201,1551
10003911,63.695,13067030911,780
10006510,59.040000000000006,06073010015,3739
10004525,61.165,13273120300,6077
10001550,73.572,24510100300,144
10005208,54.674,13299950300,3399
10006354,57.6315,24045010101,2732
10001636,63.23950000000001,29133950200,2503
10001614,55.9395,29163460400,3788
10001552,64.009,24510100300,209
10003900,61.779,13139000600,1397
10006353,62.8305,24003740400,320
10002364,62.8065,24027601203,1404
10004035,64.009,24510100300,37
10001569,59.139,24039980400,1731
10004491,57.9755,13009970501,687
10000918,64.009,24510100300,145
10001543,55.412,24001001300,1538
10001548,60.035,24043011000,400
10000919,62.8305,24003740400,649
10002146,62.068,13037950100,5004
10002134,64.45,13021013603,2379
10001559,62.8305,24003740400,328
10001542,55.412,24001001300,975
10004740,55.749,24023000400,4890
10004027,63.9565,24005492600,711
10000060,58.4975,05065960300,3303
10004028,60.9815,42055012502,3791
10005832,70.942,24003751500,1450
10000417,61.292,12125960100,4644
10000915,60.035,24043011000,1341
10000474,67.441,12105012407,1645
10000445,57.375,12127083206,5776
10006548,61.503,24013510000,3091
10006329,57.301,12127083207,6180
10000533,56.7565,12011110341,384
10000492,59.3005,12049970202,6939
10002176,61.63,12105015702,6236
10000409,57.147999999999996,12067960100,4861
10006208,61.292,12125960100,5235
10001555,74.279,24510260404,196
10002152,59.206,12033004000,2043
10001574,57.56333333333333,51075400300,3570
10002223,68.3065,08041004009,1647
10001448,60.486,12001001902,907
10000509,54.99,12111382126,6264
10001437,56.8845,12073000600,708
10004586,59.123999999999995,12083001401,521
10004556,60.704,12113010809,5767
10000433,59.009,12029970101,2816
10001176,56.152,16043970300,2438
10006168,59.799,12099008001,3156
10002225,61.11,08043980300,1143
10004585,58.8945,12083000304,2023
10004239,57.076,28103950300,305
10000413,54.036,12045960301,5724
10001042,58.675,20155000700,1932
10001936,56.594,30093000100,262
10004580,61.292,12125960100,5755
10006297,56.8515,12011030500,1467
10001867,57.202,19155030900,799
10001061,61.822,18095011600,446
10001166,54.412,23005003000,988
10000438,58.8945,12083000304,2225
10006511,54.948,13049010102,6391
10000187,62.784,48001950402,1920
10002941,54.493,48215023512,2095
10006328,55.930499999999995,12086981300,719
10001068,59.984,18063210702,937
10000186,62.784,48001950402,866
10000205,58.695,48373210203,1871
10004903,62.096500000000006,18017951300,2221
10000285,64.72,13121006801,0
20000140,63.807,08001008542,1568
10004256,58.269,28035000500,305
10004895,60.894,18113972600,7248
20000201,68.174,13035150300,5441
10004822,58.8515,20061000500,1121
10003759,49.004,53009940000,2217419
10000099,57.064,45049920401,5922
10001072,61.4255,18153050502,2407
10006203,49.004,53009940000,2217379
10001051,60.8305,18091042602,55
10006382,60.649,18097321001,361
10003203,58.404,36071011500,3596
10001748,61.01,37077970704,1097
10000292,69.526,13089023802,786
10006176,52.295,33007950600,4009
10000123,42.443,06045990100,3799676
10006333,60.486,12001001902,1808
10004168,61.01,37077970704,2275
10001760,61.01,37077970704,2510
10000314,56.4065,13051010701,3160
10002106,60.88849999999999,13135050615,1004
10006153,61.338,13073030506,1210
10002129,58.347,13009970802,2566
10003618,60.7655,05119980200,357
10003973,65.418,04021002002,1156
10000580,67.7635,08043980200,58
10001421,66.262,13207050200,1447
10001980,62.504000000000005,48309003601,2645
10006661,62.351,19063070200,4369
10000378,57.0575,12065250103,1408
10004496,59.695,13107970400,5598
10000297,58.039500000000004,13141480400,7353
10000323,62.299,13177020300,3623
10005199,54.5235,13183970102,5712
10000284,59.2825,13055010501,1427
10000303,56.2355,13167960202,3002
10000565,59.387,08063962100,620
10000496,55.713499999999996,12093910101,3919
10002137,58.167,13193000300,2009
10002108,62.4855,13223120301,1915
10000304,62.013,13215010606,30
10000310,55.5135,13267950202,3312
10001975,61.7285,48227950802,1653
10000283,60.546,13295020601,1968
10000601,71.1225,04013610301,2808
10000258,61.08,32007951500,37997
10000579,67.7635,08043980200,213
10002126,59.805,13303950500,10111
10004453,62.834,13147960400,3423
10000582,61.319,08043980200,616
10006542,59.314,19113002900,1212
10000318,58.536,13315960100,2556
20000200,68.174,13035150300,5211
10003952,59.232,04017940013,12599
10001391,58.979,25009211401,1529
10005201,58.711,13287970300,8319
10004724,65.1605,17163502401,782
10000639,63.1105,17089852204,494
10003386,60.599000000000004,39029951402,1479
10002142,59.704,13309780200,3446
10004514,58.61,13109970100,5021
10001040,57.772999999999996,20053086600,10512
10000925,56.0165,51550021104,1613
10001593,58.744,51183870202,118
10002088,57.519,26117971000,5632
10000226,61.765,48021950506,2043
10002095,59.068,25025981100,524
10001362,56.968,26057000400,21
10000277,58.361999999999995,26075005800,256
10000272,58.379999999999995,26067982200,431
10001389,59.624,26023951300,1562
10000694,60.869,17199021400,5009
10001386,58.361999999999995,26075005800,0
10003824,66.947,26121002000,1369
10001341,58.3445,26095960100,10594
10004594,62.367,12119910900,389
10004647,56.252,12086003706,20
10006385,56.917500000000004,22021000300,9131
10002872,71.2,48201100000,216
10005771,59.751000000000005,26041970800,2146
10000274,61.495,26093743700,2167
10002701,57.064,45049920401,6041
10001383,57.967,26161422900,162
10001457,57.801,12103020700,599
10003076,59.495000000000005,42107000902,2707
10005124,63.935,48141003404,1594
10000264,57.323499999999996,26003000200,18748
10004592,62.367,12119910900,539
10004593,58.650499999999994,12119980100,0
10003978,67.182,04021000904,1960
10006179,65.2975,06019008303,4454
10001214,55.085499999999996,01051030902,2437
10001223,56.841499999999996,01011952202,2297
10000149,57.695,01053970400,5632
10001957,57.695,01053970400,2789
10000132,59.2385,01073014107,6734
10000140,55.085499999999996,01051030902,2660
10000142,58.221,01131034800,5451
10000278,56.333,26075005800,454
10001226,58.236,01031010500,5318
10004622,64.086,12081000805,1384
10003698,59.3685,01103000600,753
10000139,59.288,01051030902,2674
10000129,58.544,01083020805,1812
10000864,45.540000000000006,06083980400,1504
10006334,59.4435,12105015200,64
10001191,42.443,06045990100,3794311
10003721,59.909,01123962100,5386
10001209,58.316,01121011200,5513
10003710,58.920500000000004,01115040507,1185
10003728,55.188,01051030901,3102
10006241,55.727,01051030801,3277
10000146,58.685,01003010903,1116
10000143,56.0595,01005950200,4887
10000150,59.507,01097003901,985
10001222,59.323,01101005501,2500
10000124,42.443,06045990100,3794237
10000127,46.647,06075980401,3714928
10000355,60.291,12091021802,580
10003732,54.7245,01001020803,2108
10006524,58.1595,01117030703,3092
10001345,52.748,26033980300,0
10003736,56.2745,01101005501,1692
10001180,51.932,16001002100,8126
10000079,55.543,05069001402,2604
10001185,51.932,16001002100,7597
10001183,62.94200000000001,16001010411,8451
10003083,61.324,42021012300,4233
10004339,62.94200000000001,16001010411,8276
10003712,57.9225,01015000700,2663
10001582,58.148,51041100812,2837
10001182,51.932,16001002100,7692
10003307,56.7085,51195930700,1765
10006522,60.189,01087231602,4809
10001173,52.949,16061950300,14423
10000083,56.918,05069000102,1377
10003308,58.054,51195931600,4082
10006529,61.82,05143011302,466
10001187,59.099000000000004,16005001603,527
10001172,51.823,16035940000,1736
10001175,56.152,16043970300,2346
10004335,54.3755,53003960600,3592
10006525,55.964,05059020300,2279
10001909,60.7655,05119980200,170
10001178,61.5415,16027020404,1176
10000262,57.753,27131070701,0
10006526,60.33566666666667,05091020200,1288
10000621,64.26,04021002005,1865
10000087,60.614,48037010500,1328
10000081,55.543,05069001402,2166
10001578,56.949,51029930201,8025
10000439,58.8945,12083000304,1480
10000090,57.325500000000005,05017080200,1616
10001318,53.316,27061480401,12179
10006528,64.406,05035030302,666
10000941,55.248000000000005,29175490500,4144
10002066,57.7555,27049080201,1088
10000043,58.287,54081001500,2921
10001330,58.07,27163070801,0
10002117,63.268499999999996,13063040637,2311
10002248,61.985,04009961700,7816
10001090,56.228,19099980000,246
10001099,57.2145,19145490400,272
10000605,62.263,04013050702,18295
10001080,62.792,19025950300,9464
10005863,67.647,29189210703,2783
10001096,60.179,19087970400,860
10002246,68.67,04013614500,1601
10004633,55.248000000000005,12085001000,388
10002105,60.88849999999999,13135050615,877
10006311,57.1115,22079980000,1097
10006544,62.94200000000001,16001010411,9627
10001853,57.559,19065080100,565
10001949,58.794,16019970700,541
10001869,60.042,19179960300,1353
10000576,67.983,08043980300,750
10002228,61.7565,08025969602,3252
10001745,57.8765,37091980000,0
10001181,51.932,16001002100,7512
10002204,70.97800000000001,08031002404,285
10000683,61.195,17121952600,5569
10002217,63.4585,08077000801,732
10000572,69.53450000000001,08041002402,848
20000220,62.915,17197883210,1577
10000682,59.79633333333333,17101880900,12063
10000685,65.1605,17163502401,818
10000676,60.416,17061973900,2876
10000662,60.097,17183011200,2329
10000644,61.4345,17161020600,1196
10002401,78.593,09001071600,632
10002399,65.571,09015905100,223
10006633,65.30799999999999,40109110000,646
10000660,59.077,17057953400,3354
10002400,77.978,09001071900,306
10005380,66.082,09009141600,440
10000652,60.7755,17099961702,6776
10000678,61.019,17033880400,4162
10000695,61.2885,17087980000,438
10004734,61.2885,17087980000,298
10000665,60.395,17107953300,2503
10002395,65.523,11001006802,370
10002258,59.473,17001010200,10446
10000677,61.5925,17051950800,2817
10000669,61.905,17115002903,365
10002396,65.523,11001006802,464
10000646,62.915,17197883210,1370
10000674,60.441,17135957900,3777
10000688,59.991,17145030200,2770
10002259,60.686,17055040500,7063
10000720,57.943,42027010300,3598
10000672,57.407,17149952700,3398
10000708,59.909499999999994,10005050505,1718
10006352,64.179,17197980100,208
10000707,59.909499999999994,10005050505,1334
10000664,60.395,17107953300,2173
10000336,62.331,12063210900,5679
10000673,61.803,17021958500,5526
10000771,45.959,06015000203,9641
10002153,59.206,12033004000,1404
10000422,55.396,12037970101,6001
10004712,65.977,17083010500,6033
10000693,59.161,17165955800,1154
10000368,55.8565,12133970301,8176
10000339,60.704,12113010809,5302
10001065,63.436,18097340111,687
10004575,55.122,12129010206,2967
10004555,60.704,12113010809,5642
10004920,59.703,18081611300,6054
10000395,61.281,12023110400,11480
10001054,60.6025,18141011001,898
10001060,61.822,18095011600,211
10000396,61.281,12023110400,10846
10001075,60.4955,18123952200,1938
10001071,59.205,18133956600,4357
10000585,60.768,08089968000,6294
10000432,59.009,12029970101,2451
10001059,61.8465,18103952900,1593
10003012,67.40950000000001,32003005877,16449
10006309,59.984,18063210702,1332
10001073,61.599,18077966400,1556
10003002,61.131,32017950100,23864
10000560,70.5335,08031004110,264
10002997,62.603,32510000800,1803
10003006,67.4935,32003005818,19776
10002192,68.9545,08123000600,1070
10000562,69.685,08059011904,1064
10002210,66.374,08005006856,552
10004913,63.54,18065976100,2515
10000261,67.865,32003006001,828
10002843,62.742,48453002214,1092
10000385,58.0055,12047960101,1216
10001063,59.050666666666665,18121030300,851
10000414,60.303,12007000400,4657
10005258,60.7115,06089012605,12118
10001052,60.1505,18091042500,3101
10002991,57.15,32027960100,24079
10000428,57.495000000000005,12075970304,4785
10000260,69.2795,32031000702,631
10000384,58.0055,12047960101,1455
10000871,59.183,06073005400,198
10000949,56.7265,22073001500,841
10000430,57.914500000000004,12107951000,4572
10000329,61.354,13185011200,2796
10004747,55.290499999999994,22081960100,3649
10001045,61.521,20015020400,2894
10006290,58.744,20099950700,2464
10004094,64.052,22037951502,7403
10001907,61.051,05119004005,5518
10005933,59.5955,22051028200,951
10002187,57.5185,12071020104,4541
10003000,63.119,32017950200,57237
10000546,53.7635,12086011407,2339
10005599,63.593999999999994,18091040100,130
10000259,58.469,32007951300,3455
10000467,63.71,12101033014,1643
10006613,69.176,32031001901,905
10000691,61.9045,17077010700,1585
10003008,68.0115,32003003649,815
10000460,59.613,12095016731,3422
10000504,60.134,12027010102,8435
10000658,59.8,17179020900,2267
10006167,58.8945,12083000304,862
20000240,58.744,20099950700,2578
10005267,53.401,06021010300,25598
10000633,57.294,17015960600,8314
10005319,62.548,06027000200,9157
10005362,64.629,06111005205,2078
10000308,60.081,13209950200,2022
10001041,56.5355,20145970200,5170
10000840,80.469,06071000504,1000
10005275,53.401,06021010300,19227
10000642,60.418,17103000400,903
10004852,56.5355,20145970200,5111
10004527,55.485,13001950202,2366
10000653,58.9825,17095000900,1141
10000545,53.7635,12086011407,2762
10004812,53.467,20163974600,2925
10003928,58.5755,13285960600,3401
10001030,59.3855,20103071102,1938
10001028,52.882,20137951700,9744
10001162,53.2845,23029956100,8170
10002488,51.6935,53053061601,1446
10000874,59.186,06073005302,166
10000689,60.304,17145030600,4061
10006350,59.398,17087980000,9339
10002121,70.52,13063040308,1325
10001033,60.091,20177003100,1103
10006209,62.7055,17157951201,2249
10000671,57.945499999999996,17137952000,3016
10001050,60.137,20035493500,1047
10002102,62.623,13137000601,2267
10004505,56.808499999999995,13023790301,3520
10000655,61.8425,17105960700,314
10000319,53.922,13305970500,1658
10004616,59.306,12057012211,1136
10001605,68.85,09013538100,1179
10001972,68.09700000000001,48439100602,1231
10000084,60.9775,05069000102,737
10003678,57.5695,21001970401,3219
10006326,63.989,12039020600,4395
10006327,59.239000000000004,12003040202,13690
10006596,52.485,33013032600,1358
10003647,62.811,21111010005,352
10000503,59.893,12027010101,8597
10000361,55.842,12131950304,3181
10000518,56.266,12099007818,1164
10004312,55.117,21205950200,489
10000403,59.891,12125960202,15978
10000382,61.493,12079110302,751
10006210,61.8425,17105960700,203
10000647,64.82,17197884103,0
10000667,59.087,17009970400,94
10000457,58.245000000000005,12119911000,770
10006597,52.485,33013032600,1394
10000455,58.245000000000005,12119911000,130
10000687,60.059,17157951200,2660
10000635,62.507000000000005,17031837300,87
10006389,55.727000000000004,33011200400,599
10004667,66.215,17031837800,255
10006351,64.179,17197980100,253
10000641,66.077,17043846411,1435
10000657,62.699,17143001200,484
10004677,61.528,17073030800,1185
10005054,60.4915,21083020200,1125
10000263,60.977,27161790500,205
10001325,60.628,27003050229,511
10001319,54.233999999999995,27017070501,2635
10001333,57.903000000000006,27139080500,369
10001062,61.822,18095011600,1060
10004176,61.013,37003040400,1273
10001067,59.984,18063210702,966
10001236,49.004,53009940000,2192753
10003680,59.511,21145031400,1673
10001944,58.617333333333335,21227010100,227
10000316,55.7085,13271950102,2355
10006749,60.93866666666666,18085962200,2914
10000320,53.922,13305970500,1140
10000325,58.5255,13205090401,4911
10006339,57.7285,13087970200,5458
10002138,62.953,13091960100,3959
10006154,60.138,13093970100,5430
10002144,55.42100000000001,13069010302,321
10003880,58.678,13291000205,1714
10004497,56.9345,13107970101,3926
10001415,69.526,13089023802,813
10006453,57.683,13165960100,6539
10006322,61.709,13009970702,2709
10001759,58.89,37015960400,3349
10000309,55.673500000000004,13267950300,4297
10002147,54.674,13299950300,2716
10000307,56.753,13235950201,3478
10000328,61.354,13185011200,2839
10004216,57.721999999999994,37031970703,1735
10004177,61.194,37057061400,774
10004487,59.590500000000006,13231010101,979
10002139,56.0025,13091960301,2233
10000116,59.589,21021930100,2805
10000120,59.23350000000001,21143960101,4292
10002118,63.268499999999996,13063040637,2081
10000293,69.526,13089023802,492
10001424,64.7,13021013302,2012
10004551,59.814,13173950200,4505
10005188,61.694,13175950700,11139
10000302,64.7,13021013302,2252
10002136,59.268,13215010109,1313
10006344,62.407,13121010526,809
10003650,60.5945,21067003704,2107
10006345,59.446,13245010511,860
10001801,58.563500000000005,37129980100,1536
10000117,60.4495,21177960201,1070
10001411,63.432500000000005,13121001203,367
10004534,55.278499999999994,13005970202,6147
10001095,64.13,19163010700,574
10001426,62.013,13215010606,467
10000103,61.135999999999996,21185030301,1235
10004500,57.619,13153021401,2198
10005191,56.147999999999996,13283960200,1237
10001788,57.387,37137950103,2434
10000636,62.5465,17031838600,213
10004173,62.153499999999994,37183050800,204
10004183,61.9965,37159051201,1400
10001747,61.01,37077970704,2132
10001753,55.739000000000004,37139960502,3860
10000638,65.211,17089852905,695
10000128,46.647,06075980401,3710359
10003694,46.647,06075980401,3682160
10003691,42.443,06045990100,3796416
10001793,61.9815,37155960403,6248
10003692,42.443,06045990100,3864595
10000948,57.059,22027950200,8166
10001777,60.6155,37105030300,1298
10006582,61.341,37123960200,3431
10000126,42.443,06045990100,3782140
10003690,42.443,06045990100,3782606
10000442,58.8945,12083000304,2242
10000972,63.418,22047953200,2100
10001021,53.8345,37177960100,11013
10004619,58.384,12081000103,322
10000471,59.397,12101032005,3524
10004174,62.153499999999994,37183050800,602
10000967,56.3715,22003950502,5512
10000960,59.19,22009030700,2362
10002416,56.495000000000005,22117950101,2306
10000971,63.754,22033004203,1434
10000963,62.057500000000005,22125980000,370
20000261,61.9015,22099020602,1832
20000262,62.057500000000005,22125980000,3789
10002165,56.268,12009062109,400
10004657,53.826,12087971900,278
20000260,58.855,22009030600,2018
10002097,58.708,25023525300,684
10002206,67.546,08001008200,927
10006564,57.243,29077004201,1089
10000449,57.301,12127083207,5677
10002096,59.068,25025981100,372
10002600,64.175,55079006800,448
10001632,56.428,29225470402,3884
10002560,60.2625,55009940005,2413
10001609,58.371,29049960100,3897
10004068,56.265,29215480102,5827
10001630,58.149,29221460300,2947
10005841,54.8185,29001951000,1313
10001608,58.371,29049960100,4278
10005864,67.647,29189210703,2728
10005865,67.647,29189210703,2675
10006556,61.327,29113810304,2273
10004060,62.642,29510125700,641
10004185,60.452,37147000800,1133
10005867,64.4405,29510126600,865
10005848,60.586,29047021206,1479
10001768,63.344,37183054106,1649
10006216,61.527,37037020401,3459
10011326,54.948,13049010102,6560
10000954,58.742,22059970200,1437
10001815,58.076,28121020701,986
10004259,61.83,28157950202,2454
10000508,54.99,12111382126,7017
10004260,57.3345,28113950601,3364
10006567,57.814,28119950300,1576
10005263,66.6245,06035040303,8538
10006568,55.9035,28049010700,5918
10004651,56.391999999999996,12086008430,603
10000388,58.895,12013010300,4319
10001751,58.442,37083931000,6743
10002174,59.613,12095016731,2364
10006348,60.156,37023021301,356
10003864,61.021,25013801604,847
10003861,55.5245,25025100100,431
10000459,59.004000000000005,12009064130,2329
10004614,59.306,12057012211,908
10000498,57.952,12093910201,4629
10004204,64.46033333333334,37025042102,1154
10004444,59.632,25017383101,0
10002101,59.496,25021409101,420
10006535,57.952,12093910201,4153
10001393,56.4845,25027761402,3762
10004451,58.631,25023980200,152
10000282,59.496,25021409101,1837
10000374,62.431,12073001901,978
10000281,55.670500000000004,25017361200,2045
10002182,65.193,12105015200,312
10002098,58.631,25023980200,481
10000480,65.959,12103022000,489
10004611,57.989000000000004,12103024519,1024
10002178,59.4495,12105015000,1490
10004188,59.489,37021002607,2414
10004567,58.923,12023110500,2667
10006383,64.591,18097352700,322
10006324,60.957499999999996,12097042202,1612
10001401,55.382999999999996,25025980300,672
10004449,56.5775,25027707500,2539
10001022,62.153499999999994,37183050800,55
10004612,58.795,12101030411,1244
10001392,55.5195,25017363105,2748
10001396,56.4845,25027761402,4360
10001547,60.035,24043011000,153
20000263,56.9125,25027761200,2349
10000252,54.538,48489950400,3402
10001546,60.035,24043011000,382
10002510,52.562,53015001000,595
20000264,58.696,25005613600,599
10002359,63.40050000000001,24013505203,1383
10001560,62.8305,24003740400,496
10006536,53.7635,12086011407,1936
10004656,55.823,12086010622,85
10000772,59.068,06035040600,2161
10006537,60.134,12027010102,8913
10001616,59.608,29095015200,378
10006380,60.92,42003980900,328
10000990,59.2175,55017010500,2340
10003592,60.449,40005587600,10603
10003572,64.6305,40017300702,5059
10003047,55.51,42127960900,4587
10001697,58.505,55027960300,570
10002579,60.327,55039041102,1959
10000122,56.699,21013961100,2864
10004034,73.572,24510100300,95
10002556,57.5975,55053960100,10404
20000280,64.009,24510100300,178
10000101,61.3065,21185030200,453
10001170,55.948,21115960600,6610
10000109,60.6315,21067003703,2022
10006315,54.101,48215024600,1853
10000112,56.076499999999996,21071920500,820
10000115,56.403,21129950100,3723
10003645,56.669,21019030800,956
10000980,58.333,39101010202,796
10000110,56.417,21175950400,3503
10003638,66.095,21037050100,336
10000121,59.5025,21143960102,6909
10003651,58.372,21067003703,2327
10000106,61.541000000000004,21185030501,1969
10006314,58.487,48355005900,7414
10000107,56.518,21063920200,6694
10000102,61.3065,21185030200,873
10004327,56.535,21231920401,4529
10000017,58.076,54107000902,626
10002301,64.31,34021001300,1040
10000737,57.588499999999996,42111020802,4059
10001044,58.054,20155001000,1277
10005222,58.075,42069100200,286
10001043,58.675,20155000700,1492
10001145,61.267,45065920200,414
10001830,56.5355,20145970200,5392
10001034,59.744,20177000700,1361
10001031,59.3855,20103071102,2674
10001729,60.575,40107080700,6851
10001832,56.5355,20145970200,5849
10000463,61.5255,12095014504,800
10001048,59.53,20173002600,595
10001544,54.121,24001000100,6116
10001732,65.19749999999999,40027202405,589
10001733,65.19749999999999,40027202405,2592
10003121,56.781,42059970501,447
10004015,62.951,34001010600,4316
10000814,52.695,06087120400,2840
10003077,62.507,42063960900,2729
10003082,57.8765,42061950302,123
10001133,60.667500000000004,45069960201,5615
10001150,56.881,45053950203,6777
10002688,58.757000000000005,45085000100,4635
10002347,54.911,06025010101,2803
10002348,63.404,06025011100,10902
10001458,57.147999999999996,12043000202,9026
10004606,60.948,12097042300,897
10000519,56.266,12099007818,1282
10002629,65.013,40109108110,2081
10001722,61.474000000000004,40047000702,1359
10002361,64.087,24510280500,320
10001652,57.291,22039950302,8521
10001519,62.0655,34011020502,0
10001566,62.753,24033801005,1683
10006310,78.0295,06071009129,2823
10005361,63.44,06025011500,598
10006205,60.704,12113010809,5946
10003580,63.1285,40125501005,4380
10000461,63.135,12095014908,194
10003584,63.23,40121486200,942
10002689,58.5635,45037970400,2478
10003387,60.548,39029951100,3864
10001143,64.281,45079010408,1445
10000244,65.4425,48039661901,4206
10000237,61.714999999999996,48325000200,11031
10000211,65.733,48471790500,1343
10001163,56.765,23013970402,5153
10002692,61.948,45089970802,0
10001811,56.166,28163950300,2502
10006201,58.198,54077963801,3340
10002330,57.0265,06001450102,387
10003598,57.232,54021980000,396
10001812,56.166,28163950300,2899
10001435,59.466,12033003305,1074
10000118,56.9915,21051950302,2540
10006198,56.166,28163950300,3885
10003135,56.439,36031960401,2723
10001301,47.95,41071030501,10554
10003068,56.164,42119980101,0
10002800,66.1955,48141010203,955
10003652,60.6315,21067003703,2204
10001125,59.6815,46135966100,676
10001283,64.649,48245011302,129
20000300,72.567,24510200701,767
10000863,47.64,06083002604,1101
10003385,60.599000000000004,39029951402,2012
10000833,76.225,06071980200,1711
10003764,49.004,53009940000,905808
10000831,76.225,06071980200,2016
10003614,59.8575,05123960600,1945
10001135,60.888,45069960302,4809
10000627,65.34649999999999,04019980100,0
10006180,65.2975,06019008303,5049
10003069,55.835,42119980501,233
10001134,60.888,45069960302,3985
10003070,55.835,42119980501,146
10000887,55.5385,06037980031,843
10000867,47.64,06083002604,1593
10001875,55.483,54083966500,7101
10006199,58.198,54077963801,4324
10000806,72.778,06047000503,3612
10000892,65.264,06037207102,585
10006193,65.34649999999999,04019980100,256
10006299,45.540000000000006,06083980400,1446
10001146,58.2375,45037970204,3959
10000935,63.271,09001211100,54
10006171,58.2375,45037970204,4143
10001873,57.843,54069002700,173
10006944,51.521,23005004803,2721
10001938,53.054,23019031200,9046
10002693,61.948,45089970802,931
10001382,61.475,26161980300,0
10000044,58.287,54081001500,3546
10005303,57.0265,06001450102,279
10003757,49.004,53009940000,2171102
10006196,58.6255,20103070200,1375
10005261,59.068,06035040600,2339
10001238,49.004,53009940000,2160936
10001346,53.482,26013000200,17447
10006374,59.0965,42043021200,491
10006200,58.198,54077963801,4090
10000006,58.198,54077963801,4421
10006177,56.4995,54047954503,5675
10006175,52.295,33007950600,3571
10000100,56.765,23013970402,4358
10006178,56.4995,54047954503,6652
10001165,51.521,23005004803,2802
10001958,49.004,53009940000,2820474
10000004,58.173,54061011000,553
10006152,59.298,54025950500,11131
10000613,61.658,04009961400,10575
10003615,59.8575,05123960600,1182
10000624,65.34649999999999,04019980100,926
10000141,55.698499999999996,01101000900,913
10005694,60.888,01121010700,287
10000603,71.1225,04013610301,2520
10006173,56.642,01107050400,8830
10006174,56.642,01107050400,8497
10000257,54.225,41031960202,3846
10000136,60.888,01121010700,278
10003616,59.8575,05123960600,1595
10004922,60.288,18167011200,2447
10006194,71.651,06047000801,3396
10006148,61.01,37077970704,1787
10001761,61.01,37077970704,1180
10004008,61.3805,34005982200,1717
10000830,78.656,06071009126,1957
10000832,78.656,06071009126,1944
10000581,61.319,08043980200,112
10005378,67.583,09001211100,20
10000770,61.3805,34005982200,1656
10000456,58.650499999999994,12119980100,854
10000338,57.179,12063210700,3192
10003202,58.404,36071011500,3809
10004595,62.367,12119910900,938
10001633,58.534000000000006,29077005801,212
10001265,64.083,48113008500,649
10004241,56.166,28163950300,3236
10001320,54.592,27115950300,9777
10004921,60.526,18167001900,2927
10003017,55.0805,27137000302,1143
10004923,60.288,18167011200,2018
10006195,53.922,13305970500,939
10004023,57.685,54057010100,3076
10004019,62.155,34011010402,331
10004095,56.9955,22003950202,593
10004447,56.4845,25027761402,2103
10001520,64.525,34011010402,0
10002323,56.4745,06095253000,220
10004446,56.4845,25027761402,1989
10000679,60.399,17005951300,2490
10001728,64.6945,40017300701,2279
10003578,65.0565,40109107101,1170
10001727,64.6945,40017300701,1929
10000189,61.054,48049950800,1300
10000680,60.399,17005951300,2216
10000550,55.7875,12086020100,825
10006172,57.311,42083421000,10949
10003066,56.164,42119980101,624
10006512,58.268,26161421900,0
10000712,55.51,42127960900,3079
10003084,61.324,42021012300,4084
10001470,63.103,17031839100,495
10000713,55.51,42127960900,3365
10003067,55.959,42119980101,278
10001484,56.006,42083420900,10513
10004732,60.869,17199021400,4639
10003116,68.455,42101000100,429
10003229,63.721,36047010100,263
10003075,59.495000000000005,42107000902,2834
10003662,55.948,21115960600,6438
10000955,58.73,22043020402,1647
10004330,56.8365,21147960401,1189
10004331,56.8365,21147960401,1803
10001029,58.6255,20103070200,800
10004089,57.3405,22043020406,1655
10001337,57.458,27109000200,601
10001941,56.157,21019031002,199
10006197,56.9955,22003950202,501
10000968,56.9955,22003950202,280
10004659,69.877,08059980400,64
10000956,58.73,22043020402,812
10000659,59.8,17179020900,1937
10001678,50.3815,53033028801,511
10006508,57.294,17015960600,8161
10000119,56.9915,21051950302,2324
10001940,56.157,21019031002,38
10001459,56.266,12099007818,1186
10000632,62.890499999999996,04003000503,7649
10002245,72.0775,04013981000,39
10003330,57.3185,51105950302,3265
10000606,69.372,04013061017,0
10000994,58.569,55001950502,9130
10002968,49.542,41047000702,296
10002190,56.783500000000004,12011041400,444
10001375,65.099,26163506400,84
10002135,59.268,13215010109,1376
10011321,66.9975,04021000807,950
10002084,52.883,26033980200,0
10003826,66.947,26121002000,1067
10004646,55.930499999999995,12086981300,338
10001387,60.596999999999994,26091061301,1593
10001366,62.641999999999996,26099218002,1139
10001342,55.045,26103002802,1176
10000273,58.379999999999995,26067982200,220
10001357,56.014,26145010100,1784
10001364,56.62,26067982200,0
10003846,56.333,26075005800,353
10002287,59.2435,36121970201,113
10000269,61.6655,26087336500,0
10000267,61.716,26101000900,4327
10001361,60.073,26057000400,40
10003818,57.9395,26039960200,2093
10003165,61.38849999999999,36029980400,625
10003136,52.754,36031961000,5749
10002908,61.435,48163950200,13537
10002964,47.95,41071030501,10416
10011319,54.233999999999995,27017070501,2221
10006211,55.154,27115950200,7727
10005784,65.418,04021002002,1122
10001324,60.0955,27141031500,1382
10001322,57.7525,27025110201,1634
10001331,57.389,27163070802,0
10006549,58.8175,27103480400,698
10001631,59.795500000000004,29187950902,411
10001617,54.873,29027070300,187
10001626,54.564,29051020198,4665
10004043,56.266000000000005,29117480300,2935
10001606,56.8905,29147470400,3365
10002405,54.564,29051020198,4486
10000942,55.074,29135385400,4819
10001624,66.39,29189221503,2844
10001612,58.822,29021000600,649
10001622,54.929,29053950400,2678
10001615,54.6965,29007950100,1770
10004065,59.6375,29187950300,2579
10005849,61.91,29047021806,1271
10006558,57.321,29095013703,305
10001216,55.727,01051030801,3089
10003156,55.8825,36035970601,4509
10001204,61.447,01073001600,793
10000078,55.964,05059020300,2305
10001199,57.385999999999996,01093964401,5634
10001218,59.439,01101005101,2004
10004248,57.697,28121020500,1154
10000070,58.791,05067480300,4968
10000085,55.409,05079960600,1078
10006523,59.323,01101005501,1494
10001221,59.323,01101005501,2644
10001197,56.337,01093964400,2940
10006679,57.9225,01015000700,2708
10000075,58.883,05077470100,7280
10006560,57.762,29077000200,623
10000076,55.874,05125010503,4818
10006561,58.05,29031881000,771
10000088,57.325500000000005,05017080200,1777
10001619,54.873,29027070300,931
10006381,55.543,05069001402,2618
10000066,60.717,05093011000,8010
10000065,63.6165,05093011000,3076
10000069,58.791,05067480300,4481
10000080,55.543,05069001402,2436
10001821,61.83,28157950202,6959
10001906,61.051,05119004005,4729
10001910,58.8515,05079960600,902
10001908,61.051,05119004005,5495
10000062,61.7665,05143011200,786
10004244,55.510000000000005,28079040402,5935
10001816,57.233,28075980000,4394
10001584,59.868,51670820400,2041
10000144,55.189,01005950400,2205
10001954,56.8025,01007010009,3911
10004645,55.930499999999995,12086981300,749
10001974,62,48227950400,1828
10000165,68.09700000000001,48439100602,1217
10006298,63.474,48113017007,1822
10005114,60.974,48037011100,417
10000163,68.2675,48439105902,626
10006238,61.765,48021950506,2460
10001585,59.886,51149850100,2474
10000172,63.474,48113017007,1419
10002913,59.4125,48297950100,17150
10002914,59.4125,48297950100,16624
10000135,65.268,01073000100,1084
10003329,57.3185,51105950302,2823
10001210,55.811499999999995,01125012600,15
10001241,49.004,53009940000,1268731
10000600,67.718,04007001100,5747
10003542,61.27,47157020400,2561
10001718,62.852,47157021200,0
10001989,64.649,48245011302,276
10000598,64.38,04001970300,10871
10002860,60.1875,48245980300,306
10001990,60.1875,48245980300,688
10002249,64.09649999999999,04009961600,17637
10003758,49.004,53009940000,2212957
10001242,49.004,53009940000,1265447
10001232,49.004,53009940000,2275973
10000622,61.717,04027980005,2732
10000595,63.343500000000006,04017960600,12649
10006519,49.004,53009940000,2151639
10005113,60.974,48037011100,58
10006365,69.445,42101014700,166
10001240,49.004,53009940000,2087616
10000330,57.179,12063210700,3776
10006386,49.004,53009940000,2186042
10001239,49.004,53009940000,2168264
10001235,49.004,53009940000,2152742
10001237,49.004,53009940000,2152169
10000510,57.147999999999996,12043000202,9384
10000618,67.14500000000001,04021000903,336
10000542,55.7875,12086020100,660
10001279,62.375,48041000400,264
10000370,57.2305,12039020702,2603
10000191,66.1955,48141010203,1072
10000365,55.8565,12133970301,8438
10000327,54.948,13049010102,7043
10006655,55.968999999999994,46005957100,3637
10001586,59.868,51670820400,2153
10004255,55.298,28041950202,9774
10003160,59.8645,36037950501,1190
10001804,59.99,28093950401,3646
10003579,62.1925,40015161601,2930
10000577,61.11,08043980300,285
10001808,56.0715,28083950800,2853
10002949,56.97,48061012301,1185
10003793,63.8875,35035000903,5468
10006515,66.053,48251130410,246
10006305,59.471500000000006,48163950302,8116
10006308,68.2465,32023960412,3666
10003175,59.2435,36121970201,0
10000628,65.2295,04019980200,0
10002247,68.67,04013614500,1127
10000561,70.5335,08031004110,292
10000567,63.237,08073961700,16045
10004264,60.412,28059042202,621
10000573,65.688,08015000404,3363
10000512,56.899,12099008302,1813
10006321,57.055499999999995,48479001827,645
10002227,61.11,08043980300,1535
10000587,66.241,08101000200,503
10000593,61.089,08071000500,23009
10000578,61.147,08043980100,145
10000554,61.21,08075966102,5497
10003124,53.875,36089491400,1258
10000089,57.325500000000005,05017080200,1976
10000569,62.132999999999996,08029965100,6970
10000557,62.4795,08045952003,4394
10000586,66.218,08101000300,18
10001807,57.664,28133950100,4656
10000575,67.983,08043980300,658
10000588,66.0785,08101000600,617
10002945,54.538,48489950400,3065
10003227,63.1365,36081017902,315
10003196,56.068,36111954500,3113
10002230,66.218,08101000300,519
10000375,61.697,12073000904,839
10006505,74.608,08059980400,195
10000934,64.339,09001230502,2397
10000937,64.2435,09009343101,2251
10000540,56.265,12011010405,522
10002398,69.45,09003502800,183
10000564,70.439,08059010000,185
10000761,56.791,36021001300,385
10006304,62.356,48229950300,32154
10001820,56.5075,28001000101,3391
10000933,75.67,09011870703,1388
10000928,61.3255,09013538100,369
10004018,66.111,34011010103,316
10000927,61.57899999999999,09003477104,1218
10000939,64.2435,09009343101,1448
10000699,61.839,10003003002,378
10000219,62.989999999999995,48491021100,570
10001734,62.582,40063484800,387
20000141,70.958,09011870502,1463
10002262,64.375,10003016904,4304
20000142,68.85,09013538100,463
10003591,59.3905,40023967300,14700
10002397,66.427,11001008803,277
10000926,62.8125,09003980100,510
10002226,61.11,08043980300,1038
10000357,55.6225,12059960401,1399
10001647,57.211,22029000202,2760
20000903,59.312,48253020200,1751
10000703,65.454,10003012100,437
20000902,62.991,48373210203,2370
10004608,60.99,12097042905,599
10000702,65.454,10003012100,308
10000705,62.379999999999995,10001042500,1570
10004625,55.6345,12093910300,3707
10002260,64.648,10003015200,100
10003962,66.085,04007940400,14753
10000351,56.045,12091020702,3110
10005219,65.454,10003012100,550
10000429,57.495000000000005,12075970304,4914
10000706,59.909499999999994,10005050505,1584
10000381,61.493,12079110302,963
10006206,58.556,12121970502,3662
10000418,59.683,12125960201,3517
10003585,63.282,40121486300,2016
10000444,57.375,12127083206,5988
10000419,59.683,12125960201,4402
10006207,58.556,12121970502,3394
10000394,61.281,12023110400,10899
10001504,58.3945,36027610000,83
10000763,56.8075,36111955400,2138
10002261,63.234,10001040204,5096
10004574,55.50449999999999,12123950401,10018
10000701,65.097,10003000601,389
10003140,54.316,36115081002,3920
10000494,59.2265,12049970302,7391
10000465,58.597,12053040911,1781
10000453,58.3845,12069031208,1809
10000437,58.8945,12083000304,2216
10000420,59.683,12125960201,3192
10000440,58.8945,12083000304,335
10003127,52.405,36019100700,9687
10000473,67.441,12105012407,1573
10000745,58.5225,36011042100,680
10000744,59.032000000000004,36045060202,3422
10003141,54.316,36115081002,3036
10003128,52.405,36019100700,9432
10002177,61.63,12105015702,6006
10000757,57.8525,36051031000,387
10004576,55.122,12129010206,3258
10000441,58.8945,12083000304,1108
10000760,59.3565,36013036300,3923
10003210,67.654,36119981000,162
10004557,56.045,12091020702,2774
10003132,54.6485,36033950501,2165
10003122,51.612,36089492700,4176
10003189,56.936,36039080800,379
10002175,59.613,12095016731,2145
10004615,59.306,12057012211,868
10004558,56.045,12091020702,3169
10000548,57.15,12086014100,1758
10000337,62.331,12063210900,6577
10004628,58.667,12111381401,2205
10007015,63.9325,36081026700,108
10000412,56.114,12045960100,12074
10001450,60.486,12001001902,1949
10000481,64.093,12057002600,103
10000334,57.6525,12063210100,1488
10000377,62.553,12073001902,472
10000528,57.709,12071001204,1529
10000392,56.382000000000005,12077980000,352
10000347,58.3845,12033001600,588
10004627,58.667,12111381401,2110
10000464,61.455,12095013801,452
10006617,57.4645,36025971000,4101
10000495,55.713499999999996,12093910101,3164
10003948,55.55,12005001600,846
10000531,57.846,12021010604,502
10000547,57.15,12086014100,2358
10004571,62.77,12031000300,776
10000435,60.385,12083001700,1764
10000333,56.3985,12063210302,3828
10004649,55.453,12086009100,298
10001460,55.9375,12099001801,477
10000478,65.666,12103024510,416
10000448,57.301,12127083207,5732
10000246,65.5125,48039661902,613
10000544,56.8405,12086001704,127
10004461,56.687,13317010302,6148
10003197,56.8075,36111955400,1178
10003957,63.044,04015950602,17337
10003146,57.172,36055013206,3514
10004569,59.61233333333333,12031011800,993
10004476,59.446,13245010511,671
10001454,56.268,12009062109,1285
10004577,57.7365,12109021101,8131
10000400,57.952,12031010501,2286
10004591,58.102000000000004,12017450704,3128
10003389,61.677,39003011200,840
10000350,58.411500000000004,12033002804,658
10001233,49.004,53009940000,3134960
10002244,70.62950000000001,04013114704,540
10000752,54.414,36065024400,4352
10001231,49.004,53009940000,2275690
10003761,49.004,53009940000,2820454
10006312,67.14500000000001,04021000903,366
10006620,63.99699999999999,36047037500,71
10002428,58.334,39013012202,873
10000182,67.412,48227950802,1451
10000369,61.858,12039020701,5406
10000750,53.254,36065026600,277
10006509,67.781,06025011903,1987
10001445,57.687,12005000400,4634
10003950,58.984,12005001501,322
10000253,54.538,48489950400,2676
10000332,56.3985,12063210302,3704
10003974,65.418,04021002002,1736
10006621,57.622,36021001100,3335
10003424,58.859,39129021300,394
10002469,45.395,53033008500,154
10002233,62.522999999999996,08011966701,185
20000441,60.352500000000006,04017942500,1087
20000440,64.4935,35031943500,14115
20000460,60.980000000000004,04005945200,1370
10005242,58.472500000000004,36011040600,2118
10002294,63.683,36047028300,129
20000480,59.03,04001945001,7595
10002980,58.393499999999996,41025960101,3009
10003213,67.5815,36059518400,304
10003958,59.011,04001944202,6556
10003955,62.577,04015940400,29119
10006697,62.577,04015940400,28555
10000762,57.622,36021001100,3472
10002463,46.212,53035092200,1631
10003969,71.79400000000001,04013217700,3290
10006377,59.2815,42021000100,258
10006219,54.01,53077000902,1043
10002184,57.8965,12081001915,3867
10002157,58.0135,12109020903,1807
10000363,57.709,12131950301,2992
10000352,56.045,12091020702,2938
10004632,57.114999999999995,12027010403,2826
10004565,58.276,12047960100,3890
10000472,61.871,12101031604,1002
10004600,61.03,12053040302,2843
10006678,57.9225,01015000700,2679
10000353,56.045,12091020702,3102
10004618,64.821,12057013914,2436
10004554,56.3985,12063210302,3570
10000527,57.709,12071001204,1444
10004564,59.924,12079110200,737
10006337,61.004,12031013503,1217
10000399,57.457,12089050506,4106
20000180,56.8405,12086001704,221
10000072,57.995000000000005,05131010303,5626
10000485,64.093,12057002600,291
10006534,59.306,12057012211,939
10000515,54.622,12099007818,902
10000390,55.165,12077950201,7309
10004062,61.0405,29099701001,5340
10004044,58.704,29021001700,2854
10006562,60.167500000000004,29109470202,1287
10006563,58.318,29023950201,5453
10000424,59.852,12001001400,1187
10001860,59.1245,19193001500,879
10006387,61.4675,10003015200,217
10004053,54.873,29027070300,1245
10006170,54.99,12111382126,7146
10006557,56.225,29215480400,3533
10001186,56.121,16019971400,2094
10000077,55.937,05125010510,558
10003611,60.8535,05111490502,490
10006336,55.277,12011110341,283
10001177,61.5415,16027020404,1073
10000380,59.924,12079110200,371
10006837,68.182,36103123500,622
10006623,63.6215,39165031700,303
10001184,62.716499999999996,16001000704,1324
10004655,53.7635,12086011407,6985
10002455,47.0205,53031950702,29587
10001681,45.686,53027001602,6476
10006543,61.965,19083480600,4258
10006520,56.64149999999999,01081041103,802
10001679,46.999,53045960600,3667
10002440,44.942,53073000600,512
10002460,56.4775,53063003200,482
10002459,55.144,53063003200,303
10003639,59.584999999999994,21081920102,4504
10000111,56.806,21175950300,6110
10002493,48.771,53067010520,471
10006538,57.652,12039020400,6591
10002470,47.7315,53033009400,476
10003995,62.647,34039030200,977
10002861,65.1105,48201241502,1300
10002472,45.262,53033009200,217
10002505,59.306,53005011300,382
10007011,59.322,27171101300,2075
10002923,57.22,48479001105,1425
10005861,67.647,29189210703,2980
10003934,57.7565,13259950100,8931
10002250,67.14500000000001,04021000903,271
10005866,67.647,29189210703,2664
10005862,67.647,29189210703,2914
10002476,50.9215,53033032604,1081
10004070,58.318,29023950201,5219
10004050,57.961,29107090300,6820
10002020,53.3795,27061480803,1687
10006955,58.8175,27103480400,361
10004475,62.639,13245000700,655
10004598,62.369,12095018700,955
10001078,57.2055,19187000700,549
10002485,48.6755,53053072603,3365
10002492,48.303,53067012720,3975
10004515,58.61,13109970100,4939
10001862,59.314,19113002900,1000
10001861,59.314,19113002900,922
10001093,60.354,19103000301,743
10001871,57.00749999999999,19057000400,520
10001423,59.4695,13021011500,623
10001852,61.072,19033950300,1304
10001863,57.033500000000004,19127951000,1334
10001414,69.526,13089023802,782
10002656,59.448,19013000100,506
10001432,61.813,13185011402,1877
10004952,62.092,19163010800,584
10001914,53.122,50007001100,1157
10001404,57.776,25023530600,2030
10001384,60.366,26161445000,3207
10004032,73.067,24510130100,264
10001918,53.7055,50005957900,5422
10001913,53.6225,50019951400,2694
10006565,54.873,29027070300,1020
10006546,73.572,24510100300,82
10001556,68.148,24035810300,3081
10001557,62.8305,24003740400,136
10006667,55.335,50003971200,496
10003794,65.544,35013001502,11954
10004040,59.929,24045010800,3936
10003775,63.7355,35049980000,2
10002362,63.97,24510200200,197
10000976,58.897,39093091200,875
10001601,57.6875,51175200300,831
10003415,57.814,39121968402,1603
10003795,65.544,35013001502,12185
10003392,58.333,39101010202,721
10006612,62.354,35047957800,1472
10003783,65.873,35001003400,958
10005130,71.343,48167724300,529
10003603,52.872,38093967800,1561
10006588,52.872,38093967800,1441
10001725,59.226,40101001200,5803
10006587,54.0005,38015010800,536
10006589,57.372,38017000602,356
10006590,60.14,38017000903,1094
10006592,57.255,38035010600,334
10006573,59.857,30027030201,1620
10001572,54.87,51047930501,3910
10000981,57.4655,39101010202,1325
10000924,56.0165,51550021104,1041
10001596,56.91,51025930202,235
10003255,56.118,51015071000,4662
10001579,57.437,51145500300,3462
10001592,56.859,51111930100,4209
10001589,56.892,51135000300,1238
10003310,57.2355,51143010500,3825
10001594,57.881,51183870202,404
10003289,56.215,51031020102,4915
10003278,58.513,51760030200,724
10001591,57.7,51195931200,901
10003320,57.0495,51173030302,3663
10003284,58.148,51041100812,3227
10003256,56.118,51015071000,4802
10005834,58.339,51185020100,2741
10006218,58.141999999999996,51077060201,5689
10003247,57.1105,51165010600,3658
10001581,57.56333333333333,51075400300,3929
10002640,59.768,37021002701,1624
10001787,58.827,37049960202,759
10004159,62.367,37067001400,628
10004157,60.527,37069060801,50
10004197,62.3845,37109070201,923
10001754,58.6745,37121950300,6041
10001027,61.6435,37155960801,2246
10001770,59.851,37111970901,4920
10004184,61.9965,37159051201,2429
10000991,57.623,55109120501,1530
10006583,64.46033333333334,37025042102,1574
10003376,58.826,39139001700,1490
10003372,61.808,39099813800,534
10006966,59.048,41037960200,15945
10006968,53.495,53037975300,12795
10006969,56.233999999999995,53005010204,167
10000092,53.7055,50005957900,5313
10006987,50.986,53017950700,562
10005949,60.326,39173021902,1501
10006995,50.399,53053072105,934
10006990,53.6145,53077000600,676
10007019,70.709,49035111601,791
10006994,48.278,53067010200,367
10003383,61.766999999999996,39151712400,679
10006997,53.172,53025010402,1491
10006669,45.825,53033009300,453
10000999,59.284,55021970401,1326
10001007,63.609,55079014600,437
10002605,62.6455,55101980000,403
10002564,58.283500000000004,55057100500,2350
10000993,58.33,55057100200,7125
10001004,58.711,55025012502,1557
10001005,60.074,55025011900,2082
10002608,66.0215,55101001702,1585
10002537,59.498000000000005,55017010800,11766
10002591,56.894,55043960200,4098
10006624,61.808,39099813800,706
10003425,58.859,39129021300,335
10006384,58.711,55025012502,2120
10003331,57.138,51117930300,4399
10006605,57.445499999999996,34005704700,5366
10006606,62.951,34001010600,4314
10003262,58.063500000000005,51159040200,6632
10001583,57.765,51027010600,3349
10000984,62.846,39113060300,760
10003342,65.001,39007000102,1952
10003348,61.2175,39035109701,241
10003413,60.482,39049008730,132
10003370,57.9105,39147963700,1546
10000826,65.7315,06031981800,0
10002345,51.724,06079011400,77
10000852,71.134,06029006500,6639
10001293,53.451499999999996,48061010603,708
10000824,70.402,06031980100,53
10000992,57.827,55009021100,0
10001003,58.711,55025012502,2520
10002431,57.104,39141955602,743
10000825,69.92,06031001602,239
10003350,62.2795,39095001202,703
10003362,62.351,39155920700,1066
10003432,63.6215,39165031700,450
10002570,60.235,55139001600,3492
10003414,60.1695,39097041000,207
10003434,66.639,39165031700,86
10003377,58.6395,39139000800,1919
10000801,70.402,06039000201,623
10003369,57.9105,39147963700,1663
10003356,58.897,39093091200,1503
10006185,58.567,39081001200,4159
10002346,58.4865,06065981000,0
10003390,61.677,39003011200,1475
10003354,59.6465,39093070901,1626
10003411,58.796,39049008340,1278
10003381,59.852500000000006,39151714400,1781
10003419,62.846,39113060300,888
10002571,60.025000000000006,55139001700,2234
10002522,55.675,55099970400,14290
10002517,57.028999999999996,55031030302,10906
10001002,57.952,55023960600,506
10003365,62.3835,39155933800,956
10000988,57.241,55085970900,5556
10002607,62.998,55101001702,1936
10001000,58.505,55027960300,1688
10006671,57.813500000000005,55069960700,6157
10003445,56.873,39145002800,2692
10003378,58.6395,39139000800,1506
10000869,59.4745,06073010016,1928
10002309,42.536,06015000201,775
10000822,55.544,06053010900,917
10000810,66.204,06019007901,366
10000802,70.402,06039000201,940
10005251,56.298,06049000100,10031
10000858,71.533,06065044402,8449
10006530,66.877,06067988300,564
10000982,60.1695,39097041000,1125
10003397,58.4785,39159050401,361
10005248,56.742999999999995,06093000600,7573
10003357,58.897,39093091200,2154
10000904,86.4,06037930301,7916
10005252,41.4875,06023011501,4572
10005290,67.5395,06017030606,4611
10000905,60.321,06037800406,2192
10002432,57.104,39141955602,0
10003433,63.6215,39165031700,499
10005305,68.725,06043000101,5751
10002310,66.6245,06035040303,7528
10000878,67.245,06073021102,8024
10000855,51.724,06079011400,2921
10006204,82.261,06037104124,1862
10000789,61.8965,06109985202,3370
10000774,57.45,06089012702,29244
10005328,97.046,06071010804,2155
10000901,78.282,06037911001,10913
10005264,63.542,06103000100,13501
10006186,61.2175,39035109701,219
10000793,69.8,06077003700,3816
10000050,56.843500000000006,54055002300,2038
10005324,78.032,06107002702,15838
10000014,57.7345,54091964800,5142
10000010,55.517,54003971700,1348
10003367,61.538333333333334,39153504200,385
10000013,58.345,54073962100,7124
10005256,56.303,06105000101,8542
10000877,69.17,06065043252,4362
10003209,67.395,36119982000,0
10006615,54.086,36109002300,3732
10000983,57.9725,39045032502,2455
10003349,61.6405,39035198300,536
10000196,63.076499999999996,48099010201,1697
10001489,55.8065,42033330700,9647
10001931,56.527,45015020102,4653
10003444,56.616,39145002200,4757
10005283,67.25,06057000801,821
10000037,57.7315,54011010203,1572
10000002,57.74,54069000700,454
10006191,56.6315,54107000400,2011
10000042,58.529,54005958200,7928
10006674,55.483,54083966500,7505
10001102,57.073,54027968301,5047
10001106,56.041,54025950102,7319
10006192,54.803,54093965300,8512
10006673,59.938,54039001200,205
10000033,58.667500000000004,54039010400,1123
10000028,56.485,54075960300,11842
10003595,57.733999999999995,54003972002,680
10000799,69.8,06077003700,3763
10001731,59.473,40079040602,12621
10000057,63.917,56007967700,4885
10005642,55.122,56043000301,8024
10001739,55.879,31109003601,0
10004126,58.019,31055000500,1381
10006595,58.407,31119960600,794
10001738,54.8825,31185969800,4117
10001742,57.701,31097967600,7249
10004137,55.948,31109003401,1083
10004138,55.948,31109003401,798
10004140,53.804,31059091700,7817
10006594,55.581,31109001001,422
10001977,63.4285,48401950700,2166
10005273,42.2945,06045011004,12468
10000780,69.643,06067988300,302
10002344,70.7645,06029004702,1264
10001158,57.334500000000006,30017961600,643
10000220,63.9065,48185180400,2933
10006300,59.211,48025950501,7412
10006575,56.282,30021000300,5187
10006574,57.92700000000001,30023000300,6784
10003625,58.587500000000006,30043962202,5426
10006572,58.587500000000006,30043962202,5626
10001155,56.282,30021000300,6952
10000782,63.3085,06005000303,2522
10003629,57.92700000000001,30023000300,14457
10001154,56.76,30049001100,1458
10006578,55.414,30111000402,757
10006571,57.92700000000001,30023000300,14485
10003628,55.652,30077000200,17293
10006581,55.912,30063000801,954
10001766,62.058,37183051000,28
10001798,60.569,37047931000,1021
10004194,61.566,37079950102,2816
10002633,58.305499999999995,37131920303,6077
10001709,61.829,47037013002,665
10001014,57.257999999999996,47081950500,11516
10003538,56.279,47071920100,12860
10001711,64.674,47097050100,6802
10003492,58.592,47091956300,5986
10006664,58.3965,47169090200,7060
10001015,55.954,47181950100,13484
10001717,60.6125,47069950200,4693
10001978,61.578,48001950401,1661
10000190,64.213,48161000300,6104
10001969,68.821,48497150500,3751
10001984,63.2385,48471790500,1026
10000154,64.9095,48375980000,3385
10000174,61.4895,48415950300,11108
10000197,57.2595,48005001001,3058
10002726,64.469,48147950401,1760
10002905,58.712,48255970300,340
10002920,59.821,48283950301,1686
10000185,61.578,48001950401,1313
10003253,59.04,51179010403,3106
10000215,64.262,48471790101,3874
10000198,57.2595,48005001001,3283
10002784,63.4285,48401950700,644
10002822,62.861999999999995,48313000100,11253
10000206,61.814,48313000100,6475
10002714,61.7465,48189950100,4599
10001597,57.8605,51025930202,900
10002916,59.211,48025950501,6733
10002857,64.846,48245011202,258
10002928,57.994,48249950200,15315
10002835,61.8335,48053960301,1411
10002827,60.079,48145000400,3658
10002791,59.9045,48073950801,4394
10000216,64.0175,48041000501,2830
10002799,59.17100000000001,48049951100,1683
10000209,65.733,48471790500,1638
10000210,65.678,48471790600,1079
10002755,64.334,48113016902,1937
10000234,70.613,48157673700,109
10002886,67.10499999999999,48157673700,220
10001274,63.948,48099010201,186
10000238,61.714999999999996,48325000200,10988
10000194,63.948,48099010201,832
10001966,63.26,48179950600,5390
10000161,58.835,48499950200,951
10002838,64.998,48185180400,4675
10000203,67.062,48371950400,18081
10002828,60.079,48145000400,1265
10000152,63.26,48179950600,5595
10002844,62.111,48291700800,4397
10002858,64.846,48245011202,467
10000248,59.211,48025950501,2927
10002729,64.215,48303002500,3532
10000208,56.236,48457950300,3465
10002725,64.469,48147950401,2090
10002876,61.239,48055960200,855
10002758,62.854,48115950600,3534
10002900,60.5495,48123970201,734
10000156,63.37,48075950200,6379
10000199,60.258,48411950100,5215
10000175,59.958000000000006,48253020102,689
10000229,60.219,48245980200,365
10002802,65.835,48141010331,1407
10002940,54.493,48215023512,2448
10002731,59.269499999999994,48037011501,3385
10002792,59.9045,48073950801,4873
10000245,63.776,48039663100,888
10001735,62.09949999999999,40031002005,3233
10001017,61.85,40119011302,3167
10003590,62.087999999999994,40031001902,1312
10001730,62.584,40009966800,6154
10003565,61.289,40151954300,2928
10003568,61.073,40113940001,5169
10003571,59.226,40101001200,4848
10001016,61.284,40003956000,3923
10000095,51.864,50021963200,830
10001306,53.984,41001950400,2136
10000094,54.653,33019975700,4232
10003583,65.19749999999999,40027202405,2852
10002971,50.2095,41047001803,585
10005749,52.006,41043020700,0
10002955,44.955,41057960402,3246
10001310,52.648,41045970200,4356
10001298,49.064,41067032110,1105
10002958,55.391,41051003602,2122
10001295,56.4025,41059950800,3760
10001294,53.7175,41059950601,1519
10006363,57.114000000000004,42027011202,588
10002986,51.2535,41033360500,1134
10003048,57.007,42039110202,5526
10000709,58.6145,42049010108,0
10001302,50.2095,41047001803,1661
10003074,59.828,42107000800,2201
10000733,59.706,42041981001,516
10003107,56.943,42111021100,1644
10003056,60.152,42085032602,3881
10003054,56.45,42081011701,2699
10001008,61.67633333333333,55079008900,267
10003117,64.033,42045404900,557
10000719,57.5565,42079215600,2688
10003062,57.673,42027981202,188
10003064,58.095,42097081500,1348
10003109,57.405,42125795700,2171
10000718,55.729,42079211301,2171
10000721,57.793000000000006,42033331700,2182
10005227,57.705,42093050200,1792
10006641,60.6595,42055012001,3575
10003106,60.6595,42055012001,4077
10006644,60.6595,42055012001,3686
10003087,60.397,42063962100,2211
10001001,58.595,55027960500,3112
10002558,56.956,55053960500,5008
10003553,63.736,44007014200,884
10000098,57.167,45005970500,2366
10003556,63.736,44007014200,328
10001138,62.515,45061920301,0
10003558,63.736,44007014200,435
10001141,64.281,45079010408,173
10001147,61.428,45035010501,3951
10001132,62.792,45057010200,1069
10002671,61.566,45083021805,635
10001921,64.261,45079010409,625
10002687,63.578,45079010806,668
10001142,59.905,45079010408,17
10002697,61.428,45035010501,4431
10001922,64.261,45079010409,634
10002685,62.107,45041000101,2768
10002676,63.99,45087030400,490
10001129,64.358,45045003201,3364
10002691,57.75,45027980000,0
10001128,58.93,46009967700,14038
10006651,58.129000000000005,46103011005,1396
10001123,59.8515,46099000300,1389
10001121,63.885,46099000100,1524
10001118,58.1905,46103010600,1067
10006652,63.99,46099000405,792
10001120,62.852,46099010406,3396
10006388,54.372,46003973600,7440
10006649,63.666,46099010405,2759
10003363,62.351,39155920700,1460
10000979,58.477500000000006,39139002700,3858
10003405,58.334,39013012202,1121
10001708,61.829,47037013002,59
10001720,62.852,47157021200,354
10003507,59.968,47129110300,90
10001530,75.889,06029006002,96
10003505,59.595,47037012802,1313
10001716,60.6125,47069950200,6166
10003515,60.081,47089070700,1251
10003496,58.482,47095960100,545
10001713,60.094,47007953200,11467
10000836,86.192,06071012200,797
10000850,70.7645,06029004702,1140
10000851,70.1865,06029004703,1073
10000817,55.544,06053010900,184
10002341,80.3155,06071001907,186
10000249,57.263,48479001817,730
10000785,56.4745,06095253000,352
10003260,59.5005,51033030100,3283
10000786,63.071,06095253500,5972
10000857,81.08000000000001,06065040701,287
10005282,52.8545,06033000901,2359
10006347,70.0415,06073020902,7065
10002322,69.643,06067988300,0
10000811,75.2525,06019006410,4183
10002353,73.525,06037901003,110
10002349,82.742,06037910805,6009
10000790,49.268,06041122000,0
10000847,70.902,06029004302,196
10006217,59.013,37021003002,2247
10002340,78.0295,06071009129,2709
10001023,60.631,37003040600,3533
10001786,61.831,37167930102,4552
10006147,58.6745,37121950300,6268
10000879,65.932,06073020903,7404
10006958,57.003,30023000400,3039
10000059,58.172,38059020100,2392
10000841,70.193,06029004601,0
10005299,60.590500000000006,06009000122,2717
10006532,55.577,06079012800,326
10001522,61.8965,06109985202,0
10000784,61.399,06005000402,2507
10000856,86.432,06065046601,657
10006531,66.204,06019007901,169
10000902,79.544,06037920011,5120
10005253,40.0555,06023011100,12890
10000838,89.4975,06065044104,5288
10000844,70.322,06029004603,0
10006184,58.4665,30093000101,295
10001933,55.3955,30013002301,3025
10000861,57.054,06065981000,259
10003626,56.9705,30111000300,343
10003624,58.295500000000004,30077000200,3420
10000821,55.544,06053010900,297
10006576,57.92700000000001,30023000300,14328
10004210,66.516,37071030901,1088
10001775,61.566,37079950102,2944
10001161,56.594,30093000100,777
10005272,43.569,06045011002,6013
10001025,60.685,37085070700,1771
10004165,60.371,37135011002,1776
10004193,55.343,37095920102,6307
10001752,57.488,37139960501,3498
10001156,55.32,30013000400,568
10001778,59.956500000000005,37161960600,345
10004226,57.8455,37141920401,4657
10004190,62.1465,37101040904,2951
10001771,61.552499999999995,37151030100,518
10006580,54.383,30013000300,537
10001776,61.319500000000005,37079950102,4710
10004170,59.639,37027030400,1351
10001763,59.9645,37127011104,1228
10001749,60.064,37033930200,915
10002638,66.258,37035011601,3054
10001750,60.064,37033930200,1955
10001769,59.869,37023021301,593
10004213,61.852,37163970600,1610
10001784,61.341,37123960200,3584
10001782,60.969,37191002000,2652
10004181,58.9755,37111970500,4499
10006584,61.926500000000004,37107010800,2338
10001802,57.694,37129011610,693
10001799,58.576499999999996,37047931201,5142
10004146,58.028999999999996,37185950202,5659
10003601,53.4175,38015010900,1565
10004153,57.809,37193960600,855
10006586,59.403499999999994,37077970704,2039
10003607,55.704,38041964800,17295
10003602,53.924,38059020301,3542
10004219,61.045,37153970100,2672
10006591,54.661500000000004,38059020100,744
10004215,62.0755,37051000500,1299
10006593,55.709,31109003500,0
10004125,57.698,19155030401,1427
10004134,53.959,31019969202,1500
10001794,62.132,37155960801,2289
10004139,55.9935,31109003401,1291
10006585,59.709,37127010602,1779
10004118,52.485,33013032600,833
10004127,60.841499999999996,19155021200,1002
10001743,53.497,31145963200,924
20000021,52.295,33007950600,2495
10001790,61.137,37007980000,211
10003769,62.221500000000006,35007950700,16935
10004122,55.704,33011000203,689
10002995,62.416,32510000600,785
10001249,69.052,35005001300,13653
10002996,62.603,32510000800,1206
10001246,60.823,35019961600,9260
10001737,52.914,33013032100,953
10003005,67.4935,32003005818,20186
10001244,64.49549999999999,35006974202,4202
10001960,62.691500000000005,35061980200,0
10003799,62.452999999999996,32033970300,12480
10003004,67.4935,32003005818,17585
20000020,52.485,33013032600,838
10003131,54.6485,36033950501,3650
10002290,61.9405,36119983000,171
20000040,69.045,32003002962,610
10003192,53.48,36015000300,68
10002281,58.1345,36011040900,5243
10003195,56.068,36111954500,3037
10002988,61.75150000000001,32013010502,7630
10002987,58.059,32007951600,6726
10006614,66.468,32003000103,820
10003166,58.831,36029016100,713
10003134,56.439,36031960401,2338
10003188,56.8625,36039080800,241
10003198,56.9895,36027640002,0
10002998,59.271,32023960200,40106
10003145,61.167,36073040602,30
10001496,52.408,36019100300,887
10003423,57.6525,39129020100,1706
10003200,57.4255,36105950802,4176
10000756,54.948,36051031000,171
10003233,66.747,36061024301,43
10000754,57.7405,36099950801,175
10003208,70.089,36119983000,139
10003130,54.6485,36033950501,4465
10006616,58.05,36111953700,3454
10003398,60.836,39159050303,620
10003201,57.4255,36105950802,2985
10000986,57.536,39141956900,6947
10000751,56.728,36065026600,296
10000746,54.41,36011040600,2914
10000759,59.3565,36013036300,4231
10005985,56.873,39145002800,2489
10006618,67.265,36103112217,436
10003147,57.02,36055013300,3579
10003374,58.381,39005971100,2884
10003566,62.535,40035373300,2046
10003152,53.254,36065026600,631
10006960,58.488,39157020801,1481
10002630,62.776,40125501102,6787
10002436,62.007000000000005,39061002800,407
10006638,64.62299999999999,40027200700,360
10002957,44.8965,41057960401,15167
10003149,53.932,36065025900,33
10003144,61.167,36073040602,17
10003204,58.404,36071011500,2466
10003125,50.99,36089491400,1690
10000765,56.4695,36071011900,2519
10002956,44.955,41057960402,3331
10000728,57.8765,42061950302,427
10005750,44.3645,41039000705,2779
10006622,57.6455,36109001901,4384
10003073,59.542,42107000601,2886
10006379,56.781,42059970501,643
10001297,52.536500000000004,41061970500,9482
10000729,57.342,42061950800,6412
10001492,57.295500000000004,42099030601,1375
10006373,63.7615,42101017000,130
10006378,61.681,42003070900,468
10006642,60.528999999999996,42011011703,3479
10006375,61.906,42133001000,535
10003561,63.736,44007014200,703
10003554,63.736,44007014200,556
10001303,50.534499999999994,41047010305,929
10003557,63.736,44007014200,33
10006364,68.856,42101037600,298
10006640,53.525,41039000404,4040
10006376,59.0985,42049000902,734
10001721,63.736,44007014200,672
10001928,64.281,45079010408,441
10002670,61.566,45083021805,1118
10006639,49.542,41047000702,97
10001925,64.281,45079010408,816
10003052,57.498999999999995,42053530100,2226
10002668,60.022999999999996,45083023806,4456
10001137,59.043499999999995,45047970201,1695
10006654,58.099,46067968700,5292
10002658,56.173,46065977900,1328
10006653,55.696,46081966200,3038
10006648,60.081500000000005,45079010806,127
10006662,58.155,47135930100,9018
10001275,63.948,48099010201,278
10000176,59.958000000000006,48253020102,430
10001926,59.905,45079010408,1673
10006656,59.791,46099000100,758
10002716,61.8985,48485013100,895
10000225,65.64,48291700200,1172
10000247,59.471500000000006,48163950302,6853
10006650,53.4015,46013951500,1664
10001927,59.905,45079010408,1347
10000243,64.3635,48039663000,2702
10002657,56.173,46065977900,1253
10001919,56.416,46035962801,1244
10000151,58.642,48111950300,6943
10001126,59.601,46135966302,2837
10002893,63.414500000000004,48029171921,3291
10000228,63.176500000000004,48209010924,1745
10000212,64.262,48471790101,6414
10000178,65.34299999999999,48251130413,2657
10002917,59.211,48025950501,7465
10000157,62.644,48237950300,3792
10002862,63.108999999999995,48201250304,647
10000242,65.4425,48039661901,2834
10002759,62.514,48429950300,7081
10000200,59.935,48371980000,0
10000155,63.268,48437950300,3621
10000204,55.6935,48241950300,4804
10000183,62.273,48401950400,6957
10000213,63.016,48471790700,3522
10000241,65.4425,48039661901,2688
10002885,67.10499999999999,48157673700,1063
10000180,60.4445,48335950200,2548
10002845,62.111,48291700800,4414
10000224,66.184,48291700900,4624
10000251,55.242999999999995,48215023524,1063
10002817,63.948,48099010201,1042
10002713,61.7465,48189950100,4489
10000195,63.948,48099010201,1937
10000223,60.451,48287000300,2318
10002897,61.23650000000001,48167721902,364
10001286,64.973,48029121909,1598
10002723,70.20349999999999,48097001100,3195
10002803,62.742999999999995,48141010355,1204
10001979,62.504000000000005,48309003601,2763
10003468,65.578,49047968401,844
10001706,61.891000000000005,47037012802,1272
10003546,61.4925,47047060501,6517
10006657,70.017,49011126901,768
10002617,63.27,49039972300,7512
10006660,69.1085,49035114303,1243
10003464,69.983,49035112818,407
10002377,57.408,51033030600,3807
10001705,61.891000000000005,47037012802,232
10003479,61.251,49041975400,3723
10006971,56.54,51620090100,468
10000923,56.949,51029930201,8537
10003465,65.279,49035112818,250
10003324,57.837,51175200300,568
10003268,56.667,51065020101,4704
10001598,57.6875,51175200300,842
10003327,57.582,51081880102,0
10001603,57.582,51081880102,379
10003316,57.057,51083930602,674
10001590,56.892,51135000300,1540
10003475,64.99,49007000300,2335
10003483,59.757,49037978200,43825
10001573,56.004,51015070100,15090
10001575,57.56333333333333,51075400300,2976
10006672,58.051,51167030402,5439
10006670,54.207,53063013900,2166
10003460,70.312,49035113312,306
10001588,57.3825,51071930400,10905
10007016,48.983999999999995,53033021905,1065
10003333,58.6005,51089010700,4025
10001116,55.1145,50011010600,4331
10003282,58.695499999999996,51041100921,1153
10001676,47.255,53061052209,300
10006666,53.9025,50021963300,214
10001684,47.807,53053072504,1370
10001677,54.829,53063010401,1440
10006992,58.0875,51161030501,3329
10002506,53.9785,53071920400,0
10000987,46.518,53009000200,10336
10002479,47.38549999999999,53045960302,3474
10001690,49.464,53011040504,4209
10002491,48.221999999999994,53067012730,6532
10001687,54.936,53021020802,4681
10005990,50.777,53053060906,753
10006668,48.6755,53053072603,3039
10001696,58.505,55027960300,845
10002613,65.576,55059001600,603
10000998,61.429500000000004,55039041902,9803
10002380,58.212,51041100907,909
10002497,50.0895,53041970900,665
10001009,62.05433333333333,55079186200,217
10002606,65.807,55101000400,741
10000995,58.7285,55137960202,6647
10002531,57.813500000000005,55069960700,5872
10002589,58.877,55025002302,583
10002569,60.235,55139001600,3239
10002568,60.235,55139001600,3202
10006146,57.704,54033031600,1395
10000041,58.429,54019020500,948
10001108,58.344,54081000400,670
10000053,58.87349999999999,56045951300,5592
10002471,47.4695,53033007600,417
10000055,58.205,56013940300,888
10006189,56.702,56015957900,1680
10000056,59.1415,56027957200,32075
10000025,56.560500000000005,54053954801,3936
10001879,57.5005,54019020800,4929
10003787,62.691500000000005,35061980200,2174
10002425,61.538333333333334,39153504200,408
10003781,61.82,35006974201,646
10005640,59.2615,56033000100,1197
10005978,56.6515,39009972800,4356
10006349,62.211,39099801700,492
10003774,63.378,35049980000,441
10003773,63.378,35049980000,373
10003352,61.189,39095002800,443
10006611,65.544,35013001502,10428
10006610,65.873,35001003400,952
10003412,58.796,39049008340,1329
10003996,62.973,34023009000,743
10006603,62.489,34031216701,1446
10004002,67.324,34021003706,874
10004017,62.2435,34011010103,214
10004004,64.91766666666668,34005981802,238
10004006,69.499,34005704200,564
10003993,63.409,34019010801,1742
10004007,69.499,34005704200,1106
10001516,61.415499999999994,34005704801,1276
10001515,62.554,34023008212,48
10006602,63.303000000000004,34021003902,3890
10001512,63.707,34019011001,1216
10001518,66.111,34011010103,546
10004005,64.91766666666668,34005981802,1
10006598,64.31,34021001300,814
10006600,69.499,34005704200,1330
10004003,69.638,34021002400,0
10003990,60.8185,34013980100,138
10006601,65.205,34005703600,3750
10002305,66.922,34007611500,1607
10006604,64.511,34029732103,1318
10006608,63.267,34019010900,1407
10006607,60.439,34011040702,574
10002300,64.31,34021001300,902
10006609,60.343999999999994,34041031602,3976
10006599,66.922,34007611500,1604
10002298,62.973,34023009000,676
