FACILITYID,pesticide_mean_kg
10004639,0
10000450,56.80160140991211
10006936,43.03015899658203
10004024,22.448083877563477
10004650,107.74504852294922
10006939,22.56174087524414
10006303,25.687355041503906
10001082,16.63983726501465
10001091,16.082962036132812
10000356,42.133880615234375
10003943,189.17079162597656
10002237,30.15847396850586
10001866,6.388816833496094
10000630,1.4604835510253906
10001077,50.68870162963867
10001087,55.94822311401367
10001100,18.045459747314453
10006663,34.57606887817383
10006658,36.49857711791992
10006541,28.954498291015625
10001089,19.72596549987793
10005639,28.721513748168945
10001856,24.60930633544922
10006643,5.23853063583374
10004286,36.07123565673828
10003486,25.70156478881836
10003587,39.930442810058594
10003472,41.21226119995117
10005043,0.27472156286239624
10000360,39.18414306640625
10003891,41.994590759277344
10004517,98.04676818847656
10006331,167.74966430664062
10004522,153.50820922851562
10000295,15.216845512390137
10003878,33.19185256958008
10003461,43.027591705322266
10000917,5.991870403289795
10003453,33.316349029541016
10000023,2.7755837440490723
10000312,22.073698043823242
10002115,30.613357543945312
10003911,23.654279708862305
10006510,135.08335876464844
10004525,72.03459167480469
10001550,5.991870403289795
10005208,73.12491607666016
10006354,86.93382263183594
10001636,64.12696075439453
10001614,23.215890884399414
10001552,8.146672248840332
10003900,50.43534851074219
10006353,6.262653827667236
10002364,38.981727600097656
10004035,7.807607173919678
10001569,83.09310150146484
10004491,84.68312072753906
10000918,5.991870880126953
10001543,23.363203048706055
10001548,98.649871826171875
10000919,6.262653827667236
10002146,153.86033630371094
10002134,61.903564453125
10001559,6.2626543045043945
10001542,23.363204956054688
10004740,38.06404495239258
10004027,26.094167709350586
10000060,10.41730785369873
10004028,112.91596221923828
10005832,6.262653827667236
10000417,179.69754028320312
10000915,98.649871826171875
10000474,149.3658447265625
10000445,76.82716369628906
10006548,31.008502960205078
10006329,56.801605224609375
10000533,145.04502868652344
10000492,187.84072875976562
10002176,46.3525390625
10000409,136.2458953857422
10006208,179.69754028320312
10001555,0.11251252889633179
10002152,40.184730529785156
10001574,39.027164459228516
10002223,31.48944664001465
10001448,100.8905029296875
10000509,42.803428649902344
10001437,97.1559066772461
10004586,86.216064453125
10004556,46.77339172363281
10000433,167.74966430664062
10001176,98.81147766113281
10006168,216.18919372558594
10002225,113.52386474609375
10004585,145.7271270751953
10004239,24.602638244628906
10000413,0
10001042,60.696109771728516
10001936,19.546524047851562
10004580,179.69752502441406
10006297,0
10001867,28.95450210571289
10001061,52.820701599121094
10001166,4.114998817443848
10000438,170.75953674316406
10006511,69.72151184082031
10000187,64.38301849365234
10002941,106.24775695800781
10006328,211.9453887939453
10001068,18.168420791625977
10000186,71.37870025634766
10000205,22.114139556884766
10004903,59.36501693725586
10000285,0.3672538101673126
20000140,121.95164489746094
10004256,16.02472496032715
10004895,30.761672973632812
20000201,51.66044235229492
10004822,43.80636215209961
10003759,0
10000099,69.526397705078125
10001072,60.66420364379883
10006203,0
10001051,117.33267211914062
10006382,0.13330477476119995
10003203,88.28423309326172
10001748,44.821434020996094
10000292,12.958344459533691
10006176,3.961913585662842
10000123,0
10006333,100.8905029296875
10004168,55.73365783691406
10001760,55.73365783691406
10000314,44.322166442871094
10002106,37.31524658203125
10006153,113.04198455810547
10002129,104.96341705322266
10003618,14.793984413146973
10003973,125.42659759521484
10000580,18.443885803222656
10001421,33.68426513671875
10001980,50.98065185546875
10006661,75.3598403930664
10000378,231.56613159179688
10004496,155.7550048828125
10000297,81.37114715576172
10000323,139.37255859375
10005199,161.7235107421875
10000284,26.617740631103516
10000303,75.44287109375
10000565,63.84471130371094
10000496,151.3565216064453
10002137,117.45003509521484
10002108,31.799192428588867
10000304,24.371435165405273
10000310,96.946319580078125
10001975,37.58249282836914
10000283,22.961139678955078
10000601,1.784332513809204
10000258,0.7555397152900696
10000579,22.098430633544922
10002126,85.25096893310547
10004453,45.79668426513672
10000582,17.702762603759766
10006542,22.119876861572266
10000318,124.79541015625
20000200,51.66044235229492
10003952,0.008902386762201786
10001391,3.2080235481262207
10005201,178.06985473632812
10004724,27.330034255981445
10000639,28.41240692138672
10003386,17.700044631958008
10002142,146.01246643066406
10004514,123.21159362792969
10001040,49.779964447021484
10000925,113.30670166015625
10001593,125.71836853027344
10002088,84.2806167602539
10000226,105.09561920166016
10002095,0
10001362,85.89881896972656
10000277,81.577606201171875
10000272,84.96947479248047
10001389,51.35554122924805
10000694,23.099445343017578
10001386,81.577606201171875
10003824,49.483306884765625
10001341,30.160680770874023
10004594,226.9253387451172
10004647,NA
10006385,17.55376434326172
10002872,0
10005771,0.9975173473358154
10000274,80.94107818603516
10002701,69.52275085449219
10001383,108.23251342773438
10001457,0.07963527739048004
10003076,28.972206115722656
10005124,28.77585220336914
10000264,1.973065972328186
10004592,226.9253387451172
10004593,226.9253387451172
10003978,137.8076629638672
10006179,135.43685913085938
10001214,89.5580062866211
10001223,58.41709899902344
10000149,45.32145309448242
10001957,51.93918228149414
10000132,18.569059371948242
10000140,89.5580062866211
10000142,48.506858825683594
10000278,81.577606201171875
10001226,40.90694808959961
10004622,139.79214477539062
10003698,22.498220443725586
10000139,89.5580062866211
10000129,46.81882858276367
10000864,81.37648010253906
10006334,49.84077835083008
10001191,67.6356430053711
10003721,21.982986450195312
10001209,36.74368667602539
10003710,12.711331367492676
10003728,90.85169982910156
10006241,25.883968353271484
10000146,172.21250915527344
10000143,52.19182205200195
10000150,76.5354232788086
10001222,27.046438217163086
10000124,0
10000127,59.042572021484375
10000355,51.38371658325195
10003732,97.2634048461914
10006524,24.738189697265625
10001345,22.424898147583008
10003736,27.121845245361328
10001180,39.519046783447266
10000079,22.051462173461914
10001185,39.519046783447266
10001183,39.519046783447266
10003083,22.342037200927734
10004339,39.519046783447266
10003712,24.013198852539062
10001582,5.043015480041504
10001182,39.519046783447266
10003307,24.19083023071289
10006522,28.23602294921875
10001173,76.63912200927734
10000083,99.7909927368164
10003308,44.07316207885742
10006529,47.441314697265625
10001187,3.6547250747680664
10001172,123.45282745361328
10001175,86.0432357788086
10004335,16.569137573242188
10006525,22.251407623291016
10001909,6.697057723999023
10001178,94.55821990966797
10000262,44.533023834228516
10006526,10.259659767150879
10000621,125.42659759521484
10000087,10.259659767150879
10000081,22.051462173461914
10001578,26.592424392700195
10000439,145.72711181640625
10000090,55.7365608215332
10001318,0.04369527846574783
10006528,30.028701782226562
10000941,24.14424705505371
10002066,39.079017639160156
10000043,33.67302322387695
10001330,49.360958099365234
10002117,39.73596954345703
10002248,83.2735366821289
10001090,52.37995147705078
10001099,36.49858093261719
10000605,86.03565216064453
10001080,55.17076110839844
10005863,11.053728103637695
10001096,54.79862594604492
10002246,2.8150055408477783
10004633,0.07481285184621811
10002105,37.31524658203125
10006311,39.48226547241211
10006544,39.519046783447266
10001853,64.62797546386719
10001949,54.1213264465332
10001869,16.529666900634766
10000576,113.52385711669922
10002228,56.682823181152344
10001745,92.22578430175781
10001181,39.519046783447266
10002204,0
10000683,54.71885681152344
10002217,49.37461471557617
10000572,1.5037057399749756
20000220,23.863176345825195
10000682,102.11048889160156
10000685,27.330034255981445
10000676,79.73906707763672
10000662,64.29204559326172
10000644,63.87180709838867
10002401,0
10002399,87.2086410522461
10006633,10.817082405090332
10000660,54.22975158691406
10002400,0
10005380,2.6476666927337646
10000652,118.16593170166016
10000678,75.96024322509766
10000695,30.02933692932129
10004734,29.384798049926758
10000665,67.14776611328125
10002395,24.091880798339844
10002258,76.76422119140625
10000677,60.00712203979492
10000669,9.437860488891602
10002396,24.09187889099121
10000646,23.863176345825195
10000674,64.73515319824219
10000688,25.98412322998047
10002259,25.57352066040039
10000720,67.54232025146484
10000672,30.884355545043945
10000708,157.12863159179688
10006352,7.402458190917969
10000707,157.12863159179688
10000664,67.14776611328125
10000336,39.09372329711914
10000673,54.30126190185547
10000771,88.82683563232422
10002153,37.574134826660156
10000422,9.645054817199707
10004712,21.756620407104492
10000693,16.668615341186523
10000368,48.001041412353516
10000339,50.63981628417969
10001065,4.2530903816223145
10004575,30.423065185546875
10004555,50.63982009887695
10004920,33.29923629760742
10000395,21.593914031982422
10001054,68.41436004638672
10001060,52.82069778442383
10000396,37.93895721435547
10001075,30.06119155883789
10001071,21.07838249206543
10000585,53.22454071044922
10000432,151.37216186523438
10001059,46.366458892822266
10003012,0.008374865166842937
10006309,18.168420791625977
10001073,10.524222373962402
10003002,0.026764394715428352
10000560,3.818182945251465
10002997,96.8675765991211
10003006,0.0093058617785573
10002192,68.17903900146484
10000562,19.248300552368164
10002210,50.517433166503906
10004913,17.523855209350586
10000261,0.008753865957260132
10002843,9.787046432495117
10000385,120.67021942138672
10001063,20.53486442565918
10000414,87.00215911865234
10005258,12.903985023498535
10001052,99.55693054199219
10002991,5.400106430053711
10000428,129.9585723876953
10000260,29.87969207763672
10000384,120.67021942138672
10000871,0
10000949,78.929229736328125
10000430,123.2926025390625
10000329,173.87010192871094
10004747,20.497285842895508
10001045,44.22064971923828
10006290,42.14971923828125
10004094,17.636699676513672
10001907,53.11762237548828
10005933,15.99329948425293
10002187,56.9940071105957
10003000,2.958750009536743
10000546,104.28804779052734
10005599,4.4729838371276855
10000259,18.364368438720703
10000467,200.8885040283203
10006613,29.879690170288086
10000691,22.397178649902344
10003008,0.008753865957260132
10000460,50.297325134277344
10000504,47.64484405517578
10000658,34.160884857177734
10006167,145.72711181640625
20000240,42.149723052978516
10005267,0.02050294168293476
10000633,56.79149627685547
10005319,20.289663314819336
10005362,77.98394012451172
10000308,147.2810516357422
10001041,56.537899017333984
10000840,135.7312469482422
10005275,0.0301683247089386
10000642,67.987701416015625
10004852,55.71931838989258
10004527,65.5098876953125
10000653,89.84061431884766
10000545,102.41608428955078
10004812,63.437286376953125
10003928,24.965333938598633
10001030,27.709457397460938
10001028,48.277069091796875
10001162,56.543235778808594
10002488,23.669336318969727
10000874,0
10000689,24.790451049804688
10006350,23.884674072265625
10002121,0
10001033,42.6901969909668
10006209,22.678071975708008
10000671,91.2752685546875
10001050,48.5370979309082
10002102,48.0804443359375
10004505,65.25022888183594
10000655,58.50350570678711
10000319,172.1439971923828
10004616,157.37303161621094
10001605,128.032470703125
10001972,0.9643887281417847
10000084,58.39435577392578
10003678,20.89249038696289
10006326,54.743003845214844
10006327,2.6610279083251953
10006596,2.2055511474609375
10003647,21.20960235595703
10000503,47.64484405517578
10000361,39.18414306640625
10000518,125.7095947265625
10004312,16.091033935546875
10000403,2.815129518508911
10000382,58.97540283203125
10006210,58.50349807739258
10000647,6.778169631958008
10000667,59.91575622558594
10000457,90.90608978271484
10006597,2.2055511474609375
10000455,90.90608215332031
10000687,22.67807388305664
10000635,1.833309531211853
10006389,2.012131690979004
10004667,0
10006351,6.788433074951172
10000641,7.784584999084473
10000657,17.344249725341797
10004677,40.64204788208008
10005054,81.06932830810547
10000263,99.87371063232422
10001325,40.84231948852539
10001319,22.742090225219727
10001333,54.75893783569336
10001062,52.820701599121094
10004176,42.38483810424805
10001067,18.168420791625977
10001236,0
10003680,17.458538055419922
10001944,17.714292526245117
10000316,55.80012512207031
10006749,62.48052215576172
10000320,174.67837524414062
10000325,186.47360229492188
10006339,112.44960021972656
10002138,209.41893005371094
10006154,153.57461547851562
10002144,71.34478759765625
10003880,39.16059494018555
10004497,115.00281524658203
10001415,12.958345413208008
10006453,36.40763473510742
10006322,104.96343231201172
10001759,87.74529266357422
10000309,109.80625915527344
10002147,90.78304290771484
10000307,67.929229736328125
10000328,173.87010192871094
10004216,13.309629440307617
10004177,43.443111419677734
10004487,135.13739013671875
10002139,184.79566955566406
10000116,21.580360412597656
10000120,12.772863388061523
10002118,39.7359733581543
10000293,12.958345413208008
10001424,62.778076171875
10004551,98.0838623046875
10005188,167.62832641601562
10000302,62.778079986572266
10002136,25.217187881469727
10006344,18.264354705810547
10003650,22.490480422973633
10006345,142.5056915283203
10001801,90.29686737060547
10000117,18.623329162597656
10001411,0.4350253939628601
10004534,56.68239974975586
10001095,24.174726486206055
10001426,24.371435165405273
10000103,10.415437698364258
10004500,90.37552642822266
10005191,162.98109436035156
10001788,158.16676330566406
10000636,0
10004173,4.058379650115967
10004183,68.41297149658203
10001747,38.65988540649414
10001753,152.7182159423828
10000638,27.111799240112305
10000128,0
10003694,46.36381912231445
10003691,0
10001793,130.80014038085938
10003692,37.93556213378906
10000948,31.231185913085938
10001777,38.59303665161133
10006582,11.636638641357422
10000126,0
10003690,0
10000442,145.72711181640625
10000972,17.634674072265625
10001021,155.9479522705078
10004619,113.03752899169922
10000471,225.09671020507812
10004174,4.058379173278809
10000967,15.620901107788086
10000960,20.73480987548828
10002416,25.027406692504883
10000971,7.618406772613525
10000963,16.105627059936523
20000261,22.381078720092773
20000262,16.28120231628418
10002165,37.55385208129883
10004657,NA
20000260,115.81501770019531
10002097,99.97859954833984
10002206,3.8667309284210205
10006564,17.94839859008789
10000449,56.80160903930664
10002096,0
10002600,0
10001632,16.449182510375977
10002560,110.58172607421875
10001609,57.953853607177734
10004068,11.409238815307617
10001630,19.13728904724121
10005841,20.52192497253418
10001608,57.953853607177734
10005864,11.053728103637695
10005865,11.053728103637695
10006556,20.388290405273438
10004060,3.7469894886016846
10004185,66.19810485839844
10005867,1.8238071203231812
10005848,14.689297676086426
10001768,121.88199615478516
10006216,45.757625579833984
10011326,69.72151947021484
10000954,13.689358711242676
10001815,17.848079681396484
10004259,7.613324165344238
10000508,55.00675582885742
10004260,13.711264610290527
10006567,59.07685852050781
10005263,24.069313049316406
10006568,25.4047794342041
10004651,152.9718475341797
10000388,41.63376235961914
10001751,143.25965881347656
10002174,61.29997634887695
10006348,120.15862274169922
10003864,102.31763458251953
10003861,0
10000459,44.03241729736328
10004614,157.37303161621094
10000498,144.13088989257812
10004204,36.63194274902344
10004444,97.33419036865234
10002101,1.6589858531951904
10006535,144.13088989257812
10001393,112.42868041992188
10004451,102.16325378417969
10000282,85.90924072265625
10000374,55.95947265625
10000281,81.37638092041016
10002182,49.84077835083008
10002098,99.97859954833984
10000480,0.05699176341295242
10004611,0
10002178,161.425537109375
10004188,78.76871490478516
10004567,165.96836853027344
10006383,0.1276640146970749
10006324,67.464019775390625
10001401,0
10004449,3.822448492050171
10001022,4.058379650115967
10004612,25.25819206237793
10001392,81.09051513671875
10001396,112.4286880493164
10001547,98.649871826171875
20000263,83.13470458984375
10000252,146.7550811767578
10001546,98.649871826171875
10002510,64.66694641113281
20000264,105.3163833618164
10002359,52.373939514160156
10001560,6.262653827667236
10006536,102.41609191894531
10004656,105.54303741455078
10000772,32.84891891479492
10006537,47.64484405517578
10001616,5.968040466308594
10006380,2.1179611682891846
10000990,47.54578399658203
10003592,17.004417419433594
10003572,79.32518768310547
10003047,22.717941284179688
10001697,27.903425216674805
10002579,32.85138702392578
10000122,1.093543291091919
10004034,7.925093173980713
10002556,4.688328742980957
20000280,9.52285099029541
10000101,10.415437698364258
10001170,28.5669002532959
10000109,25.881954193115234
10006315,105.05540466308594
10000112,0.7657426595687866
10000115,31.909587860107422
10003645,3.6444034576416016
10000980,18.062477111816406
10000110,19.094036102294922
10003638,2.4088475704193115
10000121,94.7033462524414
10003651,22.490482330322266
10000106,20.084186553955078
10006314,112.4019775390625
10000107,19.710355758666992
10000102,10.415437698364258
10004327,12.808210372924805
10000017,11.585587501525879
10002301,31.362228393554688
10000737,20.67413330078125
10001044,63.96535110473633
10005222,31.687410354614258
10001043,60.696109771728516
10001145,6.366603851318359
10001830,55.59162902832031
10001034,29.962308883666992
10001031,27.91201400756836
10001729,32.469932556152344
10001832,55.5057258605957
10000463,88.459228515625
10001048,26.669998168945312
10001544,2.6544175148010254
10001732,44.07121276855469
10001733,44.07121276855469
10003121,15.98434829711914
10004015,31.598703384399414
10000814,63.51584243774414
10003077,16.941946029663086
10003082,29.29892921447754
10001133,75.00013732910156
10001150,113.63739013671875
10002688,98.1449203491211
10002347,85.35237884521484
10002348,79.60826873779297
10001458,49.268882751464844
10004606,67.464019775390625
10000519,125.70960235595703
10002629,28.033174514770508
10001722,68.93399810791016
10002361,5.991870403289795
10001652,23.916645050048828
10001519,97.45783996582031
10001566,26.770559310913086
10006310,1.2801828384399414
10005361,95.557220458984375
10006205,49.64870071411133
10003580,28.78106117248535
10000461,95.81660461425781
10003584,20.528804779052734
10002689,116.71202087402344
10003387,18.3597354888916
10001143,36.69233322143555
10000244,55.20439147949219
10000237,115.77799224853516
10000211,108.9672622680664
10001163,22.084779739379883
10002692,194.28623962402344
10001811,32.61077880859375
10006201,28.47161865234375
10002330,76.52818298339844
10003598,2.775583505630493
10001812,32.610774993896484
10001435,85.7912826538086
10000118,21.77881622314453
10006198,32.61077880859375
10003135,2.057732105255127
10001301,91.94129943847656
10003068,71.85449981689453
10002800,122.56314849853516
10003652,25.8819580078125
10001125,93.382049560546875
10001283,39.3990478515625
20000300,0.14626958966255188
10000863,85.8023910522461
10003385,17.32412338256836
10000833,33.033180236816406
10003764,0
10000831,33.033180236816406
10003614,128.09603881835938
10001135,75.00013732910156
10000627,0.011653301306068897
10006180,135.43685913085938
10003069,32.29033660888672
10001134,75.00013732910156
10003070,32.29033660888672
10000887,0
10000867,81.37648010253906
10001875,30.88526153564453
10006199,28.47161865234375
10000806,108.51769256591797
10000892,0
10006193,0.011653300374746323
10006299,81.37648010253906
10001146,50.185142517089844
10000935,47.127410888671875
10006171,50.18513870239258
10001873,26.104021072387695
10006944,181.4249267578125
10001938,108.82801055908203
10002693,194.28622436523438
10001382,108.23251342773438
10000044,33.67301940917969
10005303,76.528167724609375
10003757,0
10006196,24.553184509277344
10005261,1.9891575574874878
10001238,0
10001346,0.19822290539741516
10006374,26.708148956298828
10006200,28.471616744995117
10000006,24.46875
10006177,0
10006175,3.9619133472442627
10000100,22.08477783203125
10006178,0
10001165,181.42491149902344
10001958,0
10000004,19.529766082763672
10006152,24.391511917114258
10000613,74.0146255493164
10003615,40.5941162109375
10000624,0.011653301306068897
10000141,57.67414093017578
10005694,36.611549377441406
10000603,1.784332513809204
10006173,44.30251693725586
10006174,44.302513122558594
10000257,27.386667251586914
10000136,36.61155319213867
10003616,40.5941162109375
10004922,21.262245178222656
10006194,108.5177001953125
10006148,55.73365783691406
10001761,55.7336540222168
10004008,91.48902893066406
10000830,33.033180236816406
10000832,33.033180236816406
10000581,22.098430633544922
10005378,47.127410888671875
10000770,84.407867431640625
10000456,226.9253387451172
10000338,154.06930541992188
10003202,88.28424072265625
10004595,198.31045532226562
10001633,16.986299514770508
10001265,0.29474395513534546
10004241,32.61077880859375
10001320,34.311214447021484
10004921,20.25727081298828
10003017,2.392920732498169
10004923,21.262245178222656
10006195,194.8555450439453
10004023,22.448081970214844
10004019,87.7522201538086
10004095,23.563753128051758
10004447,112.42868041992188
10001520,87.75221252441406
10002323,117.91227722167969
10004446,112.42868041992188
10000679,63.08086395263672
10001728,70.45662689208984
10003578,47.14018249511719
10001727,70.45662689208984
10000189,38.11271286010742
10000680,63.080867767333984
10000550,123.16497802734375
10006172,4.924447536468506
10003066,71.85449981689453
10006512,94.3150634765625
10000712,22.717939376831055
10003084,22.342037200927734
10001470,2.0755722522735596
10000713,22.717941284179688
10003067,71.85449981689453
10001484,4.965789794921875
10004732,23.099445343017578
10003116,2.118945598602295
10003229,NA
10003075,8.057129859924316
10003662,28.566898345947266
10000955,33.79689407348633
10004330,17.652292251586914
10004331,17.652292251586914
10001029,24.55318832397461
10004089,33.79689407348633
10001337,51.192344665527344
10001941,17.29066276550293
10006197,23.563751220703125
10000968,23.563753128051758
10004659,35.49581527709961
10000956,33.79689407348633
10000659,34.160884857177734
10001678,35.07586669921875
10006508,56.79149627685547
10000119,21.7788143157959
10001940,17.29066276550293
10001459,125.70960235595703
10000632,44.456764221191406
10002245,1.5578750371932983
10003330,15.279152870178223
10000606,86.9341812133789
10000994,107.12924194335938
10002968,85.0013198852539
10002190,0
10001375,1.600174069404602
10002135,25.21718978881836
10011321,69.75189971923828
10002084,22.63177490234375
10003826,49.483306884765625
10004646,196.32937622070312
10001387,126.02820587158203
10001366,33.85490798950195
10001342,NA
10000273,83.114410400390625
10001357,49.66584396362305
10001364,84.44134521484375
10003846,92.69307708740234
10002287,56.138118743896484
10000269,88.6638412475586
10000267,140.64138793945312
10001361,85.8988265991211
10003818,0.9500463604927063
10003165,79.03790283203125
10003136,1.9108484983444214
10002908,117.04444122314453
10002964,91.94129180908203
10011319,31.680694580078125
10006211,30.38421630859375
10005784,125.42658996582031
10001324,132.8456268310547
10001322,42.11220932006836
10001331,45.93757247924805
10006549,99.31005859375
10001631,11.741900444030762
10001617,20.13017463684082
10001626,23.578022003173828
10004043,23.154010772705078
10001606,57.29121780395508
10002405,28.367422103881836
10000942,51.757144927978516
10001624,22.544649124145508
10001612,18.318912506103516
10001622,66.57666015625
10001615,71.06034088134766
10004065,16.94613265991211
10005849,28.264320373535156
10006558,20.405214309692383
10001216,25.88396644592285
10003156,30.62520408630371
10001204,9.464591026306152
10000078,20.770004272460938
10001199,23.14930534362793
10001218,22.853824615478516
10004248,9.00709342956543
10000070,57.54071807861328
10000085,80.38748931884766
10006523,27.121843338012695
10001221,25.069765090942383
10001197,23.14930534362793
10006679,24.01319694519043
10000075,57.16671371459961
10006560,21.315092086791992
10000076,13.487820625305176
10006561,20.964759826660156
10000088,55.73655700683594
10001619,20.13017463684082
10006381,22.05146026611328
10000066,46.31033706665039
10000065,59.21314239501953
10000069,57.54072189331055
10000080,22.051464080810547
10001821,10.260466575622559
10001906,53.32064437866211
10001910,123.0496597290039
10001908,53.117618560791016
10000062,53.157737731933594
10004244,19.698230743408203
10001816,28.698030471801758
10001584,27.026334762573242
10000144,50.96952438354492
10001954,40.05868148803711
10004645,191.57534790039062
10001974,37.58249282836914
10000165,0.9643887281417847
10006298,8.710370063781738
10005114,14.242424964904785
10000163,114.00535583496094
10006238,105.09561920166016
10001585,35.45286178588867
10000172,8.710370063781738
10002913,10.253260612487793
10002914,10.253259658813477
10000135,31.163429260253906
10003329,20.749631881713867
10001210,35.04233932495117
10001241,0
10000600,0.010411443188786507
10003542,25.42116928100586
10001718,18.15884780883789
10001989,39.3990478515625
10000598,18.114839553833008
10002860,39.3990478515625
10001990,39.3990478515625
10002249,0.008553399704396725
10003758,0
10001242,0
10001232,0
10000622,111.13188171386719
10000595,0.008799690753221512
10006519,0
10005113,14.242424011230469
10006365,2.118945598602295
10001240,0
10000330,154.0692901611328
10006386,0
10001239,0
10001235,0
10001237,0
10000510,49.268882751464844
10000618,137.69345092773438
10000542,123.16498565673828
10001279,41.57453155517578
10000370,181.12417602539062
10000191,122.56314086914062
10000365,48.001041412353516
10000327,69.72151184082031
10006655,78.30426788330078
10001586,20.449636459350586
10004255,56.51588439941406
10003160,49.0489616394043
10001804,34.20708084106445
10003579,123.97065734863281
10000577,131.18502807617188
10001808,60.137603759765625
10002949,32.73966979980469
10003793,0.025122519582509995
10006515,44.64860916137695
10006305,89.3302993774414
10006308,0.0105591444298625
10003175,59.08156967163086
10000628,0.011653300374746323
10002247,2.8150055408477783
10000561,3.8181822299957275
10000567,46.00271224975586
10004264,11.87192440032959
10000573,81.73381805419922
10000512,246.91563415527344
10006321,70.2409439086914
10002227,113.52387237548828
10000587,2.2733235359191895
10000593,24.44290542602539
10000578,41.170806884765625
10000554,65.80677795410156
10003124,23.880510330200195
10000089,55.73655700683594
10000569,78.7911376953125
10000557,51.54905700683594
10000586,2.2733235359191895
10001807,48.491554260253906
10000575,113.52386474609375
10000588,2.2733235359191895
10002945,146.75506591796875
10003227,0
10003196,6.504709720611572
10002230,2.2733235359191895
10000375,71.43882751464844
10006505,35.49581527709961
10000934,132.5547332763672
10000937,121.0957260131836
10000540,121.0754623413086
10002398,3.2952325344085693
10000564,32.8808479309082
10000761,105.58354187011719
10006304,4.411367893218994
10001820,38.32868957519531
10000933,81.77137756347656
10000928,121.20525360107422
10004018,52.62129211425781
10000927,57.4217643737793
10000939,97.41205596923828
10000699,29.28083038330078
10000219,118.4609146118164
10001734,23.84090805053711
20000141,1.7544920444488525
10002262,81.6651611328125
20000142,128.032470703125
10003591,19.394664764404297
10002397,30.813488006591797
10000926,3.2952325344085693
10002226,116.06011199951172
10000357,207.43218994140625
10001647,26.133188247680664
20000903,93.4824447631836
10000703,34.28731155395508
20000902,22.39350128173828
10004608,49.58157730102539
10000702,21.252565383911133
10000705,120.17367553710938
10004625,167.9051971435547
10002260,3.704526424407959
10003962,6.889910697937012
10000351,47.59281539916992
10005219,34.28731155395508
10000429,129.95855712890625
10000706,157.12863159179688
10000381,58.97540283203125
10006206,164.6967010498047
10000418,100.11531066894531
10003585,20.806032180786133
10000444,78.87474060058594
10000419,100.11531829833984
10006207,164.6967010498047
10000394,37.93895721435547
10001504,114.16094207763672
10000763,103.06582641601562
10002261,122.4144287109375
10004574,57.36012649536133
10000701,121.12879943847656
10003140,33.135005950927734
10000494,187.8407440185547
10000465,73.548187255859375
10000453,130.19577026367188
10000437,164.7871551513672
10000420,100.11531829833984
10000440,145.72711181640625
10003127,1.68620765209198
10000473,149.3658447265625
10000745,29.367809295654297
10000744,25.1120662689209
10003141,33.135005950927734
10003128,1.6862074136734009
10002177,46.3525390625
10000757,27.606779098510742
10004576,30.423065185546875
10000441,145.7271270751953
10000760,50.53720474243164
10003210,0.3407494127750397
10004557,47.59281539916992
10003132,39.79545974731445
10003122,18.242515563964844
10003189,108.53689575195312
10002175,50.29732894897461
10004615,157.37303161621094
10004558,47.59281539916992
10000548,160.3050537109375
10000337,39.09372329711914
10004628,38.531124114990234
10007015,0
10000412,21.429773330688477
10001450,100.8905029296875
10000481,123.40384674072266
10000334,145.94332885742188
10000377,55.95947265625
10000528,65.7722396850586
10000392,25.025053024291992
10000347,50.140281677246094
10004627,38.5311279296875
10000464,35.16637420654297
10006617,20.23141860961914
10000495,151.3565216064453
10003948,0.1632530689239502
10000531,63.010826110839844
10000547,175.5587615966797
10004571,0
10000435,177.23609924316406
10000333,129.08665466308594
10004649,121.07781219482422
10001460,0
10000478,0.10594317317008972
10000448,56.801605224609375
10000246,72.60356140136719
10000544,0
10004461,16.933639526367188
10003197,103.0658187866211
10003957,0.00896990206092596
10003146,67.83724212646484
10004569,22.94008445739746
10004476,142.5056915283203
10001454,37.663700103759766
10004577,89.79095458984375
10000400,157.8147735595703
10004591,60.39777755737305
10003389,20.699995040893555
10000350,2.41377329826355
10001233,0
10002244,140.5716094970703
10000752,50.34468460083008
10001231,0
10003761,0
10006312,137.6934356689453
10006620,39.08017349243164
10002428,21.158878326416016
10000182,38.92495346069336
10000369,194.18756103515625
10000750,40.938899993896484
10006509,69.55924987792969
10001445,87.44292449951172
10003950,0.3321210741996765
10000253,146.75506591796875
10000332,129.08665466308594
10003974,125.42659759521484
10006621,105.58353424072266
10003424,16.083585739135742
10002469,0
10002233,124.1044692993164
20000441,0.010577656328678131
20000440,0.011016260832548141
20000460,0.012981913052499294
10005242,80.81634521484375
10002294,39.08017349243164
20000480,0.03671126440167427
10002980,55.52251434326172
10003213,34.44149398803711
10003958,21.601764678955078
10003955,0.008250189945101738
10006697,0.008250189945101738
10000762,105.58353424072266
10002463,116.82051849365234
10003969,76.52528381347656
10006377,3.3693439960479736
10006219,87.436248779296875
10002184,138.64151000976562
10002157,0.26897305250167847
10000363,42.13310241699219
10000352,47.3253173828125
10004632,42.798828125
10004565,162.00289916992188
10000472,91.26438903808594
10004600,72.1639175415039
10006678,24.01319694519043
10000353,47.33047866821289
10004618,179.20545959472656
10004554,164.02999877929688
10000527,65.7722396850586
10004564,50.973453521728516
10006337,34.387046813964844
10000399,100.7925033569336
20000180,0
10000072,51.94785690307617
10000485,123.40384674072266
10006534,157.37303161621094
10000515,125.70960998535156
10000390,0.13253052532672882
10004062,20.735143661499023
10004044,26.39042091369629
10006562,20.647811889648438
10006563,5.377704620361328
10000424,100.8905029296875
10001860,53.398250579833984
10006387,3.704526662826538
10004053,20.13017463684082
10006170,42.80342483520508
10006557,11.723660469055176
10001186,108.16876983642578
10000077,12.2080717086792
10003611,30.749061584472656
10006336,141.32080078125
10001177,94.48802185058594
10000380,50.97344970703125
10006837,0
10006623,21.434173583984375
10001184,3.142537832260132
10004655,116.42047882080078
10002455,0
10001681,76.884918212890625
10006543,36.07123565673828
10006520,34.742347717285156
10001679,52.57271957397461
10002440,2.608938694000244
10002460,1.8681540489196777
10002459,1.4724162817001343
10003639,32.521575927734375
10000111,15.076943397521973
10002493,35.089508056640625
10006538,194.8818817138672
10002470,0
10003995,0
10002861,2.300811767578125
10002472,0
10002505,25.819095611572266
10007011,75.59852600097656
10002923,36.961334228515625
10005861,11.053729057312012
10003934,66.0503158569336
10002250,137.69345092773438
10005866,11.053729057312012
10005862,11.053728103637695
10002476,63.63702392578125
10004070,5.377704620361328
10004050,69.65586853027344
10002020,34.108558654785156
10006955,99.31005859375
10004475,1.3726726770401
10004598,89.86589813232422
10001078,45.35418701171875
10002485,NA
10002492,121.57733154296875
10004515,123.21160125732422
10001862,22.1198787689209
10001861,22.119876861572266
10001093,17.127914428710938
10001871,19.578153610229492
10001423,40.97400665283203
10001852,58.79265213012695
10001863,41.780067443847656
10001414,12.958345413208008
10002656,28.721511840820312
10001432,196.0811309814453
10004952,24.174726486206055
10001914,21.157512664794922
10001404,74.10004425048828
10001384,32.58836364746094
10004032,9.52285099029541
10001918,3.1960866451263428
10001913,24.422780990600586
10006565,20.13017463684082
10006546,5.991870880126953
10001556,103.22404479980469
10001557,6.262653827667236
10006667,44.259620666503906
10003794,30.01471519470215
10004040,97.9945297241211
10003775,3.4041647911071777
10002362,0.14626958966255188
10000976,17.157344818115234
10001601,80.39210510253906
10003415,20.683805465698242
10003795,4.312371730804443
10003392,18.062475204467773
10006612,1.7463963031768799
10003783,2.305388927459717
10005130,NA
10003603,56.28651428222656
10006588,56.28651428222656
10001725,20.51498031616211
10006587,38.60047149658203
10006589,5.150629043579102
10006590,5.150629043579102
10006592,19.904075622558594
10006573,75.656494140625
10001572,112.39340209960938
10000981,18.062477111816406
10000924,113.30670928955078
10001596,41.614295959472656
10003255,77.6395492553711
10001579,39.15570068359375
10001592,42.01482391357422
10001589,27.665767669677734
10003310,39.558895111083984
10001594,42.837059020996094
10003289,26.526016235351562
10003278,8.3555450439453125
10001591,31.34186553955078
10003320,12.13491439819336
10003284,5.043015480041504
10003256,54.2590217590332
10005834,34.975120544433594
10006218,26.93088150024414
10003247,18.15210723876953
10001581,39.02716827392578
10002640,89.225006103515625
10001787,96.54633331298828
10004159,49.26841354370117
10004157,133.578125
10004197,51.82585144042969
10001754,100.87997436523438
10001027,139.10401916503906
10001770,42.77952194213867
10004184,68.41297149658203
10000991,40.319313049316406
10006583,40.77643585205078
10003376,14.927347183227539
10003372,18.110004425048828
10006966,32.16339874267578
10006968,83.554229736328125
10006969,47.49373245239258
10000092,3.1960864067077637
10006987,44.90109634399414
10005949,133.8874969482422
10006995,58.830162048339844
10006990,108.9577865600586
10007019,1.326202154159546
10006994,88.68863677978516
10003383,14.696355819702148
10006997,61.559234619140625
10006669,0
10000999,67.3279037475586
10001007,0
10002605,38.71770095825195
10002564,60.06544494628906
10000993,60.11476135253906
10001004,50.789424896240234
10001005,60.19318771362305
10002608,29.92435646057129
10002537,94.65230560302734
10002591,37.79522705078125
10006624,18.110004425048828
10003425,14.952471733093262
10006384,50.789424896240234
10003331,60.480037689208984
10006605,40.26749038696289
10006606,31.598705291748047
10003262,79.90193939208984
10001583,0
10000984,19.492769241333008
10003342,56.558616638183594
10003348,5.024191379547119
10003413,7.136344909667969
10003370,50.717041015625
10000826,70.09969329833984
10002345,101.77571105957031
10000852,0.016076231375336647
10001293,124.9942626953125
10000824,137.43267822265625
10000992,72.83386993408203
10001003,50.789424896240234
10002431,19.92896842956543
10000825,138.3399658203125
10003350,5.608138084411621
10003362,16.836275100708008
10003432,21.434175491333008
10002570,73.64534759521484
10003414,55.58756637573242
10003434,21.434173583984375
10003377,14.927347183227539
10000801,136.14291381835938
10003369,50.717041015625
10003356,17.157344818115234
10006185,17.22634506225586
10002346,0.011045205406844616
10003390,21.740032196044922
10003354,96.5945816040039
10003411,4.828420639038086
10003381,15.623247146606445
10003419,19.492769241333008
10002571,53.1397590637207
10002522,4.319586277008057
10002517,4.222085952758789
10001002,40.986995697021484
10003365,18.003061294555664
10000988,2.4540603160858154
10002607,47.774253845214844
10001000,27.903427124023438
10006671,3.842323064804077
10003445,18.143596649169922
10003378,15.352558135986328
10000869,135.08335876464844
10002309,68.2530746459961
10000822,61.74838638305664
10000810,83.77217102050781
10000802,122.46867370605469
10005251,17.594341278076172
10000858,34.50223159790039
10006530,67.488616943359375
10000982,55.587562561035156
10003397,111.83153533935547
10005248,29.527956008911133
10003357,17.157344818115234
10000904,0.04150158911943436
10005252,2.1195051670074463
10005290,23.022991180419922
10000905,15.603776931762695
10002432,20.534507751464844
10003433,18.05585479736328
10005305,5.021709442138672
10002310,24.069311141967773
10000878,70.216583251953125
10000855,99.49309539794922
10006204,0.8296018838882446
10000789,33.78244400024414
10000774,26.355030059814453
10005328,34.329185485839844
10000901,34.51310348510742
10005264,0.18902570009231567
10006186,5.024191379547119
10000793,89.3644027709961
10000050,13.36458683013916
10005324,29.731515884399414
10000014,12.659782409667969
10000010,25.854225158691406
10003367,0.18771958351135254
10000013,4.629297256469727
10005256,32.304073333740234
10000877,71.93843078613281
10003209,0.20658476650714874
10006615,106.61386108398438
10000983,28.66451644897461
10003349,0
10000196,43.56005096435547
10001489,2.2420878410339355
10001931,81.90808868408203
10003444,18.286663055419922
10005283,0.16185690462589264
10000037,26.997581481933594
10000002,26.104019165039062
10006191,15.359158515930176
10000042,0
10006674,30.88526153564453
10001102,12.665306091308594
10001106,3.3225958347320557
10006192,34.129093170166016
10006673,0.6319089531898499
10000033,0.3729264438152313
10000028,32.57552719116211
10003595,25.85422134399414
10000799,89.64678192138672
10001731,48.06426239013672
10000057,0.01007564552128315
10005642,46.5167350769043
10001739,40.94375991821289
10004126,38.03656768798828
10006595,63.366363525390625
10001738,70.50048065185547
10001742,44.07743453979492
10004137,71.36236572265625
10004138,71.36236572265625
10004140,67.30135345458984
10006594,25.69442367553711
10001977,38.116764068603516
10005273,0.045348186045885086
10000780,145.50636291503906
10002344,186.27769470214844
10001158,83.17452239990234
10000220,84.3824462890625
10006300,53.47605514526367
10006575,2.426482677459717
10006574,42.62586212158203
10003625,1.7010079622268677
10006572,1.7010079622268677
10001155,2.426482677459717
10000782,47.53437423706055
10003629,42.071617126464844
10001154,20.565824508666992
10006578,4.772617816925049
10006571,42.07161331176758
10003628,34.39472961425781
10006581,32.49696731567383
10001766,123.14643859863281
10001798,151.67745971679688
10004194,207.88365173339844
10002633,102.58053588867188
10001709,15.220894813537598
10001014,21.82070541381836
10003538,19.582117080688477
10001711,108.46270751953125
10003492,28.151796340942383
10006664,50.37947082519531
10001015,19.301843643188477
10001717,112.13606262207031
10001978,60.82455825805664
10000190,87.94097900390625
10001969,44.77136993408203
10001984,108.96725463867188
10000154,7.399561405181885
10000174,118.92485809326172
10000197,26.427255630493164
10002726,38.18604278564453
10002905,46.400821685791016
10002920,52.66096878051758
10000185,60.22456741333008
10003253,101.65111541748047
10000215,64.19432067871094
10000198,26.427255630493164
10002784,38.4082145690918
10002822,79.58463287353516
10000206,59.699256896972656
10002714,141.75416564941406
10001597,41.614295959472656
10002916,53.47605895996094
10002857,35.981727600097656
10002928,70.05303192138672
10002835,35.393619537353516
10002827,80.59776306152344
10002791,73.23954010009766
10000216,58.15401840209961
10002799,38.36869812011719
10000209,108.9672622680664
10000210,32.7586784362793
10002755,8.795478820800781
10000234,15.785820960998535
10002886,15.785820960998535
10001274,43.56005096435547
10000238,125.4676513671875
10000194,43.56005096435547
10001966,11.165069580078125
10000161,45.35894012451172
10002838,87.82525634765625
10000203,67.13658905029297
10002828,47.92737579345703
10000152,11.165069580078125
10002844,35.21147918701172
10002858,33.84495544433594
10000248,53.20061492919922
10002729,151.36920166015625
10000208,20.96238136291504
10002725,38.18604278564453
10002876,50.494773864746094
10002758,63.636741638183594
10002900,47.3437614440918
10000156,37.21905517578125
10000199,37.756561279296875
10000175,42.219303131103516
10000229,39.32209777832031
10002802,0.03791441023349762
10002940,106.24774932861328
10002731,50.60446548461914
10002792,73.23954010009766
10000245,103.45093536376953
10001735,67.71232604980469
10001017,34.03970718383789
10003590,44.84861373901367
10001730,46.51581954956055
10003565,49.83802795410156
10003568,25.288999557495117
10003571,21.925519943237305
10001016,98.029388427734375
10000095,28.57295799255371
10001306,51.79350662231445
10000094,4.21766471862793
10003583,44.07121276855469
10002971,49.537540435791016
10005749,77.24382019042969
10002955,159.37399291992188
10001310,85.58485412597656
10001298,119.2227783203125
10002958,1.3769677877426147
10001295,61.65822982788086
10001294,55.8905143737793
10006363,36.676666259765625
10002986,24.959386825561523
10003048,18.412080764770508
10000709,71.32389068603516
10001302,50.18263244628906
10003074,3.201202869415283
10000733,22.679460525512695
10003107,87.94923400878906
10003056,17.148534774780273
10003054,36.02040481567383
10001008,0
10003117,0.05196932703256607
10000719,6.322910785675049
10003062,34.81279754638672
10003064,79.82266998291016
10003109,21.364524841308594
10000718,24.553211212158203
10000721,22.648958206176758
10005227,40.27208709716797
10006641,25.162673950195312
10003106,25.162673950195312
10006644,25.162673950195312
10003087,19.038333892822266
10001001,51.29084777832031
10002558,4.374309062957764
10003553,31.340435028076172
10000098,106.01966857910156
10003556,1.983282208442688
10001138,162.58189392089844
10003558,1.983282208442688
10001141,92.06103515625
10001147,104.13897705078125
10001132,35.033992767333984
10002671,115.86647033691406
10001921,36.69232940673828
10002687,9.926305770874023
10001142,96.06534576416016
10002697,104.13897705078125
10001922,36.69232940673828
10002685,118.46351623535156
10002676,110.99846649169922
10001129,52.292598724365234
10002691,191.531982421875
10001128,47.711700439453125
10006651,0.13933396339416504
10001123,30.07532501220703
10001121,30.0753231048584
10001118,3.088531970977783
10006652,40.29389953613281
10001120,80.31317901611328
10006388,58.61036682128906
10006649,84.11175537109375
10003363,16.836275100708008
10000979,16.466218948364258
10003405,21.158878326416016
10001708,15.189749717712402
10001720,18.15884780883789
10003507,16.983963012695312
10001530,43.580936431884766
10003505,12.600384712219238
10001716,112.48165893554688
10003515,39.112693786621094
10003496,125.06050872802734
10001713,39.54233932495117
10000836,135.7312469482422
10000850,186.27769470214844
10000851,186.27767944335938
10000817,61.748390197753906
10002341,106.0457763671875
10000249,70.24095153808594
10000785,117.91228485107422
10003260,6.72444486618042
10000786,102.79669952392578
10000857,120.61278533935547
10005282,42.125518798828125
10006347,143.35797119140625
10002322,145.50634765625
10000811,48.116397857666016
10002353,29.7823429107666
10002349,0.23041440546512604
10000790,NA
10000847,141.55337524414062
10006217,160.5572052001953
10002340,1.2801828384399414
10001023,34.048587799072266
10001786,71.80372619628906
10006147,108.35858154296875
10000879,96.51497650146484
10006958,38.646549224853516
10000059,66.48082733154297
10000841,180.94497680664062
10005299,45.90645980834961
10006532,79.504852294921875
10001522,26.2144832611084
10000784,51.30106735229492
10000856,120.61278533935547
10006531,80.75743865966797
10000902,0.028844323009252548
10005253,0.03688514977693558
10000838,46.46236038208008
10000844,180.94497680664062
10006184,19.546524047851562
10001933,35.27424621582031
10000861,0.011045204475522041
10003626,3.7696409225463867
10003624,47.54634094238281
10000821,61.748390197753906
10006576,42.07161331176758
10004210,30.375965118408203
10001775,206.85687255859375
10001161,19.54652214050293
10005272,0.033818989992141724
10001025,162.90347290039062
10004165,51.2512092590332
10004193,44.43677520751953
10001752,152.7182159423828
10001156,21.98310089111328
10001778,95.99449920654297
10004226,68.89434814453125
10004190,149.4929962158203
10001771,64.98921203613281
10006580,21.98310089111328
10001776,89.30045318603516
10004170,55.1912841796875
10001763,147.71090698242188
10001749,69.18561553955078
10002638,37.50257873535156
10001750,69.18561553955078
10001769,120.15862274169922
10004213,157.34642028808594
10001784,11.636638641357422
10001782,111.61356353759766
10004181,109.55207061767578
10006584,135.56605529785156
10001802,113.34503173828125
10001799,175.93443298339844
10004146,138.9326171875
10003601,24.88808822631836
10004153,34.58033752441406
10006586,38.65988540649414
10003607,90.31342315673828
10003602,7.07624626159668
10004219,31.386629104614258
10006591,67.46346282958984
10004215,117.35079956054688
10006593,40.94375991821289
10004125,30.415809631347656
10004134,160.3214874267578
10001794,161.16651916503906
10004139,71.36236572265625
10006585,151.69235229492188
10004118,2.2055511474609375
10004127,38.36305236816406
10001743,45.983802795410156
20000021,3.9619133472442627
10001790,38.06578826904297
10003769,1.5910060405731201
10004122,1.750149130821228
10002995,76.1407470703125
10001249,23.859037399291992
10002996,96.86756896972656
10001246,0.025677930563688278
10001737,3.500685453414917
10003005,0.0093058617785573
10001244,7.897733688354492
10001960,52.572269439697266
10003799,1.626854658126831
10003004,0.009305860847234726
20000020,2.2055511474609375
10003131,39.79545974731445
10002290,26.577255249023438
20000040,1.5402424335479736
10003192,28.350608825683594
10002281,33.30710220336914
10003195,6.504710674285889
10002988,2.264629364013672
10002987,1.1018856763839722
10006614,2.0783727169036865
10003166,62.52860641479492
10003134,2.057732105255127
10003188,108.53690338134766
10003198,106.53321075439453
10002998,0.007485250011086464
10003145,79.08595275878906
10001496,1.7673829793930054
10003423,48.31938552856445
10003200,3.6833672523498535
10000756,27.606781005859375
10003233,0
10000754,34.71588897705078
10003208,26.577255249023438
10003130,39.79545974731445
10006616,109.9531478881836
10003398,61.52452850341797
10003201,3.275012969970703
10000986,23.8474178314209
10000751,40.93889617919922
10000746,101.14604949951172
10000759,50.53720474243164
10005985,18.143598556518555
10006618,0
10003147,53.7957763671875
10003374,19.01898765563965
10003566,25.00164794921875
10003152,31.250652313232422
10006960,17.513404846191406
10002630,37.39350128173828
10002436,0.16197559237480164
10006638,6.537056922912598
10002957,0
10003149,32.171260833740234
10003144,79.08595275878906
10003204,88.28423309326172
10003125,23.880510330200195
10000765,54.3455696105957
10002956,159.37399291992188
10000728,29.962512969970703
10005750,0.04538392648100853
10006622,20.84304428100586
10003073,5.611730575561523
10006379,15.984347343444824
10001297,0.7444300651550293
10000729,24.73175621032715
10001492,44.535823822021484
10006373,0
10006378,3.256992816925049
10006642,78.612762451171875
10006375,66.565948486328125
10003561,11.341669082641602
10003554,1.9832820892333984
10001303,56.087554931640625
10003557,1.983282208442688
10006364,2.118945598602295
10006640,51.74507141113281
10006376,3.6129841804504395
10001721,1.983282208442688
10001928,36.69232940673828
10002670,115.8664779663086
10006639,85.0013198852539
10001925,36.69232940673828
10003052,5.417206764221191
10002668,33.14182662963867
10001137,22.55744743347168
10006654,65.6651840209961
10002658,57.835487365722656
10006653,32.3788948059082
10006648,9.92630672454834
10006662,16.921621322631836
10001275,43.56005096435547
10000176,42.219303131103516
10001926,36.69232940673828
10006656,30.07532501220703
10002716,37.17616271972656
10000225,37.823402404785156
10000247,130.01522827148438
10006650,111.5362777709961
10001927,36.69232940673828
10000243,74.47760772705078
10002657,57.835487365722656
10001919,82.67771911621094
10000151,57.842018127441406
10001126,70.97466278076172
10002893,35.91734313964844
10000228,10.811436653137207
10000212,64.1943130493164
10000178,47.685874938964844
10002917,53.47605895996094
10000157,40.4066162109375
10002862,13.862286567687988
10000242,55.06814193725586
10002759,0.7926601767539978
10000200,5.780721664428711
10000155,69.82647705078125
10000204,27.22401237487793
10000183,59.601932525634766
10000213,32.864402770996094
10000241,55.18224334716797
10002885,16.909456253051758
10000180,11.451828002929688
10002845,35.21147918701172
10000224,35.21147918701172
10000251,109.68744659423828
10002817,43.56005096435547
10002713,141.75416564941406
10000195,43.560054779052734
10000223,80.522125244140625
10002897,98.1416015625
10001286,112.06244659423828
10002723,30.942853927612305
10002803,0.03791441023349762
10001979,50.98065185546875
10003468,50.3061408996582
10001706,13.4793119430542
10003546,92.16520690917969
10006657,95.926544189453125
10002617,39.033851623535156
10006660,51.34914779663086
10003464,70.46318054199219
10002377,39.73481750488281
10001705,16.21841049194336
10003479,192.3670654296875
10006971,84.4609146118164
10000923,26.592424392700195
10003465,89.82390594482422
10003324,71.17696380615234
10003268,33.950435638427734
10001598,71.17696380615234
10003327,96.3830337524414
10001603,112.73312377929688
10003316,47.65681457519531
10001590,27.6657657623291
10003475,116.0212173461914
10003483,29.588441848754883
10001573,23.32491111755371
10001575,24.597774505615234
10006672,14.259254455566406
10006670,42.823055267333984
10003460,1.839646577835083
10001588,103.0678482055664
10007016,135.83839416503906
10003333,21.28865623474121
10001116,21.602689743041992
10003282,25.34249496459961
10001676,88.8631591796875
10006666,29.97500991821289
10001684,0
10001677,41.31924057006836
10006992,24.84072494506836
10002506,76.65283203125
10000987,0
10002479,0
10001690,0.3243013620376587
10002491,29.013633728027344
10001687,132.35560607910156
10005990,0
10006668,NA
10001696,27.903425216674805
10002613,24.782135009765625
10000998,48.32476043701172
10002380,25.342496871948242
10002497,45.16791915893555
10001009,0
10002606,1.706199288368225
10000995,110.0211410522461
10002531,3.842323064804077
10002589,72.5778579711914
10002569,73.64534759521484
10002568,73.64534759521484
10006146,2.3268229961395264
10000041,33.04853820800781
10001108,18.779394149780273
10000053,2.7588789463043213
10002471,0
10000055,96.123138427734375
10006189,3.0808472633361816
10000056,31.719669342041016
10000025,20.561443328857422
10001879,27.44169044494629
10003787,52.35741424560547
10002425,0.18771958351135254
10003781,0.010509968735277653
10005640,38.290283203125
10005978,5.640246868133545
10006349,3.5697224140167236
10003774,3.4041647911071777
10003773,3.4041647911071777
10003352,5.608137607574463
10006611,23.386533737182617
10006610,2.305388927459717
10003412,4.828420639038086
10003996,0
10006603,3.916548252105713
10004002,26.996999740600586
10004017,56.45771408081055
10004004,92.3951644897461
10004006,78.89179992675781
10003993,17.503910064697266
10004007,78.89179229736328
10001516,97.05829620361328
10001515,78.7254867553711
10006602,20.945531845092773
10001512,57.2338752746582
10001518,56.45771408081055
10004005,92.39515686035156
10006598,31.36223030090332
10006600,78.89179229736328
10004003,1.8698984384536743
10003990,0
10006601,89.5713882446289
10002305,152.5628662109375
10006604,3.9856786727905273
10006608,114.91334533691406
10006607,103.861572265625
10002300,31.36223030090332
10006609,24.87055206298828
10006599,152.5628662109375
10002298,0
