FACILITYID,avg_pm25
10004639,7.791666626930237
10000450,7.024999976158142
10006936,2.3777777353922525
10004024,8.419999885559083
10004650,8.983333349227905
10006939,9.675000190734863
10006303,6.633333444595337
10001082,8.108333587646484
10001091,9.293333625793457
10000356,8.65000025431315
10003943,9.00000031789144
10002237,4.266666769981384
10001866,9.066666603088379
10000630,8.48888874053955
10001077,7.1533331871032715
10001087,7.746666717529297
10001100,7.693333148956299
10006663,7.200000190734864
10006658,7.399999976158142
10006541,8.150000095367432
10001089,8.333333396911621
10005639,8.783333778381348
10001856,9.073333549499512
10006643,7.1249998807907104
10004286,7.608333349227905
10003486,4.8222222328186035
10003587,5.775000214576721
10003472,7.358333468437195
10005043,7.333333492279053
10000360,8.700000047683716
10003891,9.008333683013916
10004517,8.033333778381348
10006331,6.922222296396892
10004522,8.483333110809326
10000295,8.95555559794108
10003878,8.883333444595337
10003461,9.766666412353516
10000917,10.066666603088379
10003453,8.550000190734863
10000023,7.506666660308838
10000312,8.84166669845581
10002115,9.149999856948853
10003911,9.550000190734863
10006510,10.516666412353516
10004525,8.316666603088379
10001550,10.066666603088379
10005208,8.222222010294596
10006354,7.1583333015441895
10001636,7.833333174387614
10001614,7.5111111005147295
10001552,10.066666603088379
10003900,7.8750001192092896
10006353,7.858333468437195
10002364,8.027777910232544
10004035,10.066666603088379
10001569,6.2476188114711215
10004491,8.788888931274414
10000918,10.066666603088379
10001543,8.346666717529297
10001548,7.8055557409922285
10000919,7.883333444595337
10002146,8.11333351135254
10002134,8.833333492279053
10001559,7.794444561004639
10001542,8.416666825612387
10004740,5.958333373069763
10004027,7.453333377838135
10000060,7.858333468437195
10004028,6.473333358764648
10005832,7.0933332443237305
10000417,7.460000038146973
10000915,7.855555693308513
10000474,8.033333460489908
10000445,7.02222220102946
10006548,8.199999809265137
10006329,7.041666626930237
10000533,7.544444402058919
10000492,8.633333206176758
10002176,8.375
10000409,7.433333396911621
10006208,7.458333373069763
10001555,10.279999923706054
10002152,8.574999570846558
10001574,6.616666555404663
10002223,6.875
10001448,7.377777894337972
10000509,6.700000127156575
10001437,9.311110814412435
10004586,7.416666746139526
10004556,8.600000381469727
10000433,6.908333420753479
10001176,5.573333263397217
10006168,10.133333444595337
10002225,5.044444402058919
10004585,6.708333373069763
10004239,7.9666666984558105
10000413,8.366666316986084
10001042,7.6916667222976685
10001936,7.458333373069763
10004580,7.461111148198445
10006297,7.950000047683716
10001867,8.155555725097656
10001061,8.173333549499512
10001166,5.78333306312561
10000438,6.708333373069763
10006511,7.549999952316284
10000187,8.549999872843424
10002941,8.416666507720947
10006328,5.744444688161214
10001068,8.688888708750406
10000186,8.516666412353516
10000205,8.377777735392252
10004903,7.983333110809326
10000285,9.649999856948853
20000140,7.533333420753479
10004256,9.333333333333334
10004895,8.013333511352538
20000201,8.113333320617675
10004822,7.741666555404663
10003759,2.7722222010294595
10000099,7.444444497426351
10001072,8.338888804117838
10006203,2.7722222010294595
10001051,7.7238094466073175
10006382,9.96666669845581
10003203,5.641666650772095
10001748,7.1249998807907104
10000292,9.266666650772095
10006176,4.5
10000123,2.344444433848063
10006333,7.408333420753479
10004168,7.111111005147298
10001760,7.106666564941406
10000314,8.80666675567627
10002106,8.808333396911621
10006153,8.141666650772095
10002129,8.558333396911621
10003618,9.908333539962769
10003973,6.666666666666667
10000580,5.059999942779541
10001421,8.133333206176758
10001980,8.483333110809326
10006661,6.800000190734863
10000378,8.275000095367432
10004496,8.033332824707031
10000297,8.34444491068522
10000323,8.28333330154419
10005199,8.133333206176758
10000284,8.250000238418579
10000303,8.175000190734863
10000565,5.900000095367432
10000496,6.599999904632568
10002137,8.358333349227905
10002108,9.10666618347168
10000304,9.008333683013916
10000310,7.9666666984558105
10001975,6.179999828338623
10000283,8.191666841506958
10000601,8.78666648864746
10000258,5.900000015894572
10000579,5.008333325386047
10002126,8.038888613382975
10004453,7.6583333015441895
10000582,5.133333301544189
10006542,9.174999952316284
10000318,8.286666679382325
20000200,8.116666555404663
10003952,4.8444444338480634
10001391,5.0583332777023315
10005201,8.333333015441895
10004724,9.483333110809326
10000639,8.52380929674421
10003386,8.066666722297668
10002142,8.144444306691488
10004514,8.083333730697632
10001040,6.746666717529297
10000925,6.260000133514405
10001593,6.566666603088379
10002088,7.5291666984558105
10000226,7.7416664361953735
10002095,7.1583331823349
10001362,7.119999885559082
10000277,7.600000023841858
10000272,7.388888835906982
10001389,7.211111227671306
10000694,7.74666690826416
10001386,7.594444513320923
10003824,7.5722222328186035
10001341,5.677777687708537
10004594,7.074999928474426
10004647,7.388888994852702
10006385,8.144444465637207
10002872,11.683333158493042
10005771,6.850000023841858
10000274,7.333333492279053
10002701,7.433333396911621
10001383,7.622222185134888
10001457,8.366666793823242
10003076,7.649999976158142
10005124,9.825000047683716
10000264,5.0333333015441895
10004592,7.133333206176758
10004593,7.108333230018616
10003978,7.4666666984558105
10006179,9.90666675567627
10001214,8.183333396911621
10001223,7.841666579246521
10000149,8.233333587646484
10001957,8.158333539962769
10000132,8.783333539962769
10000140,8.191666603088379
10000142,7.833333492279053
10000278,7.6000001430511475
10001226,8.266666730244955
10004622,9.333333015441895
10003698,9.891666650772095
10000139,8.191666603088379
10000129,7.900000095367432
10000864,4.7611111005147295
10006334,8.449999809265137
10001191,1.655555526415507
10003721,8.083333015441895
10001209,8.683333396911621
10003710,8.539999771118165
10003728,7.908333420753479
10006241,8.366666793823242
10000146,8.366666793823242
10000143,8.108332872390747
10000150,9.25
10001222,8.424999713897705
10000124,2.1583333015441895
10000127,2.5444444020589194
10000355,8.016666650772095
10003732,7.8416668176651
10006524,8.600000381469727
10001345,5.755555629730225
10003736,8.372222264607748
10001180,9.026666641235352
10000079,8.941666603088379
10001185,9.133333206176758
10001183,8.946666717529297
10003083,7.920000171661377
10004339,9.050000190734863
10003712,8.599999904632568
10001582,6.908333420753479
10001182,9.099999904632568
10003307,7.166666746139526
10006522,8.083333492279053
10001173,4.386666774749756
10000083,8.958333492279053
10003308,6.916666865348816
10006529,8.555555661519369
10001187,7.366666793823242
10001172,7.350000023841858
10001175,5.5
10004335,8.844444274902344
10006525,8.983333587646484
10001909,9.911111195882162
10001178,9.946666717529297
10000262,7.308333396911621
10006526,9.922222137451172
10000621,6.433333158493042
10000087,9.933333396911621
10000081,8.941666603088379
10001578,6.575000166893005
10000439,6.750000238418579
10000090,8.266666650772095
10001318,5.755555470784505
10006528,9.016666889190674
10000941,7.353333473205566
10002066,8.127777735392252
10000043,7.425000071525574
10001330,8.626666641235351
10002117,8.366666793823242
10002248,5.272222439448039
10001090,7.976190498897007
10001099,7.39333324432373
10000605,13.003030430186879
10001080,6.839999675750732
10005863,9.125
10001096,7.891666769981384
10002246,11.733333349227905
10004633,7.600000023841858
10002105,8.866666793823242
10006311,8.422222773234049
10006544,8.766666603088378
10001853,7.744444529215495
10001949,7.299999872843425
10001869,7.816666841506958
10000576,5.280000114440918
10002228,5.360000133514404
10001745,6.3466668128967285
10001181,9.039999961853027
10002204,8.033333420753479
10000683,8.455555280049643
10002217,7.7222221692403155
10000572,6.233333269755046
20000220,9.794444561004639
10000682,8.120000076293945
10000685,9.483333110809326
10000676,7.639999866485596
10000662,7.9277777671813965
10000644,9.461111227671305
10002401,8.5
10002399,5.016666650772095
10006633,11.991666555404663
10000660,7.979999923706055
10002400,8.175000190734863
10005380,8.52500033378601
10000652,8.095238140651158
10000678,8.273333549499512
10000695,7.383333285649617
10004734,7.372222105662028
10000665,8.280000114440918
10002395,9.09166669845581
10002258,7.674999833106995
10000677,8.338888804117838
10000669,8.519999885559082
10002396,9.09166669845581
10000646,9.825000047683716
10000674,8.26111094156901
10000688,8.20666675567627
10002259,8.286666679382325
10000720,8.093333435058593
10000672,7.977777560551961
10000708,6.541666626930237
10006352,9.699999809265137
10000707,6.541666626930237
10000664,8.325000286102295
10000336,8.9333336353302
10000673,7.4666666984558105
10000771,7.549999952316284
10002153,8.591666221618652
10000422,8.006666564941407
10004712,7.80666675567627
10000693,8.399999809265136
10000368,8.966667175292969
10000339,8.600000381469727
10001065,10.173333358764648
10004575,7.62666654586792
10004555,8.600000381469727
10004920,8.008333206176758
10000395,7.5
10001054,8.149999856948853
10001060,8.186666679382324
10000396,7.508333325386047
10001075,7.425000071525574
10001071,8.02222196261088
10000585,5.493333339691162
10000432,6.913333415985107
10001059,8.166666507720947
10003012,5.399999976158142
10006309,8.749999841054281
10001073,7.6400001525878904
10003002,4.288888772328694
10000560,7.8416666984558105
10002997,7.866666793823242
10003006,10.625
10002192,7.406666660308838
10000562,7.141666769981384
10002210,6.891666769981384
10004913,7.858333349227905
10000261,9.020000076293945
10002843,9.125
10000385,7.666666507720947
10001063,7.546666622161865
10000414,7.277777989705403
10005258,8.449999809265137
10001052,7.783333381017049
10002991,8.7
10000428,6.873333168029785
10000260,10.5
10000384,7.6533331871032715
10000871,11.366666555404663
10000949,9.09333324432373
10000430,7.566666603088379
10000329,8.380000114440918
10004747,9.472222169240316
10001045,7.604761804853167
10006290,8
10004094,8.01111125946045
10001907,8.758333683013916
10005933,8.891666650772095
10002187,7.3416668176651
10003000,5.293333435058594
10000546,5.886666774749756
10005599,8.306666946411132
10000259,6.738888740539551
10000467,7.983333468437195
10006613,10.59166669845581
10000691,8.377777735392252
10003008,7.4416667222976685
10000460,7.277777512868245
10000504,7.233333230018616
10000658,8.260000038146973
10006167,6.711111148198445
20000240,8.016666889190674
10005267,7.766666531562805
10000633,8.224999904632568
10005319,6.341666579246521
10005362,7.444444338480632
10000308,7.983333349227905
10001041,6.733333587646484
10000840,14.280000114440918
10005275,6.666666626930237
10000642,8.042856897626605
10004852,6.733333587646484
10004527,8.266666889190674
10000653,8.26111110051473
10000545,5.8416668176651
10004812,6.641666531562805
10003928,8.266666412353516
10001030,7.916666746139526
10001028,6.241666913032532
10001162,3.140000009536743
10002488,5.041666626930237
10000874,11.224999904632568
10000689,8.233333349227905
10006350,7.3999998569488525
10002121,9.949999809265137
10001033,7.700000047683716
10006209,8.05333309173584
10000671,7.950000047683716
10001050,7.916666507720947
10002102,7.138888994852702
10004505,8.188888867696127
10000655,8.094444433848063
10000319,7.986666679382324
10004616,8.550000190734863
10001605,5.47777779897054
10001972,9.633333524068197
10000084,8.975000143051147
10003678,7.5
10006326,8.916666984558105
10006327,7.541666626930237
10006596,6.099999904632568
10003647,9.225000143051147
10000503,7.211110909779866
10000361,8.691666603088379
10000518,7.266666571299235
10004312,6.8500001430511475
10000403,7.633333206176758
10000382,7.555555502573649
10006210,8.066666603088379
10000647,9.716666539510092
10000667,7.472222248713176
10000457,7.450000047683716
10006597,6.099999904632568
10000455,7.420000076293945
10000687,8.246666526794433
10000635,10.841667175292969
10006389,7.344444592793782
10004667,10.825000524520874
10006351,9.699999809265137
10000641,9.266666603088378
10000657,9.533333460489908
10004677,8.166666793823243
10005054,7.708333253860474
10000263,7.199999888737996
10001325,7.777777592341105
10001319,6.450000047683716
10001333,8.211111386617025
10001062,8.194444497426352
10004176,7.775000214576721
10001067,8.673333168029785
10001236,2.208333343267441
10003680,8.266666650772095
10001944,8.891666650772095
10000316,8.241666555404663
10006749,7.958333373069763
10000320,7.993333339691162
10000325,8.705555438995361
10006339,8.720000267028809
10002138,8.074999809265137
10006154,8.166666666666666
10002144,8.075000047683716
10003880,7.175000190734863
10004497,7.900000095367432
10001415,9.291666746139526
10006453,7.940000057220459
10006322,8.59166669845581
10001759,6.4666666984558105
10000309,8.033333539962769
10002147,8.249999761581421
10000307,8.366666555404663
10000328,8.372222264607748
10004216,6.291666746139526
10004177,8.199999809265137
10004487,7.855555375417073
10002139,8.291666746139526
10000116,7.5944446722666425
10000120,7.277777910232544
10002118,8.366666793823242
10000293,9.27333335876465
10001424,8.650000095367432
10004551,8.233333349227905
10005188,8.141666650772095
10000302,8.655555725097656
10002136,8.991666793823242
10006344,8.916666984558105
10003650,7.755555629730225
10006345,8.460000038146973
10001801,6.777777512868245
10000117,7.940000057220459
10001411,10.00000031789144
10004534,8.100000381469727
10001095,10.133333683013916
10001426,8.966667175292969
10000103,7.494444449742635
10004500,8.366666555404663
10005191,8.141666650772095
10001788,5.900000095367432
10000636,10.833333969116211
10004173,8.822222232818604
10004183,8.244444529215494
10001747,7.141666531562805
10001753,6.099999904632568
10000638,9.925000190734863
10000128,1.875
10003694,2.058333307504654
10003691,2.366666555404663
10001793,6.986666679382324
10003692,2.644444386164347
10000948,9.466666460037231
10001777,7.808333158493042
10006582,7.566667079925537
10000126,1.5583333373069763
10003690,1.4777777989705403
10000442,6.777777989705403
10000972,8.628571237836566
10001021,5.758333444595337
10004619,8.933333079020182
10000471,7.4666666984558105
10004174,8.833333015441895
10000967,7.933333396911621
10000960,7.820000171661377
10002416,8.116666316986084
10000971,8.188889026641846
10000963,7.813043449235999
20000261,7.900000095367432
20000262,7.7416664361953735
10002165,7.855555693308513
10004657,5.566666603088379
20000260,7.833333492279053
10002097,5.21999979019165
10002206,7.666666507720947
10006564,8.28333330154419
10000449,7.044444402058919
10002096,7.1583331823349
10002600,9.475000143051147
10001632,6.8500001430511475
10002560,8.474999904632568
10001609,7.2523811885288785
10004068,6.855555693308513
10001630,7.199999809265137
10005841,7.200000127156575
10001608,7.28000020980835
10005864,9.166666666666666
10005865,9.133333206176758
10006556,8.041666746139526
10004060,9.941666603088379
10004185,7.0666667222976685
10005867,9.888888676961264
10005848,7.5
10001768,8.558333158493042
10006216,7.3749998807907104
10011326,7.549999952316284
10000954,8
10001815,9.174999952316284
10004259,7.722222010294597
10000508,6.616666674613953
10004260,7.958333373069763
10006567,8.033333778381348
10005263,12.791666746139526
10006568,7.933333396911621
10004651,8.316666841506958
10000388,8.926666641235352
10001751,6.613333225250244
10002174,7.258333086967468
10006348,7.366666793823242
10003864,6.650000095367432
10003861,7.208333373069763
10000459,7.400000095367432
10004614,8.550000190734863
10000498,6.566666603088379
10004204,7.733333587646484
10004444,6.880000019073487
10002101,5.872222185134888
10006535,6.573333263397217
10001393,6.283333381017049
10004451,5.205555359522502
10000282,5.9666666984558105
10000374,9.088889122009277
10000281,5.806666660308838
10002182,8.449999809265137
10002098,5.2133331298828125
10000480,8.266666650772095
10004611,10.166666666666666
10002178,8.458333015441895
10004188,7.583333492279053
10004567,7.699999809265137
10006383,10.625000238418579
10006324,8.244444847106934
10001401,7.174999952316284
10004449,4.533333396911621
10001022,8.849999904632568
10004612,7.25
10001392,5.866666698455811
10001396,6.253333282470703
10001547,7.772222439448039
20000263,6.3500001430511475
10000252,7.7600000381469725
10001546,7.828571592058454
10002510,5.416666746139526
20000264,6
10002359,6.6583331823349
10001560,7.866666793823242
10006536,5.950000047683716
10004656,7.733333587646484
10000772,11.033333460489908
10006537,7.2166664600372314
10001616,9.477777798970541
10006380,11.174999952316284
10000990,7.958333373069763
10003592,8.460000228881835
10003572,7.400000095367432
10003047,6.824999928474426
10001697,8.333333333333334
10002579,8.327777862548828
10000122,7.1000001430511475
10004034,10.066666603088379
10002556,7.6666669845581055
20000280,10.066666603088379
10000101,7.505555550257365
10001170,7.644444545110066
10000109,7.616666674613953
10006315,8.78333330154419
10000112,7.166666507720947
10000115,7.483333349227905
10003645,8.266666412353516
10000980,7.538888851801555
10000110,7.199999809265137
10003638,9.90833306312561
10000121,7.483333349227905
10003651,7.713333415985107
10000106,7.746666812896729
10006314,7.716666579246521
10000107,7.273333549499512
10000102,7.5
10004327,7.566666841506958
10000017,8.366666793823242
10002301,8.083333373069763
10000737,7.22380931036813
10001044,7.599999984105428
10005222,8.175000190734863
10001043,7.6916667222976685
10001145,7.641666531562805
10001830,6.733333587646484
10001034,7.633333285649617
10001031,7.777777910232544
10001729,7.426666736602783
10001832,6.725000262260437
10000463,8.241666793823242
10001048,9.54444440205892
10001544,7.433333396911621
10001732,7.3466668128967285
10001733,7.524999976158142
10003121,8.02222228050232
10004015,6.024999976158142
10000814,5.916666746139526
10003077,8.416666746139526
10003082,8.649999936421713
10001133,7.2666667938232425
10001150,7.327777624130249
10002688,7.099999904632568
10002347,13.52857140132359
10002348,13.353333282470704
10001458,7.777777989705403
10004606,7.983333349227905
10000519,7.266666571299235
10002629,8.391666650772095
10001722,8.183333396911621
10002361,10.233333587646484
10001652,8.058333396911621
10001519,6.786666679382324
10001566,6.140000247955323
10006310,9.841666460037231
10005361,13.922222137451172
10006205,8.59166693687439
10003580,7.5
10000461,7.8500001430511475
10003584,9.027777830759684
10002689,7.475000023841858
10003387,7.800000190734863
10001143,7.955555518468221
10000244,7.550000071525574
10000237,6.539999961853027
10000211,8.627777894337973
10001163,2.950000047683716
10002692,6.973333358764648
10001811,8.173333358764648
10006201,7.70555567741394
10002330,7.433333396911621
10003598,7.508333325386047
10001812,8.144444465637207
10001435,8.677777608235678
10000118,7.400000095367432
10006198,8.09333324432373
10003135,5
10001301,4.0333333015441895
10003068,8.300000031789144
10002800,6.491666674613953
10003652,7.6555555661519366
10001125,7.049999952316284
10001283,8.40833330154419
20000300,9.355555534362793
10000863,4.766666650772095
10003385,8
10000833,9.75
10003764,2.9666666189829507
10000831,9.433333587646484
10003614,7.866666793823242
10001135,7.166666507720947
10000627,4.041666626930237
10006180,9.941666841506958
10003069,8.922222455342611
10001134,7.159999847412109
10003070,8.972222169240316
10000887,9.772222201029459
10000867,4.8933333396911625
10001875,7.126666831970215
10006199,7.346666717529297
10000806,10.266666603088378
10000892,12.53333314259847
10006193,4.041666626930237
10006299,4.699999968210856
10001146,7.553333282470703
10000935,5.759999847412109
10006171,7.549999952316284
10001873,9.883333206176758
10006944,3.141666531562805
10001938,3.5888888438542685
10002693,6.9888888994852705
10001382,7.616666615009308
10000044,7.291666746139526
10005303,7.388888915379842
10003757,4.338095188140869
10006196,7.460000038146973
10005261,11.15833330154419
10001238,3.357142857142857
10001346,5.077777783075969
10006374,9.833333333333334
10006200,7.450000047683716
10000006,7.193333339691162
10006177,7.088888963063558
10006175,4.444444576899211
10000100,3.013333320617676
10006178,7.141666889190674
10001165,3.166666603088379
10001958,4.1777777671813965
10000004,9.183333396911621
10006152,6.6380952426365445
10000613,4.816666841506958
10003615,7.77333345413208
10000624,4.259999942779541
10000141,8.872222423553467
10005694,8.555555661519369
10000603,8.883333206176758
10006173,7.575000047683716
10006174,7.541666626930237
10000257,5.188889026641846
10000136,8.550000190734863
10003616,7.8416668176651
10004922,8.460000038146973
10006194,10.458333492279053
10006148,7.116666555404663
10001761,7.133333206176758
10004008,6.419999980926514
10000830,9.70555559794108
10000832,9.646666717529296
10000581,5.02222220102946
10005378,5.759999847412109
10000770,6.4055555661519366
10000456,7.083333253860474
10000338,8.458333492279053
10003202,5.746666622161865
10004595,7.0333333015441895
10001633,8.894444465637207
10001265,9.411111195882162
10004241,8.141666650772095
10001320,6.627777735392253
10004921,8.593333625793457
10003017,5.466666630336216
10004923,8.472222328186035
10006195,8
10004023,8.291666746139526
10004019,6.408333420753479
10004095,7.925000071525574
10004447,6.3166667222976685
10001520,6.429166734218597
10002323,7.850000063578288
10004446,6.346666622161865
10000679,8.439999961853028
10001728,7.641666769981384
10003578,9.119999885559082
10001727,7.666666825612386
10000189,6.9666666984558105
10000680,8.424999952316284
10000550,7.616666555404663
10006172,6.141666650772095
10003066,8.308333396911621
10006512,8.333333333333334
10000712,7.1583333015441895
10003084,7.891666769981384
10001470,10.388888994852701
10000713,7.053333282470703
10003067,8.333333206176757
10001484,6.149999936421712
10004732,7.733333587646484
10003116,10.441666841506958
10003229,10.906666564941407
10003075,7.638888915379842
10003662,7.600000023841858
10000955,8.09166693687439
10004330,7.62666654586792
10004331,7.606666564941406
10001029,7.694444417953491
10004089,8.083333492279053
10001337,8.000000095367431
10001941,7.613333225250244
10006197,7.922222296396892
10000968,7.899999976158142
10004659,6.972222248713176
10000956,8.116666793823242
10000659,8.266666650772095
10001678,5.616666555404663
10006508,8.208333253860474
10000119,7.340000152587891
10001940,7.591666579246521
10001459,7.266666571299235
10000632,4.394444386164348
10002245,8.96666669845581
10003330,7.693333530426026
10000606,13.93750011920929
10000994,7.257142748151507
10002968,6.113333225250244
10002190,7.766666650772095
10001375,9.2
10002135,8.933333396911621
10011321,6.788888931274414
10002084,5.794444561004639
10003826,7.5722222328186035
10004646,5.750000238418579
10001387,7.990476335797991
10001366,7.355555613835652
10001342,6.146666717529297
10000273,7.361111084620158
10001357,6.993333339691162
10001364,7.438888788223267
10003846,7.508333444595337
10002287,6.144444465637207
10000269,6.166666507720947
10000267,6.822222073872884
10001361,7.1533331871032715
10003818,6.425000071525574
10003165,6.639999866485596
10003136,4.413333415985107
10002908,6.866666793823242
10002964,4.016666650772095
10011319,6.427777846654256
10006211,6.133333206176758
10005784,6.561111052831014
10001324,7.099999904632568
10001322,7.377777894337972
10001331,8.190476281302315
10006549,7.599999904632568
10001631,8.48888874053955
10001617,7.506666660308838
10001626,7.87333345413208
10004043,7.2111109892527265
10001606,7.199999928474426
10002405,7.880000114440918
10000942,7.583333253860474
10001624,7.613333225250244
10001612,8.27333335876465
10001622,7.650000174840291
10001615,7.955555597941081
10004065,8.046666717529297
10005849,7.116666674613953
10006558,7.983333587646484
10001216,8.391666650772095
10003156,5.860000038146973
10001204,10.200000047683716
10000078,8.960000228881835
10001199,7.588888963063558
10001218,8.466666221618652
10004248,8.073332977294921
10000070,8.325000286102295
10000085,8.77222204208374
10006523,8.383333206176758
10001221,8.424999713897705
10001197,7.733333269755046
10006679,8.599999904632568
10000075,7.724999904632568
10006560,8.883333206176758
10000076,8.858333349227905
10006561,8.622222264607748
10000088,8.258333206176758
10001619,7.574999928474426
10006381,8.933333396911621
10000066,7.5
10000065,7.816666841506958
10000069,8.316666841506958
10000080,8.941666603088379
10001821,7.699999809265137
10001906,8.725000381469727
10001910,8.716666221618652
10001908,8.758333683013916
10000062,9.122222264607748
10004244,7.699999809265137
10001816,7.733333110809326
10001584,7.450000047683716
10000144,8.205555438995361
10001954,8.241666793823242
10004645,5.788889090220134
10001974,6.186666488647461
10000165,9.641666889190674
10006298,8.633333206176758
10005114,9.783333539962769
10000163,8.908333539962769
10006238,7.724999785423279
10001585,7.475000023841858
10000172,8.606666755676269
10002913,8.906666564941407
10002914,8.866666475931803
10000135,8.783333539962769
10003329,7.693333530426026
10001210,9.5
10001241,3.3904761927468434
10000600,4.5333333015441895
10003542,7.866666793823242
10001718,9.308333158493042
10001989,8.40833330154419
10000598,5.3750001192092896
10002860,8.393333435058594
10001990,8.350000143051147
10002249,3.75
10003758,2.7333333492279053
10001242,3.655555566151937
10001232,17.00000023841858
10000622,9.833333253860474
10000595,3.738095215388707
10006519,3.4800000190734863
10005113,9.7866668701171875
10006365,9.558333396911621
10001240,3.283333331346512
10000330,8.444444497426352
10006386,2.0749999284744263
10001239,4.59523800441197
10001235,3.5277777910232544
10001237,2.762499988079071
10000510,7.800000190734863
10000618,7.413333415985107
10000542,7.733333349227905
10001279,8.558333158493042
10000370,8.9416663646698
10000191,6.5000001192092896
10000365,8.966667175292969
10000327,7.555555502573649
10006655,6.986666679382324
10001586,7.413333320617676
10004255,8.21666685740153
10003160,6.8750001192092896
10001804,7.199999928474426
10003579,6.386666774749756
10000577,4.991666674613953
10001808,8.208333492279053
10002949,7.799999809265136
10003793,3.883333206176758
10006515,7.549999952316284
10006305,5.600000095367432
10006308,11.339999961853028
10003175,6.07619047164917
10000628,3.785185204611884
10002247,11.858333349227905
10000561,7.8666666348775225
10000567,4.4666666984558105
10004264,8.95555559794108
10000573,4.6555555661519366
10000512,7.675000071525574
10006321,8.691666603088379
10002227,5.083333373069763
10000587,7.325000047683716
10000593,4.793333053588867
10000578,5.358333468437195
10000554,5.8500001430511475
10003124,6.706666469573975
10000089,8.25
10000569,5.166666626930237
10000557,4.9333332777023315
10000586,7.233333492279053
10001807,8.278947328266344
10000575,5.133333325386047
10000588,7.325000047683716
10002945,7.700000286102295
10003227,11.766666412353516
10003196,6.693333339691162
10002230,7.325000047683716
10000375,8.850000063578287
10006505,7
10000934,5.933333396911621
10000937,6.673333358764649
10000540,7.775000095367432
10002398,8.15833330154419
10000564,6.8933333396911625
10000761,6.738888740539551
10006304,5.166666746139526
10001820,7.566666603088379
10000933,5.059999942779541
10000928,5.320000171661377
10004018,6.172222137451172
10000927,6.944444497426351
10000939,6.8416668176651
10000699,8.358333349227905
10000219,8.183333396911621
10001734,8.244444529215494
20000141,4.775000095367432
10002262,7.173333168029785
20000142,5.3500001430511475
10003591,8.466667175292969
10002397,9.058333158493042
10000926,7.8500001430511475
10002226,4.9666666984558105
10000357,8.675000190734863
10001647,8.241666793823242
20000903,5.8750001192092896
10000703,8.041666746139526
20000902,8.399999856948853
10004608,8.51111094156901
10000702,8.041666746139526
10000705,7.173333168029785
10004625,6.583333253860474
10002260,8.333333333333334
10003962,4.883333444595337
10000351,8.350000381469727
10005219,8.01111125946045
10000429,6.891666531562805
10000706,6.541666626930237
10000381,7.5583332777023315
10006206,7.194444497426351
10000418,7.049999952316284
10003585,9.141666889190674
10000444,7.041666626930237
10000419,7.049999952316284
10006207,7.186666679382324
10000394,7.508333325386047
10001504,5.6722220579783125
10000763,6.193333148956299
10002261,7.191666483879089
10004574,7.066666603088379
10000701,8.277777671813965
10003140,5.885714326586042
10000494,8.599999904632568
10000465,7.3500001430511475
10000453,7.3599998474121096
10000437,6.708333373069763
10000420,7.083333253860474
10000440,6.706666660308838
10003127,4.4666666984558105
10000473,8.066666841506958
10000745,7.266666769981384
10000744,6.4666666984558105
10003141,5.886666679382325
10003128,4.453333377838135
10002177,8.375
10000757,7.475000023841858
10004576,7.62666654586792
10000441,6.733333587646484
10000760,6.5333333015441895
10003210,5.922222137451172
10004557,8.353333663940429
10003132,5.577777703603108
10003122,5.722222010294597
10003189,6.244444290796916
10002175,7.28333306312561
10004615,8.544444719950357
10004558,8.341667175292969
10000548,6.113333320617675
10000337,8.899999936421713
10004628,8.166666507720947
10007015,9.855555534362793
10000412,8.427777767181396
10001450,7.408333420753479
10000481,9.041666746139526
10000334,8.291666746139526
10000377,9.116666316986084
10000528,7.6333333651224775
10000392,8.84000015258789
10000347,9.177777608235678
10004627,8.199999809265137
10000464,8.558333396911621
10006617,5.950000047683716
10000495,6.613333225250244
10003948,9.416666507720947
10000531,8.299999872843424
10000547,6.0000001192092896
10004571,9.01111094156901
10000435,7.599999904632568
10000333,8.308333396911621
10004649,9.558333158493042
10001460,8.441667079925537
10000478,10.983333587646484
10000448,7.049999952316284
10000246,8.28333330154419
10000544,10.566666603088379
10004461,7.9666666984558105
10003197,6.21999979019165
10003957,5.774999976158142
10003146,6.961111148198445
10004569,8.974999904632568
10004476,8.5
10001454,8.01111125946045
10004577,7.2583335638046265
10000400,8.09166693687439
10004591,7.311111291249593
10003389,8.414285932268415
10000350,8.688888867696127
10001233,3.2041667103767395
10002244,12.688888867696127
10000752,5.591666579246521
10001231,17.009523936680385
10003761,4.1777777671813965
10006312,7.4416667222976685
10006620,11.125000238418579
10002428,7.500000095367431
10000182,6.2666665485927036
10000369,8.833333015441895
10000750,6.293333339691162
10006509,13.216666460037231
10001445,8.691666841506958
10003950,9.5
10000253,7.700000286102295
10000332,8.299999952316284
10003974,6.699999928474426
10006621,6.483333349227905
10003424,7.446666717529297
10002469,6.688888867696126
10002233,6.266666531562805
20000441,5.358333468437195
20000440,5.266666531562805
20000460,5.426666641235352
10005242,6.416666746139526
10002294,11.5
20000480,5.033333460489909
10002980,6.708333253860474
10003213,6.253333282470703
10003958,5.583333253860474
10003955,3.988888740539551
10006697,3.8166666626930237
10000762,6.480000019073486
10002463,4.946666622161866
10003969,9.01111094156901
10006377,9.424999952316284
10006219,8.153333568572998
10002184,9.033333460489908
10002157,7.599999904632568
10000363,8.622222264607748
10000352,8.350000381469727
10004632,7.633333206176758
10004565,7.708333253860474
10000472,8.416666507720947
10004600,7.266666769981384
10006678,8.599999904632568
10000353,8.350000381469727
10004618,9.183333396911621
10004554,8.299999872843424
10000527,7.616666674613953
10004564,7.933333396911621
10006337,8.366666793823242
10000399,7.758333444595337
20000180,10.566666603088379
10000072,8.099999984105429
10000485,9.041666746139526
10006534,8.544444719950357
10000515,7.077777703603108
10000390,9.03333298365275
10004062,7.455555597941081
10004044,7.5111111005147295
10006562,7.760000133514405
10006563,7.166666746139526
10000424,7.516666650772095
10001860,7.816666603088379
10006387,8.333333333333334
10004053,7.549999952316284
10006170,6.616666674613953
10006557,7.122222105662028
10001186,6.9083333015441895
10000077,8.922222137451172
10003611,8.288888931274414
10006336,7.608333230018616
10001177,9.924999952316284
10000380,7.9416667222976685
10006837,7.233333349227905
10006623,8.266666650772095
10001184,9.391666650772095
10004655,5.883333444595337
10002455,2.128571391105652
10001681,3
10006543,7.605555534362793
10006520,8.391666889190674
10001679,4.290476254054478
10002440,4.474999904632568
10002460,8.241667032241821
10002459,8.075000286102295
10003639,6.716666579246521
10000111,7.079999923706055
10002493,4.033333361148834
10006538,8.71666669845581
10002470,6.42666654586792
10003995,9.100000381469727
10002861,10.183333396911621
10002472,7
10002505,7.833333492279053
10007011,6.622222264607747
10002923,9.724999904632568
10005861,9.133333206176758
10003934,7.977777640024821
10002250,7.411111195882161
10005866,9.125
10005862,9.133333206176758
10002476,2.642857142857143
10004070,7.166666746139526
10004050,7.233333349227905
10002020,6.646666622161865
10006955,7.524999976158142
10004475,9.200000047683716
10004598,8.233333349227905
10001078,7.274999976158142
10002485,3.383333384990692
10002492,3.5
10004515,8.077778180440268
10001862,9.19333324432373
10001861,9.216666460037231
10001093,9.424999952316284
10001871,8.65000033378601
10001423,9.683333396911621
10001852,7.666666626930237
10001863,8.100000143051147
10001414,9.288888931274414
10002656,8.733333587646484
10001432,8.650000095367432
10004952,10.125
10001914,6.350000023841858
10001404,4.549999952316284
10001384,6.8277779420216875
10004032,9.48888874053955
10001918,5.8666664361953735
10001913,5.5000001192092896
10006565,7.573333263397217
10006546,10.066666603088379
10001556,6.7749998569488525
10001557,7.853333473205566
10006667,6.099999904632568
10003794,4.649999976158142
10004040,6.7416664361953735
10003775,4.758333325386047
10002362,9.516666650772095
10000976,7.639999866485596
10001601,6.891666412353516
10003415,7.494444449742635
10003795,4.649999976158142
10003392,7.438888867696126
10006612,5.674999952316284
10003783,7.2499998807907104
10005130,7.611111164093018
10003603,7.474999904632568
10006588,7.486666584014893
10001725,8.693333435058594
10006587,8.041666626930237
10006589,10.013333511352538
10006590,10.125
10006592,9.726667022705078
10006573,6.091666579246521
10001572,7
10000981,7.583333253860474
10000924,6.253333377838135
10001596,6.726666450500488
10003255,6.833333492279053
10001579,6.599999904632568
10001592,6.491666674613953
10001589,6.5
10003310,7.016666650772095
10001594,6.566666603088379
10003289,6.866666793823242
10003278,8.833333253860474
10001591,6.6666666030883786
10003320,7.075000047683716
10003284,6.900000095367432
10003256,6.833333492279053
10005834,7.200000166893005
10006218,7.066666762034099
10003247,7.673333358764649
10001581,6.608333230018616
10002640,7.266666531562805
10001787,5.9666666984558105
10004159,8.516666889190674
10004157,7.200000286102295
10004197,7.900000095367432
10001754,5.3166667222976685
10001027,7.0333333015441895
10001770,6.991666674613953
10004184,8.27333335876465
10000991,7.258333444595337
10006583,7.733333587646484
10003376,7.793333244323731
10003372,8.153333377838134
10006966,6.849999904632568
10006968,5.366666555404663
10006969,8.074999809265137
10000092,5.799999713897705
10006987,8.708333492279053
10005949,7.866666793823242
10006995,4.099999984105428
10006990,9.28333306312561
10007019,9.633333206176758
10006994,3.974999964237213
10003383,8.53333330154419
10006997,6.483333349227905
10006669,7.179999828338623
10000999,8.46666660308838
10001007,9.741666793823242
10002605,8.308333396911621
10002564,8.173333358764648
10000993,8.04666690826416
10001004,8.173332977294923
10001005,8.116666793823242
10002608,8.22777764002482
10002537,7.494444449742635
10002591,8.013333606719971
10006624,8.175000071525574
10003425,7.433333396911621
10006384,8.193333053588868
10003331,6.75
10006605,5.366666674613953
10006606,6.024999976158142
10003262,6.741666913032532
10001583,7.416666626930237
10000984,8.750000158945719
10003342,7.446666622161866
10003348,10.399999856948853
10003413,9.741666793823242
10003370,6.908333420753479
10000826,8.127777576446533
10002345,5.004166603088379
10000852,6.074999928474426
10001293,8.90000025431315
10000824,12.394444306691488
10000992,9.544444561004639
10001003,8.144444147745768
10002431,7.361904689243862
10000825,12.085714067731585
10003350,9.633333206176758
10003362,8.82777770360311
10003432,8.277777830759684
10002570,8.733333349227905
10003414,7.593333435058594
10003434,8.288888931274414
10003377,7.708333373069763
10000801,9.52222235997518
10003369,6.908333420753479
10003356,7.586666584014893
10006185,7.641666531562805
10002346,10.088888804117838
10003390,8.383333206176758
10003354,8.04444440205892
10003411,10.000000238418579
10003381,8.766666650772095
10003419,8.622222582499186
10002571,9.2055557568868
10002522,6.300000095367432
10002517,5.541666626930237
10001002,7.253333282470703
10003365,9.675000190734863
10000988,6.039999961853027
10002607,8.266666412353516
10001000,8.383333444595337
10006671,6.546666622161865
10003445,7.016666650772095
10003378,7.708333373069763
10000869,11.22777764002482
10002309,6.17083340883255
10000822,4.3416668176651
10000810,7.600000095367432
10000802,9.516666730244955
10005251,6.608333349227905
10000858,4.0749998688697815
10006530,8.133333524068197
10000982,7.5111111005147295
10003397,7.553333377838134
10005248,9.20666675567627
10003357,7.566666603088379
10000904,7.519999885559082
10005252,9.966666460037231
10005290,7.141666769981384
10000905,4.858333468437195
10002432,7.419999885559082
10003433,8.225000143051147
10005305,5.950000047683716
10002310,12.32777770360311
10000878,4.583333253860474
10000855,5.119999885559082
10006204,7.766666889190674
10000789,7.241666674613953
10000774,7.983333349227905
10005328,6.699999928474426
10000901,3.883333206176758
10005264,8.933333396911621
10006186,10.441666603088379
10000793,10.053333282470703
10000050,6.883333444595337
10005324,7.049999833106995
10000014,7.883333444595337
10000010,8.791666746139526
10003367,9.358333349227905
10000013,7.274999976158142
10005256,12.520000076293945
10000877,6.233333230018616
10003209,6.7500001192092896
10006615,7.359999942779541
10000983,7.144444386164348
10003349,9.449999809265137
10000196,6.8055557409922285
10001489,7.5
10001931,7.226666641235352
10003444,7.014285700661795
10005283,6.699999809265137
10000037,7.566666603088379
10000002,9.899999856948853
10006191,7.983333110809326
10000042,7.258333325386047
10006674,7.150000333786011
10001102,7.024999976158142
10001106,6.925000071525574
10006192,5.766666889190674
10006673,8.208333253860474
10000033,8.316666603088379
10000028,6.944444497426351
10003595,8.555555661519369
10000799,9.919999885559083
10001731,8.699999968210856
10000057,5.961111148198445
10005642,6.744444529215495
10001739,7.272222280502319
10004126,8.233332951863607
10006595,6.416666746139526
10001738,6.106666564941406
10001742,6.744444211324056
10004137,6.924999952316284
10004138,6.926666641235352
10004140,6.21666693687439
10006594,7.308333039283752
10001977,9.083333492279053
10005273,6.733333230018616
10000780,8.177777846654257
10002344,12.022222518920898
10001158,7.066666603088379
10000220,8.138888835906982
10006300,7.888888994852702
10006575,7
10006574,8.322222391764322
10003625,8.308333396911621
10006572,8.266666730244955
10001155,6.855555454889934
10000782,7.211111068725586
10003629,8.133333206176758
10001154,8.566666603088379
10006578,7.516666650772095
10006571,8.15833306312561
10003628,8.188889185587565
10006581,8.625
10001766,8.861111164093018
10001798,6.4666666984558105
10004194,6.508333325386047
10002633,6.606666564941406
10001709,8.155555486679077
10001014,6.639999866485596
10003538,7.427777846654256
10001711,7.166666507720947
10003492,7.361111164093018
10006664,7.813333415985108
10001015,7.425000071525574
10001717,7.044444402058919
10001978,8.73888874053955
10000190,7.983333349227905
10001969,8.088888804117838
10001984,8.616666793823242
10000154,5.891666769981384
10000174,5.2499998807907104
10000197,8.873333358764649
10002726,8.480000114440918
10002905,7.846666717529297
10002920,6.755555629730225
10000185,8.77222235997518
10003253,7.041666626930237
10000215,8.716666539510092
10000198,8.866666793823242
10002784,9.049999713897705
10002822,8.849999904632568
10000206,8.847619192940849
10002714,5.293333530426025
10001597,6.733333110809326
10002916,7.926666736602783
10002857,8.811110814412435
10002928,7.924999952316284
10002835,6.744444688161214
10002827,8.466666460037231
10002791,8.483333587646484
10000216,8.416666746139526
10002799,6.800000071525574
10000209,8.653333473205567
10000210,8.608333349227905
10002755,8.833333492279053
10000234,9.53333330154419
10002886,9.600000381469727
10001274,7.053333282470703
10000238,6.516666650772095
10000194,7.008333325386047
10001966,5.9666666984558105
10000161,8.991666316986084
10002838,8.419999885559083
10000203,5.0583332777023315
10002828,8.45555591583252
10000152,5.913333415985107
10002844,8.399999856948853
10002858,8.833333015441895
10000248,7.806666851043701
10002729,5.960000038146973
10000208,8.353333663940429
10002725,8.475000143051147
10002876,7.424999952316284
10002758,5.141666531562805
10002900,7.566666603088379
10000156,5.673333263397216
10000199,6.433333396911621
10000175,6.586666774749756
10000229,8.699999809265137
10002802,8.680000114440919
10002940,8.416666507720947
10002731,9.505555788675943
10002792,8.494444688161215
10000245,7.691666841506958
10001735,7.9066667556762695
10001017,8.041666746139526
10003590,8.177777608235678
10001730,5.908333420753479
10003565,7.411111195882161
10003568,7.20555567741394
10003571,8.740000152587891
10001016,7.416666746139526
10000095,5.949999928474426
10001306,6.753333187103271
10000094,5.675000190734863
10003583,7.52222220102946
10002971,5.125
10005749,5.216666618982951
10002955,3.2444444497426352
10001310,8.60952363695417
10001298,5.672222216924031
10002958,6.973333358764648
10001295,6.173333263397216
10001294,6.6777777671813965
10006363,8.346666717529297
10002986,9.383333444595337
10003048,6.69444465637207
10000709,6.633333206176758
10001302,5.06666669845581
10003074,7.7833335399627686
10000733,9.394444624582926
10003107,7.585714340209961
10003056,8.072222232818604
10003054,8.280000114440918
10001008,9.899999856948853
10003117,8.258332967758179
10000719,8.173333358764648
10003062,8.34000015258789
10003064,7.7600000381469725
10003109,8.777777830759684
10000718,7.806666851043701
10000721,7.983333190282186
10005227,8.325000286102295
10006641,6.891666531562805
10003106,6.924999952316284
10006644,6.891666531562805
10003087,9.133333206176758
10001001,8.185714040483747
10002558,7.761904920850482
10003553,7.6000001430511475
10000098,7.408333420753479
10003556,7.520000076293945
10001138,7.066666603088379
10003558,7.577777862548828
10001141,7.893333435058594
10001147,7.47777779897054
10001132,6.886666774749756
10002671,8.816666603088379
10001921,8.125
10002687,8.083333373069763
10001142,7.950000047683716
10002697,7.458333373069763
10001922,8.125
10002685,7.308333516120911
10002676,7.449999928474426
10001129,7.927777846654256
10002691,7.106666564941406
10001128,6.383333444595337
10006651,7.3750001192092896
10001123,7.891666769981384
10001121,7.8222222328186035
10001118,7.483333349227905
10006652,7.2166666984558105
10001120,7.066666841506958
10006388,6.383333444595337
10006649,6.733333468437195
10003363,8.816666603088379
10000979,7.258333325386047
10003405,7.486666679382324
10001708,8.119999885559082
10001720,9.277777671813965
10003507,6.4722221692403155
10001530,4.196666622161866
10003505,8.59166669845581
10001716,7.008333325386047
10003515,8.108333587646484
10003496,7.538888851801555
10001713,6.227777560551961
10000836,14.133333325386047
10000850,12.0583336353302
10000851,12.0583336353302
10000817,4.391666769981384
10002341,12.111111005147299
10000249,8.616666555404663
10000785,7.859999942779541
10003260,6.539999961853027
10000786,6.726666450500488
10000857,11.7944442431132
10005282,6.566666603088379
10006347,3.474999964237213
10002322,8.111111243565878
10000811,10.358333349227905
10002353,7.946666812896728
10002349,5.724999904632568
10000790,7.900000095367432
10000847,10.604762077331543
10006217,7.199999968210856
10002340,9.841666460037231
10001023,7.713333320617676
10001786,7.858333349227905
10006147,5.333333373069763
10000879,4.474999904632568
10006958,7.991666913032532
10000059,7.47777779897054
10000841,12.053333282470703
10005299,6.866666674613953
10006532,4.983333349227905
10001522,7.0111111005147295
10000784,6.425000071525574
10000856,11.733333110809326
10006531,7.7250001430511475
10000902,4.091666758060455
10005253,10.849999904632568
10000838,5.100000023841858
10000844,11.774999976158142
10006184,7.458333373069763
10001933,6.813333511352539
10000861,10.127777894337973
10003626,7.4888888994852705
10003624,8.322222073872885
10000821,4.361111164093018
10006576,8.138888676961264
10004210,7.816666603088379
10001775,6.508333325386047
10001161,7.419999885559082
10005272,6.394444386164348
10001025,7.3416668176651
10004165,6.777777512868245
10004193,5.508333325386047
10001752,6.099999904632568
10001156,7.5916666984558105
10001778,7.611111005147298
10004226,5.920000076293945
10004190,7.149999976158142
10001771,7.600000023841858
10006580,7.608333349227905
10001776,6.508333325386047
10004170,7.433333396911621
10001763,7.094444354375203
10001749,7.1249998807907104
10002638,7.811110973358154
10001750,7.099999904632568
10001769,7.3500001430511475
10004213,6.708333373069763
10001784,7.566667079925537
10001782,7.0333333015441895
10004181,7.1333333651224775
10006584,6.408333420753479
10001802,6.1499998569488525
10001799,6.5
10004146,6.8416668176651
10003601,7.805555582046509
10004153,7.116666555404663
10006586,7.141666531562805
10003607,6.6333335638046265
10003602,7.224999904632568
10004219,7.28000020980835
10006591,7.9666664600372314
10004215,7.722222328186035
10006593,7.127777735392253
10004125,8.249999761581421
10004134,6.220000171661377
10001794,7.099999904632568
10004139,7.0000001192092896
10006585,7.233333349227905
10004118,5.973333263397217
10004127,8.249999761581421
10001743,6.2583335638046265
20000021,4.706666755676269
10001790,7.5933332443237305
10003769,4.920000076293945
10004122,6.73333330154419
10002995,8.000000190734863
10001249,4.708333134651184
10002996,7.822222312291463
10001246,2.9083333015441895
10001737,5.766666650772095
10003005,10.779999923706054
10001244,5.4416667222976685
10001960,4.933333237965901
10003799,5.300000054495675
10003004,10.074999809265137
20000020,5.755555470784505
10003131,5.677777846654256
10002290,5.6583331823349
20000040,7.833333492279053
10003192,8.219999885559082
10002281,7.093333339691162
10003195,6.6833332777023315
10002988,7.524999976158142
10002987,6.380000114440918
10006614,7.0111111005147295
10003166,6.2399999618530275
10003134,4.973333358764648
10003188,6.179999828338623
10003198,6.837500095367432
10002998,7.2166664600372314
10003145,6.280952589852469
10001496,5.483333349227905
10003423,8.15833330154419
10003200,6.575000166893005
10000756,7.490476199558803
10003233,8.255555788675943
10000754,7.358333349227905
10003208,5.7333332061767575
10003130,5.772222439448039
10006616,6.174999952316284
10003398,7.599999904632568
10003201,6.693333530426026
10000986,6.066666603088379
10000751,6.411111195882161
10000746,6.5
10000759,6.666666587193807
10005985,7.013333320617676
10006618,7.291666746139526
10003147,7.008333325386047
10003374,6.549999952316284
10003566,8.633333587646485
10003152,6.2611111005147295
10006960,8.324999809265137
10002630,7.22777795791626
10002436,9.739999961853027
10006638,8.541666746139526
10002957,2.066666603088379
10003149,6.005555550257365
10003144,6.28000020980835
10003204,5.854166626930237
10003125,6.677777608235677
10000765,6.2583335638046265
10002956,3.2444444497426352
10000728,8.691666603088379
10005750,3.283333420753479
10006622,6.191666603088379
10003073,7.673333263397216
10006379,8.066666722297668
10001297,5.049999952316284
10000729,8.066666603088379
10001492,7.6499998569488525
10006373,8.841666460037231
10006378,10.833333015441895
10006642,8.046666526794434
10006375,9.800000190734863
10003561,7.6000001430511475
10003554,7.675000190734863
10001303,5.0722222328186035
10003557,7.57333345413208
10006364,10.25
10006640,5.983333349227905
10006376,8.133333444595337
10001721,7.566666793823242
10001928,7.883333206176758
10002670,8.866666555404663
10006639,6.099999904632568
10001925,7.911111036936442
10003052,7.1944442590077715
10002668,7.486666679382324
10001137,7.808333516120911
10006654,6.416666746139526
10002658,6.480000019073486
10006653,7.52222220102946
10006648,7.975000023841858
10006662,6.606666564941406
10001275,7.277777777777778
10000176,6.526666736602783
10001926,8
10006656,7.6250001192092896
10002716,7.653333282470703
10000225,8.549999952316284
10000247,5.891666769981384
10006650,7.811111132303874
10001927,8.050000071525574
10000243,7.733333349227905
10002657,6.541666626930237
10001919,7.016666650772095
10000151,4.724999904632568
10001126,6.583333253860474
10002893,8.250000238418579
10000228,7.666666626930237
10000212,8.744444370269775
10000178,7.866666555404663
10002917,7.866666793823242
10000157,7.260000133514405
10002862,10.15000033378601
10000242,7.600000381469727
10002759,6.720000171661377
10000200,6.622222185134888
10000155,4.583333373069763
10000204,8.274999856948853
10000183,9.008333206176758
10000213,8.53333306312561
10000241,7.600000301996867
10002885,9.650000095367432
10000180,5.516666650772095
10002845,8.449999809265137
10000224,8.45999984741211
10000251,9.219999885559082
10002817,7.23333330154419
10002713,5.300000190734863
10000195,7.350000023841858
10000223,7.7583335638046265
10002897,8.40833306312561
10001286,8.541666746139526
10002723,8.244444370269775
10002803,8.84166693687439
10001979,8.483333110809326
10003468,5.808333396911621
10001706,8.550000031789144
10003546,7.2399999618530275
10006657,9.333333253860474
10002617,5.771428448813302
10006660,7.8333333969116214
10003464,8.33888864517212
10002377,6.724999785423279
10001705,8.74666690826416
10003479,6.433333396911621
10006971,7.108333468437195
10000923,6.566666793823242
10003465,8.03333314259847
10003324,6.888888835906982
10003268,6.691666483879089
10001598,6.899999777475993
10003327,6.744444529215495
10001603,6.741666793823242
10003316,6.925000071525574
10001590,6.5333333015441895
10003475,5.206666469573975
10003483,3.7333333492279053
10001573,6.483333349227905
10001575,6.644444306691487
10006672,7.316666841506958
10006670,5.89333324432373
10003460,9.90833306312561
10001588,7
10007016,5.175000071525574
10003333,7.225000023841858
10001116,6.388888994852702
10003282,7.340000057220459
10001676,4.249999940395355
10006666,5.991666674613953
10001684,4.340000057220459
10001677,6.159259213341607
10006992,6.833333492279053
10002506,7.122222105662028
10000987,2.844444433848063
10002479,4.849999785423279
10001690,3.386666774749756
10002491,2.8583332896232605
10001687,5.695238181522915
10005990,4.475000023841858
10006668,3.38666672706604
10001696,8.346666717529297
10002613,9.324999809265137
10000998,7.505555550257365
10002380,7.358333468437195
10002497,3.7066667079925537
10001009,9.775000095367432
10002606,8.824999809265137
10000995,7.900000095367432
10002531,6.5333333015441895
10002589,8.574999809265137
10002569,8.694444497426352
10002568,8.746666717529298
10006146,6.9666666984558105
10000041,7.288889090220134
10001108,7.311111132303874
10000053,8.286666679382325
10002471,6.1066666603088375
10000055,6.273333549499512
10006189,6.1583331823349
10000056,8.153333473205567
10000025,7.146666717529297
10001879,6.786666774749756
10003787,4.724999904632568
10002425,9.400000095367432
10003781,5.958333373069763
10005640,6.946666717529297
10005978,6.908333420753479
10006349,9.433333396911621
10003774,4.659999942779541
10003773,4.758333325386047
10003352,9.799999872843424
10006611,4.791666626930237
10006610,7.2499998807907104
10003412,9.94444481531779
10003996,8.349999904632568
10006603,6.549999952316284
10004002,7.483333349227905
10004017,6.2600000381469725
10004004,7.361111164093018
10004006,7.683333516120911
10003993,7.372222185134888
10004007,7.706666755676269
10001516,6.4666666984558105
10001515,6.038888851801555
10006602,6.316666841506958
10001512,6.388888835906982
10001518,6.28571435383388
10004005,7.27333345413208
10006598,8.049999952316284
10006600,7.758333444595337
10004003,8.500000190734863
10003990,8.946666526794434
10006601,5.8083332777023315
10002305,6.1533331871032715
10006604,6.326666641235351
10006608,6.4083331823349
10006607,6.633333206176758
10002300,8.174999952316284
10006609,6.791666626930237
10006599,6.141666531562805
10002298,8.319999885559081
