FACILITYID,trafficProx
10004639,603.7515809659095
10000450,214.5614294327476
10006936,0
10004024,0
10004650,16168.671419223363
10006939,254.27379569922502
10006303,0
10001082,78.66642447739808
10001091,84.20262065940614
10000356,42.23351543226004
10003943,11.277470324965284
10002237,0
10001866,455.76835012112673
10000630,265.95947094066673
10001077,87.57592611302313
10001087,0
10001100,5.082356491967689
10006663,0
10006658,2.5451155435538166
10006541,65.7030106298262
10001089,137.17884697298035
10005639,139.6162247887098
10001856,1067.5764374335477
10006643,0
10004286,0
10003486,55.037016165517855
10003587,0
10003472,748.7781777530975
10005043,0
10000360,0
10003891,33.82512294369005
10004517,0
10006331,0
10004522,45.064746093046054
10000295,55.268006112261894
10003878,390.6100229150852
10003461,90.74437239038339
10000917,4194.06960090066
10003453,125.19983705167162
10000023,0
10000312,61.66338594676384
10002115,137.8297364287562
10003911,80.40956425945271
10006510,0
10004525,26.643223869620403
10001550,2653.9624652848015
10005208,25.826512298102333
10006354,0
10001636,0
10001614,35.69551628767258
10001552,3485.6919936834443
10003900,412.58257034326095
10006353,0
10002364,487.51100038819743
10004035,4369.8288186720265
10001569,188.63440886059868
10004491,258.1377428621864
10000918,3701.689471510443
10001543,57.35273286344496
10001548,0
10000919,55.892894059241584
10002146,0
10002134,0
10001559,0
10001542,231.44824899690653
10004740,0
10004027,0
10000060,0
10004028,4.93456840359004
10005832,266.03398433591013
10000417,0
10000915,70.63958137836649
10000474,0
10000445,0
10006548,0
10006329,0
10000533,116.69859104663875
10000492,0
10002176,0
10000409,0
10006208,0
10001555,785.1409550243412
10002152,0
10001574,0
10002223,166.13088219984917
10001448,130.58833329992024
10000509,0
10001437,406.64044857539193
10004586,37.57398744290966
10004556,0
10000433,0
10001176,0
10006168,0
10002225,0
10004585,0
10004239,0
10000413,0
10001042,25.421392456779763
10001936,168.95355729793803
10004580,0
10006297,121.11113671668843
10001867,160.80136273255042
10001061,38.94461715432552
10001166,0
10000438,0
10006511,101.67048266695265
10000187,0
10002941,0
10006328,0
10001068,0
10000186,0
10000205,0
10004903,0
10000285,121.909743869056
20000140,100.0372575932689
10004256,67.33389513923049
10004895,0
20000201,243.29835780061887
10004822,69.18894905190749
10003759,0
10000099,0
10001072,119.3321564145366
10006203,0
10001051,0
10006382,971.9749631083163
10003203,0
10001748,0
10000292,57.773116651417006
10006176,0
10000123,0
10006333,31.059958756751847
10004168,0
10001760,0
10000314,0
10002106,0
10006153,240.24938879401824
10002129,0
10003618,473.73999890177026
10003973,0
10000580,0
10001421,0
10001980,0
10006661,0
10000378,0
10004496,89.13798206440472
10000297,0
10000323,18.5329588312886
10005199,154.351652604497
10000284,0
10000303,0
10000565,46.49549747896627
10000496,0
10002137,18.76358646568002
10002108,0
10000304,46.36602895951632
10000310,0
10001975,23.27788664909996
10000283,0
10000601,0
10000258,14.605196233874878
10000579,0
10002126,0
10004453,0
10000582,0
10006542,0
10000318,0
20000200,0
10003952,0
10001391,9.943050843920737
10005201,0
10004724,593.2972934190516
10000639,643.890350959171
10003386,0
10002142,0
10004514,0
10001040,0
10000925,0
10001593,0
10002088,0
10000226,35.53960428575554
10002095,320.57467348252993
10001362,21.24009641393118
10000277,353.1184786650822
10000272,49.65530441616487
10001389,96.58923653557791
10000694,0
10001386,257.0796003136834
10003824,11.197580170943304
10001341,0
10004594,0
10004647,2252.536964947446
10006385,0
10002872,942.7444644493155
10005771,0
10000274,98.98574823371327
10002701,0
10001383,54.042516213768394
10001457,435.10795797579107
10003076,0
10005124,163.24942213456893
10000264,18.059531400172236
10004592,0
10004593,0
10003978,49.401776399233356
10006179,10.635407778822353
10001214,0
10001223,22.02877683669104
10000149,0
10001957,0
10000132,0
10000140,0
10000142,0
10000278,45.9275557409331
10001226,21.1172236656206
10004622,1007.7020776113251
10003698,920.4334224020675
10000139,0
10000129,0
10000864,0
10006334,0
10001191,0
10003721,21.349909768806818
10001209,0
10003710,0
10003728,0
10006241,139.19751972794796
10000146,20.975249177765768
10000143,0
10000150,576.1840394250418
10001222,16.451409048267085
10000124,0
10000127,0
10000355,187.8548349974816
10003732,0
10006524,0
10001345,0
10003736,0
10001180,0
10000079,59.72698302174873
10001185,0
10001183,0
10003083,0
10004339,0
10003712,484.7343572523189
10001582,109.39945722232457
10001182,0
10003307,0
10006522,6.932759567425175
10001173,0
10000083,0
10003308,0
10006529,202.29942740081066
10001187,0
10001172,0
10001175,0
10004335,20.708867320850747
10006525,0
10001909,561.0187656579619
10001178,1862.1754708248247
10000262,20.387747275124546
10006526,445.68209957026
10000621,0
10000087,311.1796616150791
10000081,237.5063406643879
10001578,0
10000439,0
10000090,0
10001318,0
10006528,116.6440236670551
10000941,0
10002066,195.60041454702696
10000043,0
10001330,129.84571523360574
10002117,437.9306137873911
10002248,0
10001090,0
10001099,6.248437133133629
10000605,229.6470850303989
10001080,0
10005863,0
10001096,23.25366024902915
10002246,1182.388670209073
10004633,294.9637661864321
10002105,0
10006311,0
10006544,0
10001853,0
10001949,69.83360388170553
10001869,0
10000576,0
10002228,0
10001745,8.359061209524926
10001181,0
10002204,565.8141409931433
10000683,0
10002217,0
10000572,0
20000220,97.9085114115926
10000682,42.785070618464
10000685,908.2493831173699
10000676,78.6993223171874
10000662,33.01400147135423
10000644,53.77807251978675
10002401,958.2972289241927
10002399,103.17929267777696
10006633,1997.907763358864
10000660,22.632696313715847
10002400,1818.827359894803
10005380,415.4665292841703
10000652,0
10000678,0
10000695,0
10004734,0
10000665,0
10002395,0
10002258,65.91050268006516
10000677,245.567925449764
10000669,43.79620159638532
10002396,0
10000646,0
10000674,14.684951111287003
10000688,36.36549174880763
10002259,536.6029813580461
10000720,0
10000672,13.133887125089524
10000708,168.78047498236634
10006352,0
10000707,327.9986949321757
10000664,0
10000336,0
10000673,31.680854250079665
10000771,0
10002153,0
10000422,0
10004712,0
10000693,35.13041680384763
10000368,50.026057428473955
10000339,0
10001065,455.5895633490477
10004575,0
10004555,0
10004920,0
10000395,37.72711740229303
10001054,0
10001060,128.19752109126108
10000396,15.234629372946186
10001075,19.545026496609836
10001071,193.0750007377903
10000585,0
10000432,0
10001059,59.48415928177234
10003012,0
10006309,89.5411119653448
10001073,29.676358904016418
10003002,0
10000560,132.2654765525887
10002997,0
10003006,0
10002192,27.755825547730332
10000562,228.2087025265665
10002210,0
10004913,0
10000261,1125.4258118304517
10002843,0
10000385,0
10001063,0
10000414,217.42777061413204
10005258,0
10001052,84.89454068514894
10002991,0
10000428,25.993842982380684
10000260,1240.5106148990392
10000384,0
10000871,648.5961751856242
10000949,500.6237513386175
10000430,43.7600878703704
10000329,126.84872318330166
10004747,0
10001045,13.427564151520238
10006290,0
10004094,0
10001907,0
10005933,377.9315923874584
10002187,0
10003000,0
10000546,0
10005599,40.03419376716986
10000259,25.592742849321727
10000467,210.7035589008616
10006613,1045.994388077893
10000691,0
10003008,0
10000460,592.9968435326832
10000504,15.146075636584145
10000658,51.793797703514606
10006167,0
20000240,0
10005267,0
10000633,0
10005319,0
10005362,0
10000308,0
10001041,0
10000840,4151.152152007238
10005275,0
10000642,0
10004852,0
10004527,15.903451011701026
10000653,212.12653103990428
10000545,0
10004812,10.800368334456385
10003928,10.625835574550678
10001030,0
10001028,4.984000356035133
10001162,0
10002488,307.0853603020522
10000874,1599.8609597499467
10000689,0
10006350,0
10002121,1830.3508072225106
10001033,162.70856407200026
10006209,38.06658956305945
10000671,49.97259028718197
10001050,0
10002102,0
10004505,6.22153505468442
10000655,31.101986979513516
10000319,0
10004616,0
10001605,153.56575837777308
10001972,0
10000084,0
10003678,149.32487740120823
10006326,0
10006327,0
10006596,710.9565234386887
10003647,46.23749875493581
10000503,19.315007234040664
10000361,0
10000518,403.4237710549068
10004312,347.84857046738944
10000403,0
10000382,0
10006210,0
10000647,0
10000667,0
10000457,0
10006597,700.9637008320186
10000455,0
10000687,0
10000635,1781.7321606752294
10006389,150.33205010527615
10004667,613.6133136615597
10006351,0
10000641,81.89295038368216
10000657,369.316561608524
10004677,4.345766632865302
10005054,318.3303143987028
10000263,0
10001325,389.50399154180985
10001319,42.21408086664039
10001333,14.94664701988298
10001062,18.45372280708503
10004176,0
10001067,0
10001236,0
10003680,0
10001944,477.7225349537018
10000316,0
10006749,0
10000320,6.824076986847718
10000325,0
10006339,0
10002138,0
10006154,0
10002144,0
10003880,53.84907327383127
10004497,0
10001415,55.69420374396031
10006453,0
10006322,0
10001759,0
10000309,0
10002147,298.83152617154775
10000307,0
10000328,0
10004216,0
10004177,137.58458875301758
10004487,0
10002139,0
10000116,0
10000120,0
10002118,242.2511041190618
10000293,39.202577016285616
10001424,0
10004551,0
10005188,0
10000302,8.451468386781592
10002136,44.4682756898356
10006344,124.15940472920317
10003650,122.47924224897788
10006345,565.2596334876047
10001801,322.7253304259971
10000117,0
10001411,303.2081332024985
10004534,0
10001095,706.4023682672286
10001426,185.05950177970678
10000103,0
10004500,365.9953009640603
10005191,0
10001788,0
10000636,63.183072928572756
10004173,793.5877227417593
10004183,0
10001747,0
10001753,90.58465182921329
10000638,443.32956225606205
10000128,0
10003694,0
10003691,0
10001793,0
10003692,0
10000948,0
10001777,92.37984067813146
10006582,0
10000126,0
10003690,0
10000442,0
10000972,0
10001021,0
10004619,419.685358200676
10000471,254.47284769473458
10004174,548.9948637454519
10000967,0
10000960,0
10002416,0
10000971,79.63219150404575
10000963,0
20000261,0
20000262,0
10002165,0
10004657,0
20000260,0
10002097,5.5255163588141345
10002206,230.02965393420504
10006564,67.03753109765353
10000449,235.0017135207459
10002096,341.99457204492876
10002600,1857.815418307679
10001632,0
10002560,0
10001609,20.767173556279925
10004068,0
10001630,0
10005841,37.637147051267775
10001608,45.5848926666638
10005864,0
10005865,0
10006556,0
10004060,772.9676577426851
10004185,34.07268159765091
10005867,32.50500978411536
10005848,406.3320361696535
10001768,761.2273331877116
10006216,37.77724521957052
10011326,24.925193095582433
10000954,0
10001815,1090.407724866484
10004259,0
10000508,0
10004260,0
10006567,0
10005263,0
10006568,0
10004651,220.10760058473068
10000388,0
10001751,0
10002174,0
10006348,0
10003864,0
10003861,781.3792115877604
10000459,0
10004614,0
10000498,0
10004204,151.32956451163005
10004444,0
10002101,697.9170978217016
10006535,110.8574182932523
10001393,0
10004451,2.237219483373033
10000282,20.1416194552134
10000374,206.4155076022883
10000281,974.8320143058938
10002182,0
10002098,2.036005930009644
10000480,0
10004611,577.8496046933619
10002178,527.4643036122195
10004188,77.7860707283391
10004567,0
10006383,5359.661856895085
10006324,193.19214626193906
10001401,874.738817572804
10004449,0
10001022,58.58055620445389
10004612,0
10001392,227.4329542850188
10001396,114.20106342923823
10001547,0
20000263,0
10000252,72.31322467502919
10001546,0
10002510,443.0956951851923
20000264,0
10002359,51.63275892148049
10001560,52.44767731354402
10006536,0
10004656,798.3366236609422
10000772,0
10006537,0
10001616,4581.229054507185
10006380,344.54453331463714
10000990,0
10003592,205.13985432944975
10003572,75.10167953922009
10003047,18.728963919768518
10001697,129.17089276009563
10002579,0
10000122,0
10004034,4521.042261581631
10002556,0
20000280,2140.170349594926
10000101,0
10001170,0
10000109,0
10006315,35.15918063775879
10000112,0
10000115,0
10003645,48.07422348143571
10000980,0
10000110,0
10003638,311.9140830466653
10000121,0
10003651,0
10000106,0
10006314,0
10000107,0
10000102,0
10004327,0
10000017,0
10002301,69.47550764772828
10000737,52.73705266998633
10001044,0
10005222,1137.3640755548015
10001043,38.75418819002902
10001145,0
10001830,0
10001034,37.73728236622001
10001031,79.92544779758087
10001729,0
10001832,0
10000463,953.3139094321612
10001048,408.7009846409318
10001544,314.14337238717695
10001732,0
10001733,0
10003121,40.975554964124676
10004015,80.84122409778918
10000814,0
10003077,56.689482668183786
10003082,0
10001133,47.60593234158353
10001150,625.132736224372
10002688,0
10002347,0
10002348,0
10001458,32.51031950018848
10004606,3216.290912231548
10000519,355.5428847872041
10002629,1144.9393481040122
10001722,12.181773422063792
10002361,5978.307302034511
10001652,0
10001519,135.9282383155263
10001566,0
10006310,72.05308407291493
10005361,227.81634245848903
10006205,0
10003580,0
10000461,37.55707189787209
10003584,350.4191730850661
10002689,0
10003387,64.69213710191
10001143,0
10000244,0
10000237,0
10000211,481.7373108911501
10001163,0
10002692,11.838015103115481
10001811,0
10006201,0
10002330,27.17035163493351
10003598,0
10001812,0
10001435,15.83181557181549
10000118,0
10006198,0
10003135,0
10001301,0
10003068,0
10002800,7.740437876721352
10003652,0
10001125,117.62466878179626
10001283,0
20000300,7835.9860599799995
10000863,0
10003385,0
10000833,60.84542749704521
10003764,25.757455037154937
10000831,130.04736789640916
10003614,0
10001135,18.05083958922906
10000627,0
10006180,5.578395447439864
10003069,0
10001134,0
10003070,0
10000887,0
10000867,0
10001875,0
10006199,0
10000806,0
10000892,2634.5682408357397
10006193,0
10006299,0
10001146,0
10000935,42.61106944327733
10006171,0
10001873,530.433987589109
10006944,0
10001938,0
10002693,6.240349836454283
10001382,375.35906240754446
10000044,0
10005303,25.0610885373451
10003757,2801.1592368937736
10006196,45.01038305345658
10005261,0
10001238,162.65643997898016
10001346,0
10006374,8321.579307799797
10006200,0
10000006,0
10006177,0
10006175,0
10000100,0
10006178,0
10001165,16.213712293753197
10001958,0
10000004,47.642893240334644
10006152,0
10000613,0
10003615,0
10000624,0
10000141,0
10005694,19.455439965172125
10000603,0
10006173,0
10006174,0
10000257,0
10000136,21.177983972128324
10003616,0
10004922,0
10006194,0
10006148,0
10001761,0
10004008,2.264488430628898
10000830,0
10000832,31.06684698206838
10000581,0
10005378,0
10000770,34.36793429428514
10000456,0
10000338,0
10003202,0
10004595,0
10001633,161.02200575666973
10001265,442.3206535096136
10004241,0
10001320,0
10004921,10.90794550557881
10003017,212.42440596194623
10004923,48.16018825953829
10006195,11.372951672922195
10004023,0
10004019,0
10004095,0
10004447,0
10001520,0
10002323,181.4948664485826
10004446,0
10000679,108.66635277013226
10001728,34.142470756206066
10003578,0
10001727,10.900704849032369
10000189,30.39288897610783
10000680,14.515395309692845
10000550,489.78743932919144
10006172,0
10003066,23.98139183814401
10006512,203.6480912232012
10000712,0
10003084,0
10001470,527.3060196229635
10000713,0
10003067,0
10001484,0
10004732,0
10003116,1763.5373200829606
10003229,6062.170604055571
10003075,0
10003662,0
10000955,0
10004330,0
10004331,0
10001029,55.648679403168934
10004089,0
10001337,129.62567189373647
10001941,72.80794346725261
10006197,0
10000968,0
10004659,363.581251025952
10000956,0
10000659,20.210803272018847
10001678,144.9047844496755
10006508,7.30722404295349
10000119,0
10001940,21.46805557757753
10001459,261.8520511202924
10000632,0
10002245,3490.608634894145
10003330,0
10000606,662.2382397722646
10000994,0
10002968,213.93729927172984
10002190,3343.264517053573
10001375,244.580148843367
10002135,27.643181208861794
10011321,69.28012495262372
10002084,58.61784349499449
10003826,59.81460177165473
10004646,0
10001387,102.75859578360402
10001366,76.17071321983921
10001342,73.32376940580926
10000273,54.97883619281814
10001357,61.385504102475316
10001364,12.658259024797397
10003846,252.45755822688335
10002287,0
10000269,221.26356934233112
10000267,12.65412682907185
10001361,0
10003818,0
10003165,13.486276250479017
10003136,0
10002908,53.01065852063033
10002964,24.696270217455243
10011319,0
10006211,0
10005784,0
10001324,615.3708462272114
10001322,0
10001331,35.39206724224211
10006549,129.17624652145003
10001631,131.48136672191725
10001617,11.791667961426699
10001626,0
10004043,23.337471927124138
10001606,244.9287621345538
10002405,0
10000942,0
10001624,80.07663531807619
10001612,203.18727872796504
10001622,0
10001615,25.246867608817716
10004065,0
10005849,0
10006558,54.2463906855494
10001216,795.234659775619
10003156,0
10001204,619.1234000088101
10000078,0
10001199,45.39074142284282
10001218,0
10004248,255.51098179005507
10000070,0
10000085,0
10006523,0
10001221,33.52183012762953
10001197,0
10006679,396.8968739117793
10000075,0
10006560,736.6712307777202
10000076,102.20322642610064
10006561,98.08453110496055
10000088,0
10001619,13.095174777937087
10006381,0
10000066,0
10000065,0
10000069,0
10000080,61.40497861166199
10001821,26.525825085812798
10001906,0
10001910,0
10001908,0
10000062,232.8856836366329
10004244,0
10001816,57.25103783616739
10001584,61.40375062680828
10000144,0
10001954,0
10004645,14.859941206783153
10001974,190.92625423559508
10000165,0
10006298,0
10005114,4.432555635452197
10000163,97.65082141354077
10006238,0
10001585,29.025595818359513
10000172,362.98718731709647
10002913,0
10002914,0
10000135,326.6539007875538
10003329,0
10001210,91.64233383656568
10001241,0
10000600,0
10003542,20.08888592484128
10001718,17.404617436677917
10001989,0
10000598,0
10002860,0
10001990,0
10002249,0
10003758,16.385237405502387
10001242,178.2148080175279
10001232,48.61209197231514
10000622,40.07428224031662
10000595,3.2588988615273515
10006519,0
10005113,9.943554177307416
10006365,511.9476294595888
10001240,0
10000330,0
10006386,0
10001239,450.95376326299527
10001235,27.216714280545688
10001237,0
10000510,38.29528219212699
10000618,41.212071678823726
10000542,351.62155727621507
10001279,108.53219985220153
10000370,0
10000191,94.68095970925835
10000365,22.09981894339928
10000327,30.958036526319017
10006655,0
10001586,13.56456462103069
10004255,0
10003160,346.16999878106003
10001804,0
10003579,0
10000577,0
10001808,6.664862875355757
10002949,0
10003793,0
10006515,0
10006305,0
10006308,0
10003175,0
10000628,0
10002247,1078.2959795851045
10000561,96.19324878327822
10000567,0
10004264,275.06689755777876
10000573,59.25625940371964
10000512,25.684958558562155
10006321,0
10002227,0
10000587,56.00382937744259
10000593,0
10000578,126.39475648991396
10000554,12.642776665477395
10003124,18.032298125354465
10000089,0
10000569,0
10000557,0
10000586,63.66253577888902
10001807,0
10000575,0
10000588,55.15478225630362
10002945,0
10003227,2542.4455383495338
10003196,0
10002230,75.81619793343008
10000375,777.7434822734571
10006505,0
10000934,0
10000937,75.10467009974249
10000540,748.8488346484577
10002398,323.54872405282777
10000564,76.46458733199553
10000761,40.023237224405044
10006304,40.42459971614605
10001820,28.739545725398358
10000933,49.67503754322283
10000928,0
10004018,0
10000927,16.064764236005743
10000939,109.17627242636931
10000699,66.3087679803112
10000219,83.17220698021967
10001734,3.0900115477702297
20000141,1290.6158389041989
10002262,0
20000142,0
10003591,0
10002397,0
10000926,578.9033971694574
10002226,0
10000357,0
10001647,0
20000903,0
10000703,602.8368427627752
20000902,0
10004608,534.9443989258106
10000702,308.8844014104261
10000705,166.27577651725684
10004625,0
10002260,622.5784011158598
10003962,0
10000351,0
10005219,591.3998899339424
10000429,14.052217147345512
10000706,818.180480806251
10000381,0
10006206,0
10000418,0
10003585,67.86937076898647
10000444,0
10000419,0
10006207,0
10000394,87.09885517259241
10001504,0
10000763,0
10002261,0
10004574,0
10000701,45.00143858251571
10003140,30.50463444632099
10000494,0
10000465,47.92413470348456
10000453,80.76440260304955
10000437,0
10000420,0
10000440,0
10003127,0
10000473,0
10000745,360.5794880775155
10000744,0
10003141,0
10003128,0
10002177,0
10000757,0
10004576,0
10000441,0
10000760,68.23394022317025
10003210,42.016834762068825
10004557,0
10003132,39.24896574545528
10003122,22.814321196939304
10003189,0
10002175,0
10004615,0
10004558,0
10000548,0
10000337,0
10004628,32.537639935207345
10007015,2180.9616013622394
10000412,0
10001450,32.88624688979057
10000481,0
10000334,0
10000377,102.19556057356564
10000528,541.5955312041214
10000392,0
10000347,233.42149360623216
10004627,53.42142365302404
10000464,142.47004762958287
10006617,0
10000495,0
10003948,65.56095957107553
10000531,269.45424465773976
10000547,0
10004571,1089.7701920426084
10000435,95.6882860434252
10000333,0
10004649,1203.4924834061203
10001460,210.52890384077836
10000478,175.67695455018108
10000448,129.3378424778941
10000246,0
10000544,421.9729615904543
10004461,0
10003197,0
10003957,0
10003146,0
10004569,35.19505374447998
10004476,315.94767111770597
10001454,0
10004577,171.74375821349417
10000400,47.269214142220726
10004591,0
10003389,22.66221625044819
10000350,0
10001233,0
10002244,418.8173791368306
10000752,0
10001231,54.51246530294576
10003761,0
10006312,122.04534219688249
10006620,225.07610239262812
10002428,0
10000182,403.672129372491
10000369,0
10000750,0
10006509,0
10001445,0
10003950,384.9367598585623
10000253,0
10000332,0
10003974,0
10006621,0
10003424,22.604372710023487
10002469,2951.2455798028654
10002233,0
20000441,0
20000440,0
20000460,78.79678167747522
10005242,28.704933574810905
10002294,1269.0732458098953
20000480,0
10002980,0
10003213,10.825461434825217
10003958,0
10003955,0
10006697,0
10000762,0
10002463,34.297617723472854
10003969,0
10006377,965.1230733144341
10006219,127.29380160110354
10002184,0
10002157,102.39868249179821
10000363,49.12207514548334
10000352,0
10004632,0
10004565,0
10000472,0
10004600,0
10006678,611.2441156685218
10000353,0
10004618,0
10004554,0
10000527,514.2262145825434
10004564,0
10006337,0
10000399,0
20000180,1192.1470150971088
10000072,0
10000485,273.8859627160731
10006534,0
10000515,213.919414028708
10000390,0
10004062,0
10004044,0
10006562,0
10006563,225.85123601405922
10000424,0
10001860,1296.2533348631391
10006387,725.9028258295053
10004053,13.322153360141295
10006170,0
10006557,10.6526300470223
10001186,180.0550777971711
10000077,0
10003611,19.907841099740118
10006336,241.53285052689438
10001177,1877.7360157257356
10000380,0
10006837,1193.3580064071632
10006623,50.97148172880276
10001184,24.465511165275256
10004655,0
10002455,0
10001681,0
10006543,0
10006520,95.12740549992687
10001679,0
10002440,775.6638460998447
10002460,5969.532388014119
10002459,1418.4467763238345
10003639,700.5693924268782
10000111,0
10002493,10.149184309747568
10006538,0
10002470,1324.255066305521
10003995,57.48219209459522
10002861,135.83954558018192
10002472,3079.1875282927354
10002505,186.9181212483506
10007011,27.485564943023693
10002923,1129.7593517471041
10005861,0
10003934,0
10002250,0
10005866,0
10005862,0
10002476,0
10004070,75.4398337776435
10004050,11.16845728720819
10002020,0
10006955,85.3366495680755
10004475,315.6996030369488
10004598,1615.0595650309394
10001078,492.13864081711426
10002485,0
10002492,0
10004515,0
10001862,0
10001861,37.636440293773596
10001093,512.4656937266363
10001871,115.27818238219017
10001423,158.413066022161
10001852,80.21815627484983
10001863,47.347504508187434
10001414,107.76083812027083
10002656,235.72301395175995
10001432,0
10004952,267.50480881383214
10001914,831.8439935991414
10001404,0
10001384,0
10004032,961.5688489134269
10001918,7.86919478634316
10001913,0
10006565,42.13721087919072
10006546,6284.939912849528
10001556,0
10001557,0
10006667,131.9831495537186
10003794,0
10004040,0
10003775,0
10002362,70.2679250400989
10000976,0
10001601,0
10003415,13.057364365560463
10003795,0
10003392,6.507112746425846
10006612,234.2079814756976
10003783,1196.4442999410662
10005130,171.23370064504275
10003603,31.58467746615596
10006588,36.947240777837806
10001725,0
10006587,93.55115341652925
10006589,83.68432584542947
10006590,378.72067993836765
10006592,205.5039535832642
10006573,0
10001572,0
10000981,14.846367833584795
10000924,0
10001596,81.98370259389637
10003255,0
10001579,0
10001592,0
10001589,0
10003310,0
10001594,0
10003289,0
10003278,1253.4136070399065
10001591,0
10003320,154.12648083466254
10003284,82.49200237040716
10003256,0
10005834,0
10006218,18.214836527797182
10003247,0
10001581,0
10002640,0
10001787,0
10004159,0
10004157,0
10004197,196.47967377606588
10001754,0
10001027,93.7201727147285
10001770,0
10004184,78.6718315769401
10000991,0
10006583,0
10003376,81.5277122612393
10003372,0
10006966,0
10006968,0
10006969,114.7788144096083
10000092,6.643185397981659
10006987,113.05683373296327
10005949,265.1210916908416
10006995,326.11524133582606
10006990,323.573624833859
10007019,167.59409494547873
10006994,0
10003383,74.9091678311223
10006997,103.1969268369886
10006669,4314.918603900201
10000999,5.92863765603538
10001007,1411.9351855275756
10002605,29.11426699338395
10002564,0
10000993,0
10001004,0
10001005,0
10002608,151.48237111924453
10002537,0
10002591,0
10006624,0
10003425,0
10006384,143.89067306988173
10003331,0
10006605,0
10006606,74.99482605608364
10003262,0
10001583,0
10000984,83.08566716720914
10003342,13.19543780966299
10003348,3247.1815466069233
10003413,776.0321964755271
10003370,65.09880704920378
10000826,18.14213590764582
10002345,168.99740840206894
10000852,0
10001293,33.777954700650795
10000824,7.35814856175758
10000992,1026.4403261192954
10001003,0
10002431,0
10000825,0
10003350,359.836851294985
10003362,0
10003432,47.92737494523721
10002570,15.715445641020596
10003414,0
10003434,313.7842517010185
10003377,6.3980138446602615
10000801,0
10003369,260.23983467472715
10003356,0
10006185,64.20423092446987
10002346,0
10003390,21.496264935650558
10003354,0
10003411,1895.1894711461885
10003381,117.95966391632007
10003419,35.18188735010912
10002571,70.57088874931577
10002522,0
10002517,0
10001002,197.41914671364952
10003365,372.2706879467154
10000988,0
10002607,25.247470478270532
10001000,111.27409639207042
10006671,0
10003445,50.86606974685713
10003378,54.56642881689328
10000869,0
10002309,49.201877142321486
10000822,191.1213454692932
10000810,0
10000802,0
10005251,0
10000858,0
10006530,70.06535075623842
10000982,53.421802711739495
10003397,26.446465337659074
10005248,0
10003357,0
10000904,0
10005252,0
10005290,0
10000905,0
10002432,0
10003433,0
10005305,0
10002310,0
10000878,0
10000855,362.8612995063353
10006204,0
10000789,0
10000774,0
10005328,0
10000901,0
10005264,0
10006186,3047.7663423719573
10000793,0
10000050,130.63447519644745
10005324,0
10000014,2480.4469442904283
10000010,34.716352916149454
10003367,17.750718861841253
10000013,977.5660036697632
10005256,0
10000877,0
10003209,139.3330292970523
10006615,10.79468817461402
10000983,0
10003349,0
10000196,0
10001489,0
10001931,0
10003444,0
10005283,0
10000037,647.0709437451005
10000002,906.0059378579504
10006191,498.72194768714417
10000042,169.36233324975507
10006674,0
10001102,0
10001106,0
10006192,25.84683481238602
10006673,531.4860907627797
10000033,155.58629476953243
10000028,0
10003595,204.4620250271163
10000799,0
10001731,9.39907448125182
10000057,16.243097362625353
10005642,75.31917932439355
10001739,482.9126154669857
10004126,0
10006595,26.72610563249272
10001738,0
10001742,0
10004137,122.4197731054633
10004138,25.480163965627558
10004140,0
10006594,59.238537229419904
10001977,11.332104851935483
10005273,0
10000780,56.406309314044854
10002344,370.5900436966433
10001158,403.00100996384685
10000220,0
10006300,0
10006575,0
10006574,0
10003625,0
10006572,0
10001155,0
10000782,19.93040028911134
10003629,29.8068559819278
10001154,42.45169988219486
10006578,993.0327517509577
10006571,0
10003628,0
10006581,664.7867482493149
10001766,220.81238320847328
10001798,0
10004194,0
10002633,0
10001709,0
10001014,0
10003538,0
10001711,0
10003492,0
10006664,0
10001015,0
10001717,0
10001978,0
10000190,0
10001969,0
10001984,56.869992776526715
10000154,14.663514102190616
10000174,0
10000197,0
10002726,0
10002905,0
10002920,0
10000185,0
10003253,0
10000215,0
10000198,0
10002784,0
10002822,0
10000206,0
10002714,14.835865503539234
10001597,0
10002916,0
10002857,23.4290766065257
10002928,0
10002835,0
10002827,0
10002791,40.87659909481363
10000216,5.709822381838042
10002799,22.473620239649254
10000209,346.07718112118806
10000210,100.37343319189011
10002755,420.040929793852
10000234,0
10002886,178.00732012000682
10001274,65.78705143065883
10000238,0
10000194,20.68898723199483
10001966,0
10000161,0
10002838,0
10000203,0
10002828,21.017996461406497
10000152,0
10002844,0
10002858,266.1946341770845
10000248,0
10002729,31.34540575089842
10000208,0
10002725,0
10002876,50.651411399053174
10002758,0
10002900,0
10000156,0
10000199,15.80378677410801
10000175,0
10000229,11.279102519224669
10002802,0
10002940,0
10002731,0
10002792,55.430249342808146
10000245,0
10001735,0
10001017,0
10003590,141.4256367762962
10001730,54.71382722598627
10003565,0
10003568,0
10003571,0
10001016,0
10000095,48.103484093484624
10001306,36.718414046553654
10000094,68.47397533382873
10003583,0
10002971,178.61306578351767
10005749,0
10002955,0
10001310,0
10001298,39.03071685146089
10002958,23.646418280031444
10001295,0
10001294,192.32122724794758
10006363,35.70291006227351
10002986,145.9717333212973
10003048,0
10000709,0
10001302,141.4775480432843
10003074,470.70009371149797
10000733,0
10003107,354.4113691987871
10003056,0
10003054,9.416336906001785
10001008,786.8965300913886
10003117,3338.587845355372
10000719,0
10003062,51.50261991330024
10003064,0
10003109,0
10000718,0
10000721,0
10005227,0
10006641,0
10003106,0
10006644,0
10003087,0
10001001,0
10002558,0
10003553,1032.9829091936917
10000098,0
10003556,188.65984633529942
10001138,0
10003558,31.809444995626045
10001141,0
10001147,0
10001132,0
10002671,124.86736906854928
10001921,0
10002687,33.78598982470383
10001142,0
10002697,0
10001922,0
10002685,0
10002676,22.6306676764118
10001129,0
10002691,0
10001128,0
10006651,0
10001123,1286.2965096170715
10001121,171.85199304308392
10001118,101.34062066799751
10006652,65.4290992769685
10001120,0
10006388,0
10006649,294.06118827754744
10003363,19.451630075806694
10000979,0
10003405,0
10001708,0
10001720,91.24497560971018
10003507,0
10001530,0
10003505,0
10001716,0
10003515,0
10003496,0
10001713,0
10000836,358.42483224194063
10000850,520.952641606506
10000851,288.1498205509348
10000817,106.89125007120838
10002341,22.25702401900465
10000249,0
10000785,43.770314697538275
10003260,33.52834801726137
10000786,0
10000857,0
10005282,0
10006347,0
10002322,54.83753892938897
10000811,0
10002353,1.6667357577562398
10002349,0
10000790,211.7282109844857
10000847,26.2037881191274
10006217,0
10002340,32.017532710588995
10001023,0
10001786,0
10006147,0
10000879,0
10006958,0
10000059,18.861038450014664
10000841,8.064536278651394
10005299,0
10006532,0
10001522,0
10000784,0
10000856,0
10006531,0
10000902,0
10005253,22.535539100223108
10000838,0
10000844,18.41370766398405
10006184,161.63962987449236
10001933,223.19754850188122
10000861,0
10003626,1210.0377334234236
10003624,0
10000821,0
10006576,0
10004210,228.24020810315747
10001775,0
10001161,29.10841924974917
10005272,0
10001025,0
10004165,416.42177964965435
10004193,0
10001752,59.12160417764097
10001156,137.89714448550836
10001778,0
10004226,0
10004190,1529.430024011666
10001771,126.94707032334546
10006580,108.90213494853586
10001776,0
10004170,0
10001763,0
10001749,20.83525735316436
10002638,27.732291593279296
10001750,0
10001769,0
10004213,79.75846323775573
10001784,0
10001782,0
10004181,0
10006584,0
10001802,0
10001799,0
10004146,0
10003601,97.61285708625661
10004153,109.72352899230454
10006586,0
10003607,0
10003602,0
10004219,0
10006591,546.0671356375167
10004215,274.31222393561575
10006593,434.70753664399166
10004125,0
10004134,459.79888029448614
10001794,0
10004139,43.5289582329871
10006585,0
10004118,1125.1655019240382
10004127,127.24375024235822
10001743,26.257383967238155
20000021,0
10001790,65.88885664384156
10003769,0
10004122,13.800089776669905
10002995,432.86738890630494
10001249,0
10002996,0
10001246,7.557301731805966
10001737,0
10003005,0
10001244,0
10001960,269.6881558518406
10003799,0
10003004,0
20000020,59.467939815339946
10003131,0
10002290,287.7082432247637
20000040,823.7749917001311
10003192,151.3050688726512
10002281,0
10003195,31.20652356712425
10002988,0
10002987,37.1790581557449
10006614,232.93507276250077
10003166,0
10003134,32.76216625608016
10003188,94.91728539939443
10003198,152.50740770131176
10002998,0
10003145,43.016161960339964
10001496,0
10003423,271.1953385308307
10003200,0
10000756,0
10003233,1786.6860752816156
10000754,0
10003208,455.4895312831852
10003130,0
10006616,0
10003398,66.94897049391598
10003201,12.328651681197087
10000986,0
10000751,144.2389345046046
10000746,0
10000759,275.6801384315138
10005985,130.64591517645377
10006618,266.0415457765419
10003147,0
10003374,0
10003566,6.737977471933717
10003152,141.35699940905855
10006960,110.49325463573693
10002630,0
10002436,921.2792414534181
10006638,305.78435289664134
10002957,0
10003149,70.56220877667958
10003144,32.275420114510204
10003204,0
10003125,20.437148903119088
10000765,0
10002956,0
10000728,734.9189987738766
10005750,0
10006622,0
10003073,11.142446074461612
10006379,0
10001297,0
10000729,0
10001492,0
10006373,2312.901489791065
10006378,1101.3461616630761
10006642,236.65730029533808
10006375,172.9930534308995
10003561,517.7361744785958
10003554,399.70600298353975
10001303,120.11288428210958
10003557,68.19950709001625
10006364,2890.441185758693
10006640,38.6932938021285
10006376,249.71331916346762
10001721,471.94711154478296
10001928,0
10002670,161.1031195670498
10006639,975.9272163906286
10001925,0
10003052,0
10002668,0
10001137,0
10006654,0
10002658,37.22906430126398
10006653,161.215515489587
10006648,0
10006662,0
10001275,120.1543529256057
10000176,0
10001926,91.69651779857688
10006656,0
10002716,0
10000225,146.37728657631465
10000247,0
10006650,45.698626515773505
10001927,70.7195415222279
10000243,54.65797558951363
10002657,126.44544310451576
10001919,341.9972451771435
10000151,0
10001126,38.96083217449966
10002893,0
10000228,1513.7758515637167
10000212,0
10000178,0
10002917,0
10000157,0
10002862,0
10000242,0
10002759,0
10000200,75.50633043467298
10000155,0
10000204,22.99640761424221
10000183,0
10000213,431.38358034570706
10000241,0
10002885,179.72594109848689
10000180,43.113826352787584
10002845,0
10000224,0
10000251,305.7781763233292
10002817,35.06770013944656
10002713,44.14472097412129
10000195,0
10000223,79.71001073335762
10002897,0
10001286,56.70431181082395
10002723,0
10002803,60.54813800207997
10001979,0
10003468,133.76295016055775
10001706,524.1942439818472
10003546,0
10006657,3365.8594045760187
10002617,28.886237668960284
10006660,273.03553823671746
10003464,1742.8226346600866
10002377,0
10001705,170.93411314821248
10003479,38.937817429519626
10006971,0
10000923,0
10003465,505.51569139410645
10003324,0
10003268,0
10001598,0
10003327,0
10001603,0
10003316,0
10001590,20.359479886115608
10003475,36.36484721565453
10003483,11.84355385292719
10001573,0
10001575,0
10006672,0
10006670,0
10003460,690.6628313410748
10001588,0
10007016,221.61350467040361
10003333,49.07910291734708
10001116,0
10003282,0
10001676,154.40676513017334
10006666,0
10001684,1134.0310376853406
10001677,0
10006992,21.067764625430872
10002506,18.632404496798124
10000987,0
10002479,0
10001690,0
10002491,0
10001687,22.29196366641034
10005990,1139.2862717895857
10006668,0
10001696,0
10002613,88.26098141745058
10000998,0
10002380,0
10002497,2101.5489697574108
10001009,590.3513158206065
10002606,1898.4117700368074
10000995,0
10002531,0
10002589,0
10002569,11.473469020616681
10002568,0
10006146,0
10000041,4.323684763135706
10001108,48.03576594242446
10000053,8.584575935851761
10002471,244.0093333679095
10000055,0
10006189,0
10000056,0
10000025,71.20152596785856
10001879,0
10003787,25.17774774899422
10002425,328.56354097910054
10003781,60.16253568240347
10005640,17.163141016714203
10005978,0
10006349,529.7976807942313
10003774,0
10003773,0
10003352,202.83320473771516
10006611,129.47075641818446
10006610,695.7250602908143
10003412,2091.5798610591223
10003996,433.23701832938025
10006603,19.810629218296974
10004002,1520.2488928528664
10004017,0
10004004,0
10004006,392.25001115571945
10003993,434.4135982845462
10004007,691.2021265063039
10001516,0
10001515,0
10006602,0
10001512,318.0851426513776
10001518,0
10004005,0
10006598,16.831334463647817
10006600,220.86873449902316
10004003,1408.246050164808
10003990,3097.1780126991657
10006601,0
10002305,0
10006604,42.94753145119649
10006608,0
10006607,0
10002300,37.518767153986126
10006609,0
10006599,0
10002298,949.5495561576247
